amount,oldbalanceOrg,newbalanceOrig,oldbalanceDest,newbalanceDest,isFraud
79.47401322443562,6482.488520646974,6403.014507422538,27547.209692030152,27626.68370525459,0.0
278.7223976676115,1914.1851806123875,1635.4627829447759,47057.01675729201,47335.73915495962,0.0
49705.34709354193,49782.09776308147,76.75066953953501,3248.866064812187,52954.21315835412,1.0
2096.097796540102,1152.0407184414046,-944.0570780986975,29982.007203448313,32078.104999988416,0.0
390.6403952478917,19176.44983443634,18785.809439188448,40455.160841152305,40845.8012364002,0.0
521.6860622201292,7899.496921572563,7377.810859352434,1610.7680225186439,2132.454084738773,0.0
3167.6505053767996,13462.414495761503,10294.763990384703,25629.546263364817,28797.196768741618,0.0
5947.375587013861,12211.372341249153,6263.9967542352915,44755.3112865046,50702.68687351846,0.0
3020.113754141812,5997.7692446642895,2977.6554905224775,29797.079786535218,32817.19354067703,0.0
5481.699967301965,4791.29196830149,-690.4079990004757,11083.192154369415,16564.89212167138,0.0
462.4050550090717,19329.39171192724,18866.98665691817,16974.695752997137,17437.10080800621,0.0
106.74097135801607,9962.70147568112,9855.960504323104,27424.179287456223,27530.92025881424,0.0
36.77977569446741,7265.6995323629235,7228.919756668456,45223.69636406438,45260.47613975885,0.0
8321.248326374467,5341.605852801496,-2979.6424735729706,10444.444635742157,18765.692962116624,0.0
786.7110408799737,19735.073360416332,18948.362319536358,11540.889259389081,12327.600300269056,0.0
435.7598214250259,10415.341188506509,9979.581367081482,37001.79724920885,37437.55707063388,0.0
5684.031489903096,18927.20331833894,13243.171828435843,21034.111852046422,26718.14334194952,0.0
28476.151466554627,28548.597508879768,72.4460423251403,9899.2149127494,38375.366379304025,1.0
1838.1643072545291,4045.4442303281057,2207.2799230735764,38147.44392557805,39985.60823283258,0.0
2380.791568992776,12461.336007182337,10080.544438189561,39861.978751140006,42242.77032013278,0.0
2822.513317084913,8534.3459095573,5711.832592472387,46447.336778631165,49269.85009571608,0.0
1229.652636848165,15199.367403078195,13969.71476623003,1413.2350524988847,2642.8876893470497,0.0
1860.9714582654715,708.0674766201739,-1152.9039816452976,16931.984734323418,18792.95619258889,0.0
329.5198031133459,13001.179019852108,12671.659216738763,6976.339027983464,7305.85883109681,0.0
142.3770125252901,7086.085936329521,6943.708923804231,46363.281631570455,46505.65864409575,0.0
5223.325526084158,19658.410321724332,14435.084795640174,45091.91582208355,50315.24134816771,0.0
49914.33068325265,50010.26307370347,95.9323904508201,172.9397576708258,50087.27044092348,1.0
299.9118122416871,6067.738898449122,5767.827086207435,17272.319290275675,17572.231102517362,0.0
1395.0937313164522,6740.314205204139,5345.220473887687,46891.36034961916,48286.45408093561,0.0
843.4683222949203,8170.380355581356,7326.912033286435,40358.98851012455,41202.45683241947,0.0
174.3080506673147,14005.169601512845,13830.861550845531,39447.544827061676,39621.85287772899,0.0
4412.975470970122,4792.141685373688,379.1662144035663,20300.62680941096,24713.60228038108,0.0
3302.9714201509605,13408.411869287365,10105.440449136404,14470.256535220633,17773.227955371593,0.0
1925.3408694861434,12708.066825125625,10782.725955639482,45268.65941312137,47194.000282607514,0.0
1696.6673924200902,6313.931947392834,4617.264554972744,27406.00324909092,29102.670641511013,0.0
4126.283588564117,17511.69398541889,13385.410396854772,29562.145287530704,33688.42887609482,0.0
2799.7984602326837,12594.57955474185,9794.781094509166,33854.09859755541,36653.89705778809,0.0
348.7661477022617,4326.568492913184,3977.8023452109223,48894.799389306325,49243.56553700859,0.0
2232.5788005109384,8453.756073581999,6221.17727307106,15759.364507698192,17991.94330820913,0.0
3323.158816672084,1957.5451209081523,-1365.6136957639317,24801.494712677213,28124.653529349296,0.0
1074.9385471559503,14348.378698508133,13273.440151352183,11746.459651457164,12821.398198613115,0.0
10.0,1445.0525332785353,1435.0525332785353,11547.017961036687,11557.017961036687,0.0
9500.0,13952.972064610534,4452.972064610534,49668.042752737165,59168.042752737165,0.0
20543.053605859834,20575.36248058929,32.308874729456875,7517.170414784834,28060.224020644666,1.0
25766.629677087694,25800.80543731755,34.17576022985668,567.1513828222552,26333.78105990995,1.0
73.3670112226542,3159.2365480744384,3085.8695368517842,23403.27302131156,23476.640032534215,0.0
921.7889523745135,18672.29828565039,17750.509333275877,44223.56567877638,45145.35463115089,0.0
3882.698906350877,19910.719502046395,16028.020595695518,34461.4868181476,38344.18572449847,0.0
2059.3775355004695,15523.53715445057,13464.159618950102,30276.463744563607,32335.841280064076,0.0
1137.6773450865926,3566.095469337553,2428.4181242509603,47031.82754031215,48169.50488539875,0.0
1576.814948607585,18261.072296442726,16684.25734783514,28222.092082690666,29798.90703129825,0.0
350.325488009119,3960.8957823247297,3610.5702943156107,14245.431152088257,14595.756640097376,0.0
1151.0949867297877,9341.616497173227,8190.521510443439,27278.127208387898,28429.222195117683,0.0
2273.641455002,10394.184829976732,8120.543374974732,20256.303666843,22529.945121844998,0.0
2724.4150819374386,16786.971171497287,14062.556089559848,6379.561964368857,9103.977046306296,0.0
2384.28483384761,8529.079518009741,6144.794684162131,35101.78342410711,37486.06825795472,0.0
256.9555349432881,5056.963752094591,4800.008217151302,36415.77552468673,36672.731059630016,0.0
2677.943764735416,9294.236801642703,6616.2930369072865,21300.040525120472,23977.98428985589,0.0
35593.67033937504,35623.4423241809,29.771984805855027,1975.8094435047701,37569.47978287981,1.0
246.3002092088993,8868.415093187275,8622.114883978376,48924.72323358954,49171.02344279844,0.0
49.40682748831045,10369.727127545564,10320.320300057254,19320.77809152906,19370.18491901737,0.0
2101.5061802651135,15022.639266783483,12921.13308651837,28290.899642973403,30392.405823238518,0.0
314.07195892211286,17588.122413352423,17274.05045443031,15228.997354362451,15543.069313284564,0.0
421.28438108822695,14867.928220679152,14446.643839590924,4883.315906306146,5304.600287394373,0.0
2439.396695081679,2737.468187594742,298.0714925130633,46521.17465893889,48960.57135402057,0.0
625.8010955529734,15648.01666118548,15022.215565632507,41723.68717313142,42349.48826868439,0.0
24.462538817942498,5518.626438831864,5494.163900013921,48281.286141879624,48305.748680697565,0.0
1901.7856486258609,19789.725326701428,17887.939678075567,10886.45171235123,12788.237360977091,0.0
36.07120566389812,9483.119437272368,9447.048231608469,2277.5077982676253,2313.5790039315234,0.0
557.2390328228945,9297.036361057908,8739.797328235014,3994.6843895680427,4551.923422390937,0.0
832.2042752609592,4936.910600261035,4104.706325000076,16584.512583669282,17416.716858930242,0.0
2814.085189074098,17007.422615906402,14193.337426832304,4205.504965484286,7019.590154558384,0.0
61.95012420294909,5995.587564261704,5933.637440058755,26118.663198340055,26180.613322543002,0.0
1329.4681645378412,5455.871962492381,4126.403797954539,10698.08654203977,12027.55470657761,0.0
1398.6683644064692,525.0462977726276,-873.6220666338417,37829.6967007065,39228.36506511297,0.0
24167.025730949594,24189.6717913254,22.646060375805973,9277.710984068191,33444.73671501779,1.0
1824.3857008311438,2645.3455619871,820.9598611559563,4117.649516837907,5942.03521766905,0.0
999.0962457673288,3792.2553297251166,2793.1590839577875,40034.64004583655,41033.736291603884,0.0
906.9813731177835,13557.419502481594,12650.43812936381,2178.0340286210007,3085.015401738784,0.0
658.9068558228241,2020.8803949834771,1361.973539160653,20516.879716788546,21175.78657261137,0.0
21820.282984467653,21900.039539721103,79.75655525345064,7026.990328172319,28847.273312639973,1.0
5864.903921885127,12385.80594020424,6520.902018319113,40848.42252374381,46713.32644562893,0.0
705.4734398904734,18974.845962165968,18269.372522275495,27514.776159156478,28220.24959904695,0.0
1522.6712651494634,5332.342636684683,3809.67137153522,10325.6582464892,11848.329511638663,0.0
1827.8100955176483,18998.754577608317,17170.94448209067,9716.317693688714,11544.127789206363,0.0
1594.922631390786,11742.62730404723,10147.704672656444,42022.47908194027,43617.401713331055,0.0
9202.402622790649,5680.868514892138,-3521.534107898511,29460.58617263102,38662.98879542167,0.0
13968.55833992072,13971.16412851928,2.6057885985592293,4769.0542553227515,18737.612595243474,1.0
1664.919614936311,5678.958166993518,4014.0385520572067,42814.966335805846,44479.88595074216,0.0
790.9481188191786,10998.491644480448,10207.543525661269,23521.612383162064,24312.560501981243,0.0
6260.442832817703,4504.6796014547135,-1755.7632313629892,25698.32562613228,31958.76845894998,0.0
2168.4674539304624,7739.782949855179,5571.315495924717,1874.3978434829667,4042.8652974134293,0.0
1420.019300136812,4226.559642477327,2806.5403423405146,21333.699030790238,22753.71833092705,0.0
994.8666148259477,7655.677720431408,6660.8111056054595,45586.885413867676,46581.75202869363,0.0
5286.198369511507,14192.204408642094,8906.006039130587,48445.085855701895,53731.2842252134,0.0
2506.495320377518,3696.4451099154253,1189.9497895379072,37784.088852475994,40290.58417285351,0.0
2706.81387452814,7217.864921184233,4511.051046656094,48433.14565733688,51139.95953186502,0.0
1909.0912569589611,19517.268438037194,17608.177181078234,21817.559715180585,23726.650972139545,0.0
4731.28413648578,11074.849524611043,6343.565388125263,40570.37513503281,45301.65927151859,0.0
3177.2389499084097,7189.020895505475,4011.7819455970653,21521.095404398344,24698.334354306753,0.0
405.2228456645141,4629.044310022181,4223.821464357667,703.9831641445338,1109.2060098090478,0.0
2804.537783224339,9398.178000743766,6593.640217519427,30844.289163040805,33648.826946265144,0.0
2589.1077081207736,19180.597388353366,16591.489680232593,31483.632592994363,34072.74030111514,0.0
3983.557750530425,19247.64276800818,15264.085017477755,3206.762611869163,7190.320362399588,0.0
1320.3227895247508,18542.660512310806,17222.337722786055,28532.20912725224,29852.531916776992,0.0
68.21507971567587,17557.50116830304,17489.286088587363,39764.35223986113,39832.56731957681,0.0
148.96397451132995,8640.241535981018,8491.27756146969,10426.377014959387,10575.340989470717,0.0
1954.1296972434616,17947.57763121037,15993.447933966909,36364.62386197842,38318.753559221885,0.0
5428.622209483917,18443.841228448342,13015.219018964424,23177.611165134287,28606.233374618205,0.0
4236.404695391117,13968.670270233735,9732.265574842619,23414.428383643393,27650.83307903451,0.0
1938.6472866399085,7782.169527335992,5843.522240696084,14796.84838357706,16735.49567021697,0.0
681.1267368730836,9235.447299452704,8554.32056257962,48392.9962040708,49074.12294094388,0.0
3813.3302266565606,15257.389846596741,11444.05961994018,17766.985410977348,21580.31563763391,0.0
2862.784225207454,15260.073479976769,12397.289254769315,9358.65574634735,12221.439971554802,0.0
744.9767008207075,4301.686294223296,3556.7095934025883,1603.1758547270792,2348.1525555477865,0.0
572.1448405788697,967.5212238423677,395.37638326349804,1112.517596316548,1684.6624368954176,0.0
498.89705890635196,16161.824976838257,15662.927917931906,12437.163314559113,12936.060373465465,0.0
9500.0,1498.8737798841084,-8001.126220115892,19188.69651778119,28688.69651778119,0.0
45.45117895508023,14492.446961646447,14446.995782691367,10737.683291254136,10783.134470209216,0.0
6196.206997112613,1571.8429833765304,-4624.364013736083,9986.414005561828,16182.621002674441,0.0
116.49940764779618,4986.647591220763,4870.148183572967,27446.933925933747,27563.433333581543,0.0
6283.821025088229,10534.13676722211,4250.31574213388,8281.002970508567,14564.823995596797,0.0
206.2985573367592,9511.739228763065,9305.440671426306,18300.769379593796,18507.067936930554,0.0
1884.372025833694,5179.00362261081,3294.6315967771166,48000.63286263593,49885.00488846962,0.0
1841.635596915969,14529.669510610933,12688.033913694964,9646.721814639764,11488.357411555733,0.0
38511.40660389616,38545.561415588476,34.15481169231498,357.7469071400785,38869.15351103624,1.0
412.66692710910036,17124.581575072258,16711.914647963156,41313.457493129055,41726.12442023816,0.0
2297.749745154334,15744.706605610163,13446.95686045583,23239.21029687504,25536.960042029375,0.0
2186.7225457521768,13482.422185174662,11295.699639422486,35783.824006128845,37970.54655188102,0.0
2456.7949067850363,6338.750933660579,3881.9560268755426,17560.850981924403,20017.645888709438,0.0
70.57613708405933,6089.8813350969485,6019.305198012889,41554.22036782976,41624.79650491382,0.0
708.4201234713695,16487.428876776597,15779.008753305228,5511.645436061635,6220.0655595330045,0.0
400.4131229672945,9468.868050232273,9068.454927264978,29705.23191377126,30105.64503673855,0.0
9500.0,11837.785449947198,2337.785449947198,17961.55703108615,27461.55703108615,0.0
2375.1180270003024,9036.738807342588,6661.620780342286,34770.357429465286,37145.47545646559,0.0
12291.774436025607,12377.921917259877,86.14748123426943,5987.233410567304,18279.00784659291,1.0
3026.850460258931,11451.092900387786,8424.242440128855,30010.93055309847,33037.7810133574,0.0
237.38604278056917,7368.504013879533,7131.117971098964,20835.433192361492,21072.819235142062,0.0
1518.0260348042013,1983.949785125099,465.9237503208976,40819.88631807853,42337.912352882726,0.0
29736.644871026663,29832.704952027914,96.06008100125109,44.016090037862774,29780.660961064525,1.0
1583.412318337563,4182.968641875661,2599.556323538098,44864.829426664735,46448.2417450023,0.0
1165.110549974567,19675.14498407742,18510.03443410285,16180.473471703539,17345.584021678107,0.0
1085.2977045945922,12274.160037453192,11188.8623328586,21974.625628493184,23059.923333087776,0.0
3159.12854720547,6142.371999333802,2983.2434521283317,6877.605573756984,10036.734120962454,0.0
36.55236081299447,10306.072641278904,10269.52028046591,8668.65783787541,8705.210198688404,0.0
1515.5592238445302,16719.813353610603,15204.254129766074,41992.97863370209,43508.537857546624,0.0
23923.636061606212,23926.95571021676,3.319648610548029,1765.5419224284053,25689.177984034617,1.0
44397.11479763045,44477.10392805733,79.98913042688218,6545.222690109419,50942.33748773987,1.0
1202.11227592557,8694.867235247068,7492.754959321497,37718.79777624548,38920.91005217105,0.0
80.12251424545349,14779.666064801073,14699.54355055562,42436.81638769839,42516.938901943846,0.0
1304.7087830304988,2061.236349314829,756.5275662843303,44224.82673969318,45529.53552272367,0.0
6132.433058149838,10589.32515158684,4456.892093437002,18166.689095813217,24299.122153963057,0.0
592.6736635124685,3156.886019293568,2564.2123557810996,18742.613639840227,19335.287303352696,0.0
1290.9865302943977,5217.590698325113,3926.6041680307158,13953.013858996826,15244.000389291225,0.0
255.36078309129363,2441.8044140305637,2186.44363093927,31197.278738069417,31452.639521160712,0.0
1685.0462407622738,7681.761619286336,5996.7153785240625,38889.57902098452,40574.6252617468,0.0
955.3806895597999,4824.7000927041545,3869.3194031443545,13536.686621086625,14492.067310646424,0.0
450.9261088732207,2959.684331314965,2508.7582224417447,44498.293437334076,44949.2195462073,0.0
83.25951958869041,4468.930040794479,4385.670521205789,24907.53601255742,24990.79553214611,0.0
522.6116249677809,18271.16541621997,17748.55379125219,30484.678468701924,31007.290093669704,0.0
2753.5546258738786,16731.625313187204,13978.070687313324,11449.359265015584,14202.913890889464,0.0
1087.551786994988,17895.449846325602,16807.898059330615,3767.74481144459,4855.296598439578,0.0
3245.4547788359832,6531.822374985347,3286.3675961493636,32820.65671148365,36066.111490319636,0.0
4656.891361735264,19351.31743693461,14694.426075199346,13935.685757057448,18592.577118792713,0.0
357.3535849091114,8318.92137042286,7961.567785513749,33056.52934128584,33413.88292619495,0.0
1431.3138256088905,13569.952532865005,12138.638707256116,22558.200184379795,23989.514009988685,0.0
2607.5176038695136,12860.844505732617,10253.326901863104,37906.46032484224,40513.977928711756,0.0
501.98594773341,10014.053807946386,9512.067860212976,46608.085960681616,47110.071908415026,0.0
1619.963372815338,8658.475085408794,7038.511712593456,38703.0853473058,40323.048720121136,0.0
822.5838287374609,8550.368256298676,7727.784427561215,10573.516002487326,11396.099831224787,0.0
412.86421321511307,3041.886035843678,2629.021822628565,17228.095399393766,17640.95961260888,0.0
1095.768371042928,9133.350590275937,8037.582219233009,415.24205616648715,1511.0104272094152,0.0
45862.15872385749,45955.54542784262,93.38670398513204,175.89916212524594,46038.05788598273,1.0
31633.319412864264,31716.816820200755,83.49740733649014,3283.577851330193,34916.89726419446,1.0
105.59055619954937,3423.2304383192236,3317.6398821196744,36832.83676093953,36938.427317139074,0.0
5239.469385408418,12967.808610584123,7728.339225175705,15982.40137938124,21221.87076478966,0.0
3276.396642338703,6634.458851574296,3358.0622092355934,29055.31223489482,32331.708877233523,0.0
7361.27995578019,5240.92834324204,-2120.35161253815,8233.513125365254,15594.793081145444,0.0
2584.6727373805884,8065.067288770394,5480.394551389805,5428.157235140468,8012.829972521056,0.0
219.87450008131083,17160.790509850765,16940.916009769455,14716.087211561795,14935.961711643105,0.0
246.7607844799521,6412.785784962885,6166.025000482933,34699.60541946378,34946.36620394373,0.0
46400.99869026838,46498.76022702076,97.76153675237583,9075.757039632663,55476.755729901044,1.0
1415.4450075426903,9572.911859880505,8157.466852337815,13005.799150769959,14421.24415831265,0.0
2016.2290720818241,776.8343721986122,-1239.394699883212,24404.613013248792,26420.842085330616,0.0
78.36823348751211,7422.79768965681,7344.429456169298,14804.104456772515,14882.472690260027,0.0
1499.0102293170062,3662.5757619536093,2163.565532636603,5677.7271921746915,7176.737421491698,0.0
12581.619539657839,12592.816836706537,11.197297048698601,5910.620780489892,18492.240320147732,1.0
36614.69235030313,36689.38271583868,74.69036553554906,4719.379285564587,41334.07163586772,1.0
2065.4051754475945,14471.287121522255,12405.88194607466,12025.602120276846,14091.007295724441,0.0
583.652064757029,17742.780891614606,17159.128826857577,20066.272197061196,20649.924261818225,0.0
10844.09902411256,10889.780656733192,45.68163262063172,3387.4449424367212,14231.543966549281,1.0
6028.957573174412,9561.444634680718,3532.4870615063064,7481.836075446336,13510.793648620747,0.0
4180.106221785574,6146.862741079179,1966.7565192936045,25407.865328007378,29587.97154979295,0.0
2995.909006687174,11870.562266958012,8874.653260270838,27268.142606682082,30264.051613369258,0.0
1194.728197730114,10904.311454294799,9709.583256564685,21437.570417067713,22632.298614797826,0.0
220.6445387597513,9699.248033122049,9478.603494362298,11126.489124944288,11347.133663704039,0.0
2381.2854655986835,9330.083703044373,6948.79823744569,26605.556691850186,28986.84215744887,0.0
3956.5285417431437,16715.691555253827,12759.163013510683,44656.93591897167,48613.464460714815,0.0
3352.2348784998458,11135.845029128404,7783.610150628559,37419.817810487155,40772.052688987,0.0
2678.191064746801,19294.44439316952,16616.253328422717,214.08789180518139,2892.2789565519824,0.0
713.0573178336336,12182.436839503673,11469.379521670038,38710.77790831794,39423.835226151576,0.0
758.9315322466583,7659.889381410197,6900.957849163538,48794.66689479494,49553.598427041594,0.0
2987.806330962544,11301.863810165432,8314.05747920289,39468.98167309622,42456.78800405876,0.0
1235.0911640267434,4349.37280774558,3114.2816437188367,36187.31927038928,37422.41043441602,0.0
1408.9589115417202,6675.344942330057,5266.386030788337,42498.78835547978,43907.7472670215,0.0
449.5700651715701,7978.922992462551,7529.352927290981,12240.448070606668,12690.018135778239,0.0
1211.655262173857,5968.873762821079,4757.218500647223,34713.737321793145,35925.392583967005,0.0
912.5544364416941,14525.281411228721,13612.726974787027,411.15656944457623,1323.7110058862704,0.0
3663.4299643378477,15221.184525808481,11557.754561470634,6114.436059029977,9777.866023367824,0.0
93.64247855590969,13992.583583698544,13898.941105142634,6411.497365188707,6505.139843744616,0.0
498.06664630656746,6733.215213978362,6235.148567671795,5174.8751796783845,5672.941825984952,0.0
530.431285931699,2563.0321453195797,2032.6008593878807,2013.9081367693934,2544.339422701092,0.0
2390.8209137857707,8650.689667384815,6259.868753599045,35139.14385829875,37529.96477208452,0.0
1255.3991122923592,7987.003438127967,6731.604325835608,86.24110549203535,1341.6402177843945,0.0
4239.104690429634,11264.354359765199,7025.249669335565,15125.19801757058,19364.302708000214,0.0
1866.5265313898346,504.73722147299827,-1361.7893099168364,1117.3394213428667,2983.8659527327013,0.0
349.2439916158676,17923.92437821952,17574.68038660365,38169.062989178135,38518.306980794005,0.0
1728.7034827053249,10605.011777559157,8876.308294853832,218.69911415046684,1947.4025968557917,0.0
2074.287705655778,3670.0578389378325,1595.7701332820543,40520.097042949164,42594.38474860494,0.0
213.7742441087273,2630.9491846791184,2417.1749405703913,4943.316922800734,5157.091166909461,0.0
2232.6471598570124,10074.885372043746,7842.238212186733,20913.204045128787,23145.8512049858,0.0
2006.9725479153192,9457.20128408215,7450.2287361668305,26488.745762839928,28495.71831075525,0.0
553.8636697766027,6394.395659680746,5840.531989904143,24262.662729661344,24816.526399437946,0.0
1620.9965982312413,1232.5414761076215,-388.45512212361973,41699.53810495482,43320.534703186066,0.0
249.32205761069548,12643.454889360812,12394.132831750116,14673.928867950719,14923.250925561415,0.0
128.8510680513687,6114.714834817771,5985.863766766402,29632.93239427233,29761.7834623237,0.0
888.5642448186694,14707.99555745915,13819.43131264048,20201.005143140676,21089.569387959345,0.0
1033.294627976234,14351.854263890478,13318.559635914244,25494.49741028051,26527.792038256743,0.0
18632.875652098985,18689.93093759398,57.0552854949965,5718.9896766037,24351.865328702683,1.0
1058.7548646671546,1532.250743591956,473.49587892480145,41082.329858225006,42141.08472289216,0.0
759.8909772532581,14482.434804788541,13722.543827535283,34221.63447907994,34981.5254563332,0.0
5076.476151424075,17928.596661357926,12852.120509933851,21038.010388823037,26114.48654024711,0.0
169.6975011606241,16954.350841336967,16784.653340176344,17221.402310859412,17391.099812020035,0.0
2862.5061336552476,1236.7978786157537,-1625.708255039494,34058.62752197524,36921.13365563049,0.0
2939.2958808914705,9620.552011437443,6681.256130545973,43705.18980331054,46644.48568420201,0.0
952.978786054777,18295.39224953405,17342.41346347927,40681.39401114901,41634.37279720379,0.0
5164.497342711352,17194.995628895875,12030.498286184524,45343.64159095264,50508.13893366399,0.0
1197.6536547997289,10799.690604248945,9602.036949449215,28132.705983565458,29330.359638365186,0.0
6217.1161260446,3712.2524735807037,-2504.863652463896,11061.075709114959,17278.19183515956,0.0
42.997728320522626,18755.17931024443,18712.18158192391,8341.911721041733,8384.909449362256,0.0
3651.4362216368854,19730.447547032047,16079.01132539516,37875.491140925296,41526.92736256218,0.0
157.4365793759157,17022.28653794213,16864.849958566214,47844.42213164831,48001.85871102422,0.0
1968.2524115640226,8391.764549418818,6423.512137854796,23428.99021875695,25397.242630320972,0.0
1295.7491278756465,5164.616216667266,3868.867088791619,49317.78977528705,50613.5389031627,0.0
374.3667847223361,11885.2362125063,11510.869427783962,27998.207357292158,28372.574142014495,0.0
28466.188377798313,28553.810707111475,87.62232931316248,3805.6613294721633,32271.849707270478,1.0
8917.123290037556,14531.38905867598,5614.265768638425,38418.249634630025,47335.37292466758,0.0
2175.506150204313,2584.937355406517,409.4312052022037,24928.460848177765,27103.96699838208,0.0
3861.684754346913,17534.33373642823,13672.648982081319,31056.264954541453,34917.949708888365,0.0
611.006111532981,12287.53515403996,11676.52904250698,20396.768552714817,21007.774664247798,0.0
4803.253533429852,3051.4260463019855,-1751.8274871278663,47017.418883509585,51820.67241693944,0.0
4736.475350956181,8517.314561359748,3780.8392104035674,45145.05055816855,49881.52590912473,0.0
1024.4913189580448,16483.70155421895,15459.210235260907,440.74166472363174,1465.2329836816766,0.0
3977.0591433164454,1960.4689190386828,-2016.5902242777627,29421.67782082124,33398.736964137686,0.0
464.05531982620613,11217.634871567681,10753.579551741475,27648.77930087199,28112.834620698195,0.0
846.8270689879257,8794.45167726468,7947.624608276755,2720.5063875088977,3567.3334564968236,0.0
522.7524823945714,15883.822277834406,15361.069795439835,20785.565457492416,21308.317939886987,0.0
2323.2272893199765,9088.474127792899,6765.246838472922,45733.25537118747,48056.48266050745,0.0
2503.755232338851,10875.69306679122,8371.937834452368,48467.48072099126,50971.23595333011,0.0
26007.73252020334,26064.999578522453,57.26705831911386,3381.1577165956273,29388.890236798965,1.0
1071.6909028020184,13904.103297371434,12832.412394569415,23671.05653167228,24742.7474344743,0.0
1481.8601554042714,2978.5009685294376,1496.6408131251662,42453.543745174604,43935.40390057887,0.0
601.0657813564949,17124.505446691357,16523.439665334863,21568.272819400096,22169.33860075659,0.0
2457.877075312436,19249.24374512437,16791.366669811934,19566.641823309634,22024.51889862207,0.0
939.5931558405343,10365.553102854681,9425.959947014147,18444.12607779446,19383.719233634994,0.0
399.79000823273145,4934.723710108821,4534.93370187609,44711.402137012345,45111.19214524508,0.0
47257.42683486662,47277.00933975214,19.582504885518574,8793.264990158235,56050.69182502486,1.0
48.47527601850073,12375.482665512605,12327.007389494105,18079.51332101548,18127.988597033982,0.0
2198.4104741311667,10546.248409695167,8347.837935563999,23220.145316032296,25418.555790163464,0.0
1721.7115141848146,9862.631322948277,8140.919808763462,30434.438026465898,32156.149540650713,0.0
9991.567061765621,10009.253382975014,17.68632120939219,800.4132409144061,10791.980302680027,1.0
934.4208011013524,6329.059926917498,5394.639125816146,14683.82066792181,15618.241469023162,0.0
278.70959114791276,19622.640281498967,19343.930690351055,10749.61117941956,11028.320770567472,0.0
42224.59733704273,42288.694469454946,64.0971324122147,3901.132134339331,46125.72947138206,1.0
38753.32533784631,38805.87426086725,52.548923020935035,3822.5591465640464,42575.88448441036,1.0
191.27389308063889,19510.63331979958,19319.359426718944,30051.293874434497,30242.567767515135,0.0
377.072360106581,4141.293384898734,3764.221024792153,16453.140845045476,16830.213205152057,0.0
5642.166294546606,19591.120895437514,13948.95460089091,27304.94040016454,32947.10669471115,0.0
4734.344948432618,16709.29319925388,11974.94825082126,12116.49057268695,16850.835521119567,0.0
707.8323661283407,10523.600979779454,9815.768613651113,10534.395851515072,11242.228217643413,0.0
1536.1568688241798,1497.7273756867803,-38.429493137399504,1317.3666096958802,2853.52347852006,0.0
2328.771767115938,15866.685416712931,13537.913649596994,4533.104425466916,6861.876192582854,0.0
630.1002134103379,10960.002470060594,10329.902256650255,43842.929151308585,44473.029364718925,0.0
1229.130549272837,18899.52173456105,17670.391185288216,19782.341059835624,21011.471609108463,0.0
2424.4466297154763,11471.780746603477,9047.334116888002,12265.524899298996,14689.971529014472,0.0
4289.707090303628,18802.275671927644,14512.568581624015,22271.68376430151,26561.39085460514,0.0
486.2360068598067,12314.987895999919,11828.751889140112,17953.53895215756,18439.774959017366,0.0
460.55603791180704,9903.391991577868,9442.835953666061,46106.56627647052,46567.12231438233,0.0
388.4515400467345,14968.91012696036,14580.458586913624,15725.878610455264,16114.330150501999,0.0
576.0119782531672,11806.676732930637,11230.66475467747,9540.474572315356,10116.486550568523,0.0
2063.2780034401776,18701.55597695737,16638.277973517193,38980.432127123255,41043.710130563435,0.0
1750.2534522228946,14551.43517772743,12801.181725504535,39046.658989524716,40796.91244174761,0.0
2386.3108168798267,10337.807019069298,7951.496202189472,35401.18919989559,37787.50001677542,0.0
1612.5053389743548,12476.582617698516,10864.07727872416,680.2197725334136,2292.7251115077684,0.0
1708.8542883973394,3041.24844686055,1332.3941584632105,34687.896017453764,36396.75030585111,0.0
4342.72331744854,14156.783832898105,9814.060515449564,18418.7253792367,22761.448696685242,0.0
4492.237024931178,11840.98233807023,7348.745313139051,32811.39952044033,37303.63654537151,0.0
415.0619883105383,13546.543548680484,13131.481560369944,5129.228016551041,5544.290004861579,0.0
1342.17099901772,17691.88930892051,16349.718309902788,48970.993656892606,50313.164655910325,0.0
10.148874103594006,17455.906600392107,17445.757726288513,1422.8695921961244,1433.0184662997183,0.0
28008.593529766094,28079.429423369962,70.83589360386759,6901.313479368921,34909.907009135015,1.0
360.2036023015098,4003.198750129167,3642.995147827657,1042.2619903850405,1402.4655926865503,0.0
6627.470952260411,9409.317398876703,2781.8464466162923,49208.247974160746,55835.718926421156,0.0
1145.850790182224,2142.1537179534175,996.3029277711935,3836.3685964102947,4982.219386592518,0.0
2711.858032418981,4130.21819704837,1418.3601646293887,46536.28972726986,49248.14775968884,0.0
4136.900792250696,5841.339977283123,1704.4391850324264,46613.39194190836,50750.292734159055,0.0
5826.393854798992,9934.03948336453,4107.645628565538,37849.73797448278,43676.13182928177,0.0
235.2923957685293,16348.291633941248,16112.999238172719,15559.622217718827,15794.914613487355,0.0
581.1668947327032,9143.442108761761,8562.275214029058,2117.4873738207143,2698.6542685534178,0.0
329.9952525006076,18207.63189766716,17877.636645166553,3830.9906964824336,4160.985948983041,0.0
47643.761393071436,47718.769800566304,75.00840749486815,8731.592873828264,56375.354266899696,1.0
6345.798703188005,1166.4239863012046,-5179.3747168868,32729.24000957301,39075.038712761016,0.0
2017.9875890680314,14113.28001962871,12095.29243056068,672.2021991708127,2690.189788238844,0.0
6939.671328983502,16922.777752025733,9983.10642304223,16354.575300081931,23294.246629065434,0.0
3479.907912785409,3230.873836617466,-249.03407616794266,34826.951119394646,38306.85903218005,0.0
3435.0218124098756,16946.84201632646,13511.820203916584,7158.2353888789585,10593.257201288834,0.0
1116.439493784204,1185.6053802882861,69.16588650408221,26555.471127207777,27671.91062099198,0.0
5951.101281159521,5029.330613414765,-921.7706677447559,2025.0343240959755,7976.135605255497,0.0
5720.018662987776,8669.193070686946,2949.17440769917,47640.19241245866,53360.21107544644,0.0
339.68313272920324,9358.279125028292,9018.595992299088,28718.4862119507,29058.169344679904,0.0
2817.498295077167,2440.1460430228108,-377.3522520543561,25595.1060634812,28412.604358558365,0.0
994.6982593233696,12467.305406103073,11472.607146779703,1828.49061814791,2823.1888774712797,0.0
95.12769951281709,2865.4084611079156,2770.2807615950987,33611.707490030254,33706.83518954307,0.0
767.9948482862944,13905.018788346913,13137.023940060619,22805.269975860632,23573.264824146925,0.0
642.4267660938033,1266.1929304385028,623.7661643446995,20982.737242950254,21625.164009044056,0.0
2930.5661804125216,3685.4117699915514,754.8455895790298,29842.843039224546,32773.40921963707,0.0
389.8671404496454,7680.877094205095,7291.00995375545,13728.615777551078,14118.482918000724,0.0
1640.3269142757495,9132.527188364998,7492.200274089249,48476.32616620034,50116.65308047609,0.0
807.5062481257752,3434.6622124154183,2627.155964289643,32996.21476295299,33803.72101107877,0.0
567.993939988741,4582.2937879899255,4014.2998480011847,45876.2363615174,46444.23030150615,0.0
136.57876114710152,14226.76500717305,14090.186246025947,43056.51215223906,43193.090913386164,0.0
222.76025532631954,1426.5962655386525,1203.836010212333,7294.462324164364,7517.2225794906835,0.0
6752.950205462651,16976.53235681578,10223.58215135313,22626.68220146503,29379.63240692768,0.0
3453.9656795657957,14468.344197782548,11014.378518216752,36799.224437853976,40253.19011741977,0.0
2761.489247534796,11224.590234485353,8463.100986950558,5189.096408833593,7950.585656368389,0.0
4109.006644285871,3153.0965714170375,-955.9100728688331,33136.12116840889,37245.127812694765,0.0
493.6321270750408,3548.4630486603523,3054.8309215853114,42636.49826392738,43130.13039100242,0.0
27.918225128475253,3339.760401246303,3311.842176117828,26243.86090027912,26271.779125407596,0.0
1809.546477920762,16101.060955051742,14291.51447713098,28683.329877450487,30492.87635537125,0.0
1115.3681583568628,5627.022828826867,4511.654670470005,24237.067869984603,25352.436028341464,0.0
7005.053845758964,6600.266851722291,-404.7869940366727,42650.677949396275,49655.73179515524,0.0
20584.668396637127,20594.27599420096,9.607597563834133,6408.91664837207,26993.585045009197,1.0
8378.347978241412,3747.501013196765,-4630.846965044648,32218.285024628367,40596.63300286978,0.0
5377.321951137103,19417.279285159428,14039.957334022325,29191.66363127113,34568.98558240823,0.0
1875.6788560754667,9191.73150760595,7316.052651530483,43842.3887077056,45718.067563781064,0.0
139.2488145146022,10231.205371629585,10091.956557114983,49403.397098057496,49542.6459125721,0.0
978.1518846299006,14727.32966008918,13749.17777545928,3773.895721201448,4752.047605831349,0.0
3185.9621166212814,13902.01858605599,10716.056469434709,858.6495331184774,4044.611649739759,0.0
506.16413546370677,16974.849665504917,16468.68553004121,39924.798180195656,40430.96231565936,0.0
1482.117289570887,13097.915409883622,11615.798120312735,42220.28061460329,43702.39790417418,0.0
83.45442543513062,14448.785055318145,14365.330629883014,23695.988045559596,23779.442470994727,0.0
9500.0,4393.559891792611,-5106.440108207389,16068.497787043518,25568.497787043518,0.0
467.67736767886373,6974.013691294744,6506.33632361588,28713.51901285436,29181.196380533227,0.0
4198.649622582847,19787.9437226203,15589.294100037454,26440.26090783832,30638.91053042117,0.0
5460.45412460405,14087.512522304654,8627.058397700604,22164.299303961976,27624.753428566026,0.0
2228.8294456557037,12722.651286264456,10493.821840608753,4038.9606937171807,6267.790139372884,0.0
35398.471799430205,35459.49669725919,61.02489782898192,5953.195457828951,41351.667257259156,1.0
1568.564764355527,19609.13122348643,18040.566459130903,43387.369504086535,44955.93426844206,0.0
1666.3374842959167,6043.621637361457,4377.2841530655405,16933.980222851547,18600.317707147464,0.0
1473.3458524055131,19935.323919726256,18461.978067320742,24412.056471671527,25885.40232407704,0.0
1646.2291619602943,12402.333165742995,10756.1040037827,29169.3116163874,30815.540778347695,0.0
1012.2849789501769,4250.157569294835,3237.8725903446584,18039.420053936334,19051.70503288651,0.0
893.1700484154894,926.0108837309352,32.840835315445815,33859.53618363277,34752.70623204826,0.0
3497.149546569796,17859.30307581384,14362.153529244046,33669.57895579154,37166.72850236134,0.0
135.17987097894866,2972.635082971821,2837.455211992872,46207.39745683495,46342.5773278139,0.0
1473.684185391598,9653.979812003854,8180.2956266122565,24745.580238833027,26219.264424224624,0.0
168.0262520134339,2454.7067202180324,2286.6804682045986,3430.049244757283,3598.0754967707167,0.0
2867.7752524789257,15250.796215783781,12383.020963304854,11589.513880828983,14457.28913330791,0.0
1564.814166415492,1215.9023979197996,-348.9117684956925,32691.498191383882,34256.312357799376,0.0
13550.732645985052,13577.453373660708,26.720727675656235,533.7549417726084,14084.48758775766,1.0
5271.04691466378,11850.36755692236,6579.32064225858,48349.25090140187,53620.29781606565,0.0
3998.5063837139287,15440.06348086417,11441.557097150242,8080.803036514872,12079.309420228801,0.0
217.04789954796513,9554.46902350548,9337.421123957516,44014.56315067151,44231.61105021947,0.0
1276.3327693115189,6178.854712276384,4902.521942964865,28089.8926331069,29366.225402418422,0.0
566.4735769140939,8024.259213304127,7457.785636390034,36200.43960807769,36766.91318499179,0.0
4932.328425225931,678.7282285844215,-4253.60019664151,20343.20537696499,25275.53380219092,0.0
179.10174212781587,18454.750795567306,18275.64905343949,10753.573573252623,10932.675315380438,0.0
200.43844572750686,7832.814926628551,7632.3764809010445,479.2820072197279,679.7204529472348,0.0
40929.982834209906,40930.5040860576,0.5212518476910191,5674.392512644729,46604.375346854635,1.0
999.5098296115927,4368.996973274473,3369.48714366288,13931.41665448785,14930.926484099442,0.0
2852.763737786412,1076.0683879241187,-1776.6953498622934,36802.70072413948,39655.46446192589,0.0
806.8488975484607,10507.789528642466,9700.940631094005,34730.380581336416,35537.229478884874,0.0
917.5442825792068,16137.322080304468,15219.77779772526,23893.86528265288,24811.409565232087,0.0
38089.22010772966,38146.86609337559,57.645985645925975,14.257282875326238,38103.47739060499,1.0
1926.003668117104,1450.9432168562382,-475.0604512608659,48114.57708362934,50040.58075174644,0.0
4223.5807415098825,6752.923717360429,2529.3429758505463,39874.44888565086,44098.029627160744,0.0
5329.936026365574,14081.890077799339,8751.954051433764,18954.336152442607,24284.272178808184,0.0
834.8157628215953,694.4000773231106,-140.41568549848466,17045.82045960452,17880.636222426117,0.0
2233.7744914522586,14545.224516974215,12311.450025521955,48715.8818602207,50949.65635167296,0.0
3486.5033776224623,15442.929386818552,11956.42600919609,20803.511777664004,24290.015155286466,0.0
1386.7454202861677,4714.648340062954,3327.9029197767863,16803.919387111902,18190.66480739807,0.0
1230.3243218338464,2700.390618079246,1470.0662962453996,417.4868756884831,1647.8111975223296,0.0
547.7211042841541,4435.00149092291,3887.280386638756,12011.358319777266,12559.07942406142,0.0
2490.5415317052366,3128.3228058900427,637.7812741848061,20474.813917277592,22965.355448982828,0.0
486.77272395608315,11526.39913844511,11039.626414489027,38805.82992067503,39292.602644631115,0.0
2176.2128320872202,14454.893235876367,12278.680403789147,27045.990664364934,29222.203496452155,0.0
1687.427112772286,14879.913107828881,13192.485995056595,31538.986655246597,33226.41376801889,0.0
3952.5868068256073,13463.751292314768,9511.16448548916,34700.99729122827,38653.58409805388,0.0
10.0,1911.3396672853883,1901.3396672853883,6104.271082561635,6114.271082561635,0.0
4807.615461568677,18329.63863199643,13522.023170427752,38927.651275927106,43735.26673749578,0.0
2934.510668860755,19163.588372001002,16229.077703140247,29504.66997440039,32439.180643261145,0.0
634.7602237087439,3085.7778195628157,2451.0175958540717,19072.054105280444,19706.81432898919,0.0
159.72791472624922,3568.8810399429176,3409.1531252166683,27729.03357678122,27888.76149150747,0.0
24837.607481397783,24889.64470304188,52.03722164409555,5373.564047728871,30211.171529126652,1.0
354.94730820097675,4044.3901563432873,3689.4428481423106,21586.64119214246,21941.588500343434,0.0
2445.535744738922,6082.051189972072,3636.5154452331503,47925.813750130284,50371.34949486921,0.0
3085.48143576624,3651.9350287995403,566.4535930333004,40750.38884918788,43835.87028495412,0.0
578.0362845575456,10133.22757668646,9555.191292128915,44203.505470786564,44781.54175534411,0.0
1489.5689994642,12335.975767348176,10846.406767883976,35407.36672992786,36896.93572939206,0.0
6050.109024877095,17023.423551232652,10973.314526355556,11751.439355906685,17801.54838078378,0.0
1737.8047675705438,12283.936186518838,10546.131418948295,32543.941874788863,34281.74664235941,0.0
272.9693334586245,3032.21176164868,2759.2424281900553,46727.903627164094,47000.87296062272,0.0
1148.936685985619,14679.058339197587,13530.121653211969,20682.23774226991,21831.17442825553,0.0
769.3072667700777,13911.499524131828,13142.19225736175,39685.87128926061,40455.17855603069,0.0
622.8369344514491,18782.2315794431,18159.39464499165,36441.10900463727,37063.94593908872,0.0
10.0,13584.006834972806,13574.006834972806,39991.47270249508,40001.47270249508,0.0
82.23890830146617,7712.828200138435,7630.589291836969,2442.0811660371965,2524.320074338663,0.0
2780.121276197348,5289.815693951883,2509.694417754535,21026.884503443827,23807.005779641175,0.0
1077.4368453275397,15189.602171645512,14112.165326317972,11678.954156093312,12756.391001420852,0.0
1027.9152842937126,8049.044924937392,7021.1296406436795,39195.61902936168,40223.53431365539,0.0
491.52629844849656,19428.026541980475,18936.500243531977,10862.870024693228,11354.396323141724,0.0
304.4362450926456,7669.331898152613,7364.895653059967,49438.02029471309,49742.45653980574,0.0
446.6627485156944,17684.38829279685,17237.72554428116,559.9652627852058,1006.6280113009002,0.0
638.3716973474793,3452.5036567536586,2814.1319594061792,22064.39013999717,22702.76183734465,0.0
36.5805866331303,928.7371797668104,892.1565931336801,35844.20877986387,35880.789366496996,0.0
167.1545911295196,14030.335175403694,13863.180584274174,17060.103619607675,17227.258210737193,0.0
22548.834751242495,22599.11912230681,50.284371064313746,5998.679731550472,28547.51448279297,1.0
972.5838641973871,19350.76973035998,18378.185866162596,12645.590277814355,13618.174142011743,0.0
5571.452603967907,5536.154978799688,-35.297625168218474,581.3300642683316,6152.782668236238,0.0
3718.5225166839623,12331.031805753524,8612.509289069561,25786.809418702243,29505.331935386206,0.0
2151.2995646350714,13550.731689141281,11399.43212450621,27188.122795932784,29339.422360567856,0.0
932.1292705875123,3983.2630967088403,3051.1338261213277,27051.514453140575,27983.643723728088,0.0
998.7749940800476,17744.696845440107,16745.92185136006,39520.3737941494,40519.148788229446,0.0
601.7054080436526,1944.4606906037309,1342.7552825600783,2139.163412363393,2740.868820407046,0.0
919.1529071062944,932.9548532630812,13.801946156786812,36337.02826146598,37256.18116857228,0.0
427.10196199019015,13413.527087427065,12986.425125436874,4553.309104109049,4980.411066099239,0.0
185.0749380101596,11722.26986014665,11537.194922136492,31722.656987780152,31907.73192579031,0.0
2565.360835090209,1599.4461501380158,-965.9146849521933,30203.605029953178,32768.965865043385,0.0
1134.1430336046226,1001.9769900707158,-132.16604353390676,20969.491898419466,22103.634932024088,0.0
1228.452110684271,13271.35153906277,12042.8994283785,27591.41121117925,28819.86332186352,0.0
19135.92857092183,19147.509059856573,11.58048893474188,1580.6130029164933,20716.541573838324,1.0
1057.9412054399709,9622.147034728114,8564.205829288143,30652.60129347393,31710.5424989139,0.0
953.1513113094144,9907.260231097212,8954.108919787797,10521.024187075911,11474.175498385326,0.0
5449.366698870503,16472.592860464913,11023.22616159441,32671.596208718107,38120.96290758861,0.0
5195.752426108234,19636.97501770496,14441.222591596726,18620.03330176781,23815.785727876042,0.0
37754.210324722895,37774.19241675703,19.982092034137168,8130.5120714330815,45884.72239615598,1.0
1692.0253184751257,14425.986354647392,12733.961036172266,9920.03646228582,11612.061780760945,0.0
3458.702739076272,1267.5566564847252,-2191.1460825915465,15829.817420632337,19288.52015970861,0.0
18.750864328912314,4534.001570734612,4515.2507064057,12191.954984797021,12210.705849125934,0.0
385.6440572771043,15906.623374443036,15520.979317165931,11170.627246481252,11556.271303758356,0.0
1832.6842069838267,6409.782342914482,4577.098135930655,46634.09511802511,48466.77932500893,0.0
3555.1116925828464,10091.581209486063,6536.469516903217,23231.353543427223,26786.46523601007,0.0
2527.9056180729667,3656.964396020989,1129.0587779480225,27120.50643391543,29648.412051988398,0.0
1067.3326679182042,1970.5374318593713,903.2047639411671,19647.940331834114,20715.272999752317,0.0
2209.1191973635673,4628.430256885432,2419.3110595218645,36582.295195994404,38791.41439335797,0.0
498.21611989691564,4009.9925239083937,3511.776404011478,14909.864907546471,15408.081027443386,0.0
930.9622188253594,18337.61191018938,17406.64969136402,614.533057783545,1545.4952766089045,0.0
1168.7488398079504,16003.921183032699,14835.172343224749,12073.211409960804,13241.960249768756,0.0
1560.4835761790255,1965.2875869629381,404.80401078391264,30720.50046585829,32280.984042037315,0.0
731.2976661739705,9462.838709950975,8731.541043777004,35507.25187982517,36238.54954599914,0.0
41200.796269587765,41207.64886834747,6.852598759702232,8838.572635999593,50039.368905587355,1.0
1617.9558578874482,17346.114667735208,15728.15880984776,21176.20461505113,22794.16047293858,0.0
1735.4116910589348,14196.775061071674,12461.36337001274,43830.26391852992,45565.675609588856,0.0
741.5676594319272,1845.3051698539596,1103.7375104220323,5580.15997259459,6321.727632026517,0.0
40490.20322073171,40519.34344736054,29.140226628827804,9830.164307061485,50320.36752779319,1.0
1067.651810951491,6578.2147691098335,5510.562958158343,8646.12488136306,9713.77669231455,0.0
1935.8660574779544,15160.064189945193,13224.198132467238,450.2832132237622,2386.1492707017164,0.0
351.6108149065415,871.3464808486906,519.7356659421491,21314.045312726743,21665.656127633283,0.0
2358.5137282053947,2440.176410522444,81.66268231704908,18500.17702875157,20858.690756956963,0.0
1414.734199117264,11193.818266467279,9779.084067350015,32212.070041299095,33626.80424041636,0.0
2422.3043366700917,6992.529815766279,4570.225479096187,36287.94377266378,38710.24810933387,0.0
3027.1243838618066,6013.926412671923,2986.802028810116,11709.721280840646,14736.845664702452,0.0
271.5121049896745,940.1090831821318,668.5969781924573,2602.6199183653566,2874.1320233550314,0.0
3050.4307866758913,4981.607814954454,1931.1770282785624,22105.187310388945,25155.618097064835,0.0
2202.5310064107402,14091.753771718128,11889.222765307388,196.46607111089008,2398.99707752163,0.0
82.18156755093483,14857.45802627672,14775.276458725784,46535.56111662718,46617.74268417811,0.0
968.6634847174225,13648.72468715048,12680.061202433057,43857.74501855971,44826.40850327713,0.0
1047.0930804973336,13540.688461771368,12493.595381274034,42003.8579843862,43050.951064883535,0.0
76.59015140540455,17756.07156347685,17679.481412071444,548.2958028223628,624.8859542277673,0.0
1817.1942600818131,14512.772943458815,12695.578683377002,25987.124321863364,27804.31858194518,0.0
2682.253571705317,16565.979441680953,13883.725869975635,10774.099139278731,13456.352710984047,0.0
1901.960548155598,11990.713105755007,10088.75255759941,49319.928824265,51221.8893724206,0.0
4833.079569227942,15995.926401758836,11162.846832530893,11629.731848192521,16462.811417420464,0.0
2895.346257573762,13821.923483176453,10926.57722560269,16761.159010678584,19656.505268252346,0.0
328.7945020560986,10066.964730014883,9738.170227958784,18752.034912010502,19080.8294140666,0.0
532.1223319189935,6449.443892980768,5917.321561061775,45579.84432801371,46111.9666599327,0.0
3515.1555021810664,3836.17635371466,321.0208515335935,16116.665590023682,19631.821092204747,0.0
6026.3088127702185,16069.843348498214,10043.534535727995,3281.3997667870185,9307.708579557237,0.0
868.738846786406,6233.774345779982,5365.035498993576,11518.741118301201,12387.479965087607,0.0
1989.0079984897704,14769.63385323461,12780.62585474484,9261.166541546894,11250.174540036665,0.0
754.7934175901997,11632.687548166823,10877.894130576624,49070.78609168319,49825.57950927339,0.0
2212.484221376102,5673.059237178022,3460.57501580192,38806.97018457611,41019.45440595221,0.0
601.544846952569,6051.157407506042,5449.612560553473,42564.11061082655,43165.65545777912,0.0
785.1251900274088,18162.257417410732,17377.132227383325,31702.52541533597,32487.65060536338,0.0
1980.0169421281837,12424.149628024383,10444.132685896198,47939.3321970204,49919.34913914858,0.0
1075.087346401728,13431.382673296539,12356.295326894811,37015.23953779909,38090.32688420082,0.0
1056.5639497653451,7652.567252602234,6596.003302836889,13060.008563695646,14116.572513460991,0.0
5828.293595307371,9930.064438034417,4101.770842727045,26611.742383834895,32440.035979142267,0.0
1108.289100139661,3556.8283587069664,2448.5392585673053,3417.418572409736,4525.707672549397,0.0
96.69359850486386,18987.03899613136,18890.345397626497,9278.730137252389,9375.423735757253,0.0
1275.7132880905435,9331.225528102477,8055.5122400119335,47008.80316505283,48284.51645314337,0.0
1108.4871588148278,1925.1592750099296,816.6721161951018,47580.178124989405,48688.665283804236,0.0
1014.4529685657006,3586.5819931524125,2572.1290245867117,15029.556139045919,16044.009107611619,0.0
3010.573013258938,19837.624530217723,16827.051516958785,30484.772757249208,33495.345770508146,0.0
598.4861814967405,10202.538626080155,9604.052444583414,48862.07825002245,49460.56443151919,0.0
1342.37154195895,4891.538454215931,3549.166912256981,21243.396353400552,22585.767895359502,0.0
3525.98603287674,2825.7976047749967,-700.1884281017433,32663.578291637186,36189.56432451393,0.0
601.6793940202341,16810.574878834406,16208.895484814173,34673.345298201355,35275.02469222159,0.0
40812.11625185374,40896.92571823385,84.80946638010937,4411.488250468019,45223.60450232176,1.0
520.7860448895019,12721.690296575458,12200.904251685955,15047.885777933623,15568.671822823126,0.0
38316.27246262865,38406.00635918553,89.73389655687788,8941.075983979475,47257.34844660813,1.0
876.6926890268164,14056.978287080845,13180.285598054028,33486.15039155753,34362.843080584345,0.0
4421.549713620237,4841.660086922315,420.1103733020782,40849.16904045347,45270.71875407371,0.0
9103.473250571453,5737.302284492848,-3366.1709660786046,26337.48749403738,35440.960744608834,0.0
5398.76392990859,2755.666861138273,-2643.0970687703175,15387.475830391011,20786.239760299602,0.0
3026.9012773951417,1779.7087194674425,-1247.1925579276992,28169.18703330828,31196.088310703424,0.0
432.89165422024377,5492.412874699505,5059.521220479261,49915.34651909941,50348.23817331965,0.0
694.0455574923941,7392.727245184052,6698.681687691657,34889.85165312619,35583.89721061858,0.0
494.9083163611079,7508.764623200933,7013.856306839825,2334.8908942556536,2829.7992106167617,0.0
2255.1198890215105,5617.113593076182,3361.9937040546715,27670.001341670748,29925.121230692257,0.0
437.3551171244483,13579.570409199581,13142.215292075132,11856.580119166149,12293.935236290597,0.0
836.5456103380641,15670.706945633268,14834.161335295204,20726.041469509055,21562.58707984712,0.0
295.8888268785579,18307.978882445776,18012.090055567216,36379.667165237166,36675.555992115726,0.0
3801.9150512053275,19085.92994390532,15284.014892699994,45563.489449175555,49365.404500380886,0.0
838.8981070331176,11692.24959128178,10853.351484248662,9806.96748669358,10645.865593726698,0.0
26001.143937028824,26058.31216963875,57.168232609925326,3163.339091885522,29164.483028914347,1.0
8799.955958224604,6488.21099552485,-2311.744962699754,15011.355577069318,23811.31153529392,0.0
1066.0487975713995,8650.984729946857,7584.935932375457,39937.45744760004,41003.50624517144,0.0
757.5207628353564,17398.615927612318,16641.09516477696,38765.78769401881,39523.30845685417,0.0
43001.06192693553,43031.948447036746,30.886520101215865,8839.018149601086,51840.080076536615,1.0
161.84456886636957,17835.511910885984,17673.667342019613,29505.821117223542,29667.665686089913,0.0
8216.952675742401,19844.311403238295,11627.358727495894,23676.508142323917,31893.46081806632,0.0
2561.29906704759,10498.623045981627,7937.323978934037,16515.550269842326,19076.849336889914,0.0
4518.339612061791,12389.309812966816,7870.970200905025,3939.1035501957163,8457.443162257507,0.0
2152.0119562188165,4123.725083524179,1971.7131273053628,35612.4445922007,37764.45654841952,0.0
1017.7310283959984,16248.704456478015,15230.973428082018,42026.79399745969,43044.525025855684,0.0
88.2379972370038,1687.658093086063,1599.4200958490592,40296.407670767934,40384.64566800494,0.0
888.9228033561362,13703.923137909997,12815.00033455386,18210.111132475802,19099.03393583194,0.0
1814.9943942258158,18260.55926545292,16445.564871227107,6204.843805484117,8019.838199709933,0.0
104.97829499008913,11683.089395874045,11578.111100883956,9731.482360161232,9836.46065515132,0.0
4256.8099364629,9638.706921429512,5381.896984966612,13276.780280688105,17533.590217151002,0.0
4435.442458320018,14180.522679257374,9745.080220937356,6610.576141014984,11046.018599335002,0.0
1028.0980052458817,10061.093543491652,9032.99553824577,46857.248340756094,47885.34634600198,0.0
1552.9940135553427,10776.648679339907,9223.654665784565,27725.62778454825,29278.621798103595,0.0
1446.9379492541023,17489.901268362566,16042.963319108463,21345.10436614186,22792.04231539596,0.0
160.19070177689278,6686.47672076915,6526.286018992258,36231.56684496968,36391.75754674657,0.0
550.638982756573,14447.118642911346,13896.479660154773,17015.870214909573,17566.509197666146,0.0
3450.0448822432113,1507.8707582670704,-1942.174123976141,43631.834384559894,47081.8792668031,0.0
4035.9000947358295,6308.258268609119,2272.3581738732896,48963.09328043213,52998.99337516796,0.0
124.50006263803016,1071.339140516658,946.8390778786279,47354.37734877777,47478.8774114158,0.0
3868.406067231317,7030.126657671208,3161.7205904398907,12502.83792550766,16371.243992738977,0.0
3165.380471725468,16478.84314657212,13313.46267484665,5141.64080320787,8307.021274933337,0.0
4108.071114004796,11142.118755698995,7034.047641694199,11595.056088445743,15703.127202450538,0.0
1591.949214739779,16868.4567333808,15276.507518641021,28276.945730983007,29868.894945722786,0.0
1711.6172920018628,10449.15187132338,8737.534579321517,36693.1991996991,38404.81649170096,0.0
18.159127701808572,18165.907374562157,18147.74824686035,21348.30996406096,21366.46909176277,0.0
1171.745047843888,507.8301084941275,-663.9149393497605,4988.1502019066775,6159.895249750565,0.0
93.02292348696196,4890.639972210672,4797.61704872371,497.9870602151659,591.0099837021279,0.0
1253.2138963642192,19682.375872578457,18429.161976214236,21393.47574264956,22646.689639013777,0.0
879.9819717647554,8842.557404445874,7962.575432681118,33789.54818139925,34669.53015316401,0.0
177.78567818186025,12939.644546803476,12761.858868621615,4628.803352604938,4806.589030786798,0.0
1391.4034597919053,8535.825387834513,7144.421928042608,12484.053216966251,13875.456676758156,0.0
371.43723259150954,17327.71265460386,16956.27542201235,46760.89050854375,47132.32774113526,0.0
610.6402783582549,6752.088177729422,6141.447899371166,3698.1593635477984,4308.799641906054,0.0
6444.543388896397,6646.726378857078,202.18298996068097,2641.2322242068353,9085.775613103233,0.0
621.2962912021414,15771.620566044105,15150.324274841963,1010.8760073898715,1632.1722985920128,0.0
919.3981083444028,16941.324868080035,16021.926759735632,25510.79670392021,26430.19481226461,0.0
2251.9437575405254,7027.338868295942,4775.395110755417,40310.482758621656,42562.42651616218,0.0
1285.7228103969164,5622.561801537739,4336.838991140822,28323.330298981713,29609.05310937863,0.0
4349.797835132439,11809.372493961286,7459.574658828847,1835.3991402314196,6185.196975363859,0.0
932.6241572612323,3449.6535470221806,2517.029389760948,22397.120858858216,23329.745016119447,0.0
413.1627779968365,2319.1040020783857,1905.9412240815493,3479.5923698154484,3892.755147812285,0.0
2112.3948618385766,956.9426296640701,-1155.4522321745067,35356.875896784324,37469.2707586229,0.0
4426.557719206009,18812.61961704969,14386.061897843683,43849.44154869927,48275.99926790528,0.0
2996.217507731186,1902.1809876706893,-1094.0365200604965,45530.62536863026,48526.84287636144,0.0
605.8161854653805,19142.384354488055,18536.568169022674,17300.12064861382,17905.936834079203,0.0
2123.642519660063,3468.4501713789027,1344.8076517188397,15463.443939609484,17587.086459269547,0.0
9500.0,16478.26550384661,6978.265503846611,41611.28917519528,51111.28917519528,0.0
3782.24958349641,4885.292214397869,1103.0426309014592,34874.951801854724,38657.20138535113,0.0
1292.7195733805233,16597.929409648106,15305.209836267582,9730.962716228258,11023.682289608782,0.0
2839.8114623207202,14213.961053823885,11374.149591503165,11357.454441847314,14197.265904168034,0.0
527.9784367835099,15333.743717855952,14805.765281072443,43949.61538793251,44477.593824716016,0.0
893.9084850506658,9317.567317522104,8423.658832471438,7040.593104649973,7934.501589700639,0.0
5208.990744525223,18388.3035793816,13179.312834856379,35774.20898871947,40983.19973324469,0.0
13085.021628804237,13139.990054389562,54.96842558532444,3381.1092073613213,16466.130836165557,1.0
2263.588368822698,16546.31733172329,14282.728962900592,49792.82145890812,52056.409827730815,0.0
38.602338731171685,6062.264674981948,6023.662336250776,23404.203009382334,23442.805348113507,0.0
2375.835124840927,9678.669490075701,7302.834365234774,20710.027715232172,23085.8628400731,0.0
691.7048962922712,15774.156802557894,15082.451906265624,7013.360672958446,7705.065569250717,0.0
1886.0229188540995,3574.390022539705,1688.3671036856056,42766.806515115735,44652.82943396983,0.0
3152.5996918479095,5602.591649431376,2449.9919575834665,15088.961156813824,18241.560848661735,0.0
686.402265780928,15093.31736384956,14406.915098068632,41850.38979015586,42536.792055936785,0.0
1088.5142853871002,2563.197984702027,1474.6836993149268,20674.85685316859,21763.37113855569,0.0
4452.110422497046,3458.986802584522,-993.1236199125237,9686.94665124053,14139.057073737577,0.0
3031.5809831030547,10942.67736367629,7911.096380573235,47917.42918154711,50949.010164650164,0.0
426.42625503133377,9886.962879094337,9460.536624063003,43091.406541230135,43517.83279626147,0.0
1582.3019352867632,1093.2590232546695,-489.0429120320937,3465.813068565843,5048.115003852607,0.0
10944.81386260156,11029.072700544928,84.25883794336733,6795.51862285185,17740.33248545341,1.0
1241.7822184418353,9041.859480154983,7800.077261713147,41907.96007005434,43149.74228849617,0.0
1487.8556617217089,6780.31693631673,5292.461274595021,12006.331022575994,13494.186684297703,0.0
747.3984566614081,7889.640241343898,7142.24178468249,5330.963640271175,6078.362096932583,0.0
12705.359065267483,12737.425537889769,32.0664726222858,1574.5295718984664,14279.88863716595,1.0
602.6366931013774,10120.16096702142,9517.524273920042,3022.3461492635106,3624.982842364888,0.0
926.110520950625,19089.489767856263,18163.37924690564,48642.83023551714,49568.94075646777,0.0
5878.351061018403,8696.54008931223,2818.1890282938266,31216.776327560274,37095.12738857868,0.0
205.55463000501248,19411.467860358804,19205.91323035379,14575.846407559617,14781.401037564628,0.0
628.7356114562158,17203.153779325046,16574.41816786883,3638.1188119813555,4266.854423437571,0.0
476.499288708125,9801.342349874412,9324.843061166288,26961.526366824157,27438.02565553228,0.0
2508.8015530496705,9061.070257618736,6552.268704569065,26557.231628233192,29066.033181282863,0.0
1466.996690859163,14021.316641866359,12554.319951007195,30603.96591019296,32070.962601052124,0.0
4890.301719079625,1322.9091373353197,-3567.392581744306,42746.282825553564,47636.58454463319,0.0
458.0217334320902,8047.475232730296,7589.453499298205,33315.26615641461,33773.2878898467,0.0
33.46335547523305,17346.74824546912,17313.284889993887,45881.65954608551,45915.122901560746,0.0
552.8266162686914,13109.112106322329,12556.285490053637,25085.149208817453,25637.975825086145,0.0
760.051222113574,19773.226051070636,19013.174828957064,35204.283432116776,35964.33465423035,0.0
45499.961556087546,45503.29011101389,3.3285549263455323,732.3150427723391,46232.276598859884,1.0
1297.939810195856,7931.460015430374,6633.5202052345185,17907.343320084656,19205.283130280513,0.0
920.6251260007024,16952.711457850022,16032.08633184932,32680.147626761325,33600.77275276203,0.0
883.5980012988281,12483.549855315652,11599.951854016825,13924.600167869334,14808.198169168161,0.0
1487.7681549471213,13336.533776810069,11848.765621862947,1990.2841611043664,3478.0523160514877,0.0
2150.0902108200617,8369.198105866923,6219.107895046861,42606.978192723785,44757.068403543846,0.0
4364.50382480303,11747.754432945989,7383.250608142959,37864.778603559644,42229.282428362676,0.0
14926.946588829664,14985.852604182193,58.90601535252972,6892.840817509647,21819.78740633931,1.0
3430.3470196931366,6923.624818801637,3493.2777991085004,5955.00288046778,9385.349900160916,0.0
1810.8931883382795,19382.375721935474,17571.482533597195,14360.628556368078,16171.521744706357,0.0
15923.219236440713,15928.07258151368,4.853345072966476,354.69585341666556,16277.915089857379,1.0
20998.65468640944,21051.70098641352,53.04630000407997,9319.22435685587,30317.87904326531,1.0
5255.309107613509,18165.277589075627,12909.968481462118,18108.937877907305,23364.246985520815,0.0
1054.0078962234925,11661.95065637142,10607.942760147927,20561.368131583025,21615.376027806517,0.0
5786.8647747605455,1740.2280093670486,-4046.6367653934967,885.2222536618603,6672.087028422406,0.0
670.4993527621634,8425.122463193364,7754.6231104312,31246.12348942282,31916.62284218498,0.0
521.0828739528158,9320.307813868772,8799.224939915957,20567.31244407502,21088.395318027837,0.0
8230.596155313906,4999.3245090375485,-3231.2716462763574,12637.133437422654,20867.72959273656,0.0
92.08121991530511,12437.093849392966,12345.012629477662,27061.031401644697,27153.11262156,0.0
17275.007987299134,17277.859836690262,2.8518493911287806,9753.984776052259,27028.992763351394,1.0
837.4278371545389,6887.542731481457,6050.114894326918,41017.25075237652,41854.67858953106,0.0
1102.4972011245206,16552.91400530674,15450.416804182218,6352.662511900197,7455.159713024718,0.0
1355.8294908178182,2027.59524635913,671.7657555413118,49608.585722420474,50964.415213238295,0.0
48.59572296171013,5655.883809628085,5607.288086666375,31043.709377840063,31092.305100801772,0.0
4628.465538965295,19753.6852100879,15125.219671122606,42437.63502826175,47066.10056722705,0.0
3692.4149635517483,658.109839281158,-3034.3051242705906,26334.467946317556,30026.882909869306,0.0
3773.3544560740693,2864.665420503166,-908.6890355709033,30653.61549413575,34426.969950209816,0.0
3228.706952125036,11545.651859189218,8316.944907064182,13115.79250827673,16344.499460401767,0.0
1986.1151469518447,13526.379323994917,11540.264177043073,13868.79066666507,15854.905813616915,0.0
1313.0294420763214,19894.003005348233,18580.973563271913,8232.73441280148,9545.763854877801,0.0
1461.9543472751452,6233.066077601586,4771.11173032644,21490.884907069096,22952.839254344242,0.0
3571.9151416091204,15220.014313716933,11648.099172107812,5661.032496672464,9232.947638281585,0.0
3662.693023676061,19097.220716588305,15434.527692912245,15487.92816293103,19150.62118660709,0.0
791.2549395755805,4542.009189719844,3750.754250144263,28440.936588324745,29232.191527900326,0.0
398.8177962125471,19006.853176085715,18608.035379873167,22606.952756122373,23005.77055233492,0.0
804.9956858031401,13954.304963964067,13149.309278160927,8772.74850984705,9577.74419565019,0.0
1706.002150848498,11772.463459104218,10066.461308255719,14907.148557407012,16613.15070825551,0.0
34369.63188145963,34458.874499213234,89.24261775360355,393.1948766847326,34762.826758144365,1.0
2947.3840877800726,11110.457038280467,8163.072950500395,8550.542720911419,11497.92680869149,0.0
1835.8394486662005,17562.66964500742,15726.83019634122,19537.517385454663,21373.356834120863,0.0
39222.17941758655,39315.574830766076,93.39541317952535,2386.888814312976,41609.068231899524,1.0
1613.5792845831347,12965.626222036575,11352.04693745344,41642.452079572126,43256.031364155264,0.0
63.867362586107646,9257.03102563008,9193.163663043972,48604.79966061555,48668.667023201655,0.0
557.8323659898912,19522.782915907585,18964.950549917692,30367.81917388719,30925.651539877083,0.0
358.88931311990143,16518.68942913572,16159.800116015818,18207.640955230276,18566.530268350176,0.0
1036.0017664794439,16837.906927657612,15801.905161178169,21360.15136409173,22396.153130571172,0.0
37380.066549539784,37440.978611761115,60.912062221330416,9682.983146601693,47063.049696141476,1.0
3161.674976221592,12503.276152266993,9341.601176045402,14801.227576030518,17962.90255225211,0.0
683.4024283884241,6667.700800149676,5984.2983717612515,7640.290465914162,8323.692894302587,0.0
3194.6145800639238,17104.97485200955,13910.360271945625,15131.114254094435,18325.72883415836,0.0
23614.484893179437,23694.34619477178,79.8613015923438,3203.619704923062,26818.104598102498,1.0
6009.916225071519,679.4175036948993,-5330.49872137662,26004.496880291717,32014.413105363237,0.0
866.6488161807587,2617.8443457566054,1751.1955295758466,47175.176781661954,48041.82559784271,0.0
5621.233367864418,16071.838843546682,10450.605475682263,30309.67687120702,35930.91023907144,0.0
1777.0180938484998,12185.911597560042,10408.893503711543,11313.479237921758,13090.497331770257,0.0
160.20855710035272,19342.348806089623,19182.14024898927,8381.078192029223,8541.286749129576,0.0
2721.985652713184,6378.395635008025,3656.409982294841,37040.46823663721,39762.45388935039,0.0
34185.57260805193,34258.68019622539,73.10758817345777,3769.938292104549,37955.51090015648,1.0
1431.2504121259626,11424.708543769524,9993.458131643562,42083.760463574436,43515.0108757004,0.0
4993.487535413325,6975.440871064498,1981.9533356511738,29396.686651713226,34390.17418712655,0.0
898.5831945796112,9680.307441747791,8781.72424716818,39497.41348835192,40395.99668293153,0.0
112.36713831299383,19845.79764706199,19733.430508748996,29811.5539921175,29923.921130430495,0.0
1373.4034299838318,2189.0853366665333,815.6819066827015,35755.28068090446,37128.684110888295,0.0
5881.028970363017,5621.355441138436,-259.6735292245812,23736.389263524172,29617.41823388719,0.0
1237.8518696785593,10311.104317592235,9073.252447913675,35742.798710020455,36980.65057969902,0.0
1008.2643918435608,17850.10531075991,16841.84091891635,32969.953995268566,33978.21838711213,0.0
1594.9255331162458,6246.676712767796,4651.75117965155,4493.914005031902,6088.839538148148,0.0
306.8837224671699,15559.217358331363,15252.333635864194,6054.064912073137,6360.948634540307,0.0
2336.48850275648,11168.98903009356,8832.50052733708,19220.446545759245,21556.935048515727,0.0
2167.551522942474,6324.10706905722,4156.555546114745,5165.023890663994,7332.575413606468,0.0
1743.2880295003265,7055.22410230181,5311.9360728014835,10194.323773026194,11937.61180252652,0.0
3342.054742139349,921.7263530049788,-2420.32838913437,31936.1704408503,35278.22518298965,0.0
25.375338245871248,9486.940337758215,9461.564999512344,13626.55845201034,13651.933790256211,0.0
4173.062565483896,17050.967912985627,12877.905347501732,5346.28012236224,9519.342687846136,0.0
1100.9880406268119,4033.751850465537,2932.763809838725,21879.887187689677,22980.87522831649,0.0
10.0,10981.700453959445,10971.700453959445,13257.450110850532,13267.450110850532,0.0
694.8325140732949,17811.15473109792,17116.322217024623,31283.359031579654,31978.19154565295,0.0
2024.8857840085423,18805.026388568327,16780.140604559783,43505.27291720522,45530.15870121376,0.0
3171.3079594653727,17804.778439722024,14633.470480256652,45412.92773385331,48584.23569331868,0.0
45259.574461823635,45338.54440485519,78.96994303155225,7081.516877406011,52341.09133922965,1.0
3303.315633987162,10671.190503326872,7367.87486933971,28773.763894318243,32077.079528305403,0.0
4829.397099583864,17668.227106035294,12838.83000645143,3526.7147618660956,8356.11186144996,0.0
4691.88917949432,11309.29066263128,6617.4014831369595,9763.346759552698,14455.23593904702,0.0
2612.5536771229167,18067.700740206317,15455.147063083401,42044.44883557425,44657.00251269717,0.0
1411.5169777113545,2343.8487231005706,932.3317453892162,30073.55504406037,31485.072021771724,0.0
2932.6080866080406,18683.82708539896,15751.218998790919,11079.671521972368,14012.27960858041,0.0
14977.213033381264,15016.869405060972,39.65637167970817,8710.142873937491,23687.355907318757,1.0
1184.9954467678742,11064.326238849799,9879.330792081924,22483.992544257864,23668.987991025737,0.0
1356.586866683387,8509.265098074735,7152.678231391348,23688.007686936013,25044.5945536194,0.0
1756.7528648552402,4387.925970707226,2631.173105851986,21267.763716434183,23024.516581289423,0.0
62.89008945167307,2175.2525699549997,2112.3624805033264,39048.72003590262,39111.61012535429,0.0
702.9700512538606,15390.498329752305,14687.528278498445,44733.381215700676,45436.35126695454,0.0
2724.736123736823,3908.2350550612096,1183.4989313243864,11343.525816574707,14068.261940311531,0.0
2349.189284300964,3884.656810953075,1535.4675266521108,11727.205037402655,14076.39432170362,0.0
3309.1459260172865,13914.023586841966,10604.877660824679,12600.736683952624,15909.88260996991,0.0
297.2907411076845,10175.430558971748,9878.139817864063,38565.6816612507,38862.972402358384,0.0
6589.725943615852,10149.106056210654,3559.380112594802,22531.17125540845,29120.897199024304,0.0
757.7351876481495,19007.052262064928,18249.31707441678,19028.79706890535,19786.5322565535,0.0
84.93619689286841,10968.930250426742,10883.994053533874,4022.160010466713,4107.096207359582,0.0
598.9155536813722,12655.901536218187,12056.985982536815,38204.65001064908,38803.56556433045,0.0
1890.7368975237891,18594.062282309525,16703.325384785738,47300.10966695239,49190.84656447618,0.0
555.0772370288581,12264.848530069668,11709.77129304081,17204.988201486827,17760.065438515685,0.0
2449.99950626001,1091.899207893583,-1358.100298366427,22797.309288433065,25247.308794693075,0.0
6048.401040249465,7015.040715687984,966.6396754385187,9014.50653078203,15062.907571031494,0.0
984.4210885223578,16498.995158087142,15514.574069564784,23635.344931814456,24619.766020336814,0.0
5791.123206241665,5247.607359301823,-543.515846939842,35922.07373677706,41713.19694301873,0.0
912.8691252583723,10080.943422286553,9168.07429702818,20136.618493348305,21049.48761860668,0.0
1772.3445650634778,2966.0527853696376,1193.7082203061598,22650.737519009424,24423.082084072903,0.0
1588.7887914672515,6824.116445573822,5235.32765410657,14520.546107112325,16109.334898579576,0.0
342.22492775262197,4585.624874094376,4243.399946341754,34645.45757840404,34987.68250615666,0.0
458.52766957417685,12651.862278377652,12193.334608803474,7454.783933571696,7913.311603145873,0.0
653.2518420207388,3060.1154540940724,2406.8636120733336,19568.904668187348,20222.156510208086,0.0
157.79060995247008,8824.4471925544,8666.65658260193,3751.1044446459086,3908.895054598379,0.0
37062.47132960151,37087.662156138256,25.19082653674559,4396.423205248465,41458.89453484998,1.0
3450.371707617163,16911.629147084095,13461.257439466932,25036.745307209916,28487.11701482708,0.0
3572.8590867093503,10939.281477202307,7366.422390492957,46390.503082384814,49963.362169094165,0.0
1647.7749897716576,2800.4634307472006,1152.688440975543,42350.60176945418,43998.37675922584,0.0
2329.796236194601,2907.539687749352,577.7434515547511,41578.47491824308,43908.27115443768,0.0
4196.667414321988,18740.192548522075,14543.525134200087,18797.995482033188,22994.662896355178,0.0
135.90438126854173,2374.454108776954,2238.549727508412,40572.65152068453,40708.55590195307,0.0
475.11387124725974,6871.408366088355,6396.294494841096,23759.88597284747,24234.99984409473,0.0
4110.092073748675,12413.457251201737,8303.365177453063,3485.387323448058,7595.479397196733,0.0
1410.162839568141,6431.027462466569,5020.864622898428,41357.50977519385,42767.67261476199,0.0
552.9221063236708,7511.091318140067,6958.1692118163965,20593.173269322586,21146.095375646255,0.0
33111.76256168433,33179.8603546055,68.0977929211731,464.48817285761555,33576.25073454194,1.0
44589.812745755386,44665.800616159264,75.98787040387833,6747.96429601556,51337.77704177095,1.0
256.68368332822877,9280.171273184445,9023.487589856217,37661.82071543804,37918.50439876627,0.0
1005.9110667654143,18383.420850849987,17377.509784084574,39122.08176000967,40127.99282677509,0.0
875.2276142483729,7867.038066233524,6991.810451985151,27934.072196861685,28809.299811110057,0.0
2831.718067747459,9516.048221330915,6684.330153583456,7536.620364823515,10368.338432570974,0.0
508.02671413871,12930.184884999091,12422.15817086038,12925.312607390599,13433.339321529309,0.0
4738.991217419253,19719.214312079606,14980.223094660352,22553.803591242984,27292.79480866224,0.0
1312.7741815146355,8860.140264153888,7547.366082639252,29118.52815791743,30431.302339432066,0.0
42.334836903230254,16013.115642569637,15970.780805666407,8083.616777685576,8125.9516145888065,0.0
2736.4332976168184,7373.380415395347,4636.947117778529,28457.078522713415,31193.511820330234,0.0
249.01195510490174,14461.701524063621,14212.68956895872,41886.454931132816,42135.466886237715,0.0
2155.7982281535515,16309.053122430909,14153.254894277357,36484.34028971526,38640.138517868814,0.0
775.7289281144991,3387.9655732289852,2612.2366451144862,5486.190062356006,6261.918990470505,0.0
3234.3063159230946,9266.875381945116,6032.569066022021,25394.71047656388,28629.016792486975,0.0
30311.223050399458,30387.194216433356,75.97116603389804,2804.2986157357686,33115.521666135224,1.0
2848.3456086031088,15736.446258706406,12888.100650103297,14102.117739483556,16950.463348086665,0.0
2075.8481621524556,1898.8392030747868,-177.0089590776688,48676.32759186259,50752.17575401504,0.0
3717.9849813523,6916.938699484194,3198.953718131894,9593.835655117839,13311.820636470138,0.0
55.08655727376305,7044.380262697576,6989.293705423813,29045.69491231392,29100.781469587684,0.0
204.45639469864577,17616.113394821186,17411.65700012254,4200.085726031283,4404.542120729929,0.0
882.4539990597403,6893.7378833560415,6011.283884296301,11498.07077005171,12380.524769111451,0.0
1428.4658164922114,2700.7338218988634,1272.268005406652,25816.99094191633,27245.45675840854,0.0
74.46868371534433,3305.585030100713,3231.1163463853686,35436.428995244976,35510.89767896032,0.0
2883.7481310976555,12026.359920444474,9142.611789346818,29692.718235290038,32576.466366387693,0.0
729.8288982403296,612.5278952128758,-117.30100302745382,12893.50017740043,13623.32907564076,0.0
28520.758434309035,28614.901001490824,94.14256718178876,5430.125100143456,33950.88353445249,1.0
8271.979192000565,4272.220946232781,-3999.7582457677836,44326.533535258386,52598.51272725895,0.0
2090.0558839694995,12545.044430677523,10454.988546708024,48560.9394980391,50650.9953820086,0.0
5012.499985674345,1811.192364014714,-3201.307621659631,22750.551615347864,27763.05160102221,0.0
915.8046246973369,5044.5371657047435,4128.732541007406,24463.61129488041,25379.415919577747,0.0
169.43812500787652,7596.038426658984,7426.600301651107,44408.89551891913,44578.333643927006,0.0
399.9116194015954,8747.399102960377,8347.487483558782,11554.446106728428,11954.357726130023,0.0
555.2251671392116,12076.850088220297,11521.624921081086,9650.74927028493,10205.974437424142,0.0
7108.354077723023,13448.238447318245,6339.884369595222,46648.127428353975,53756.481506077,0.0
29474.418551411134,29512.287617744434,37.8690663333,3881.810010456791,33356.22856186792,1.0
630.9542864520043,10412.078038395544,9781.12375194354,26235.37705911329,26866.331345565293,0.0
1564.589171374252,1478.419331239493,-86.16984013475894,4932.868836640453,6497.458008014705,0.0
3432.4134935578563,7372.438265007411,3940.024771449555,13445.21522807407,16877.628721631925,0.0
36073.21657687168,36163.979672205154,90.76309533347376,2019.4086451198257,38092.625221991504,1.0
624.1234196305458,18568.414972758434,17944.29155312789,32565.994861311963,33190.11828094251,0.0
2353.0762141996306,18903.88333955518,16550.80712535555,38966.81326597435,41319.88948017398,0.0
5432.417307751989,10349.753337008124,4917.336029256135,26512.376318312137,31944.793626064125,0.0
3415.6481608107056,9875.330279504682,6459.682118693976,48295.149593290545,51710.79775410125,0.0
524.4700561039252,4497.0950401052605,3972.624984001335,23527.234247561137,24051.70430366506,0.0
478.96298698688696,19954.609133660855,19475.646146673967,47912.55861162516,48391.521598612046,0.0
2026.16676599364,5373.083571919352,3346.9168059257117,11521.098590716862,13547.2653567105,0.0
1525.4342087057378,18345.20699789547,16819.772789189734,8019.69375030726,9545.127959012998,0.0
11.550611032507708,695.9161305692161,684.3655195367083,28838.042371796215,28849.592982828723,0.0
2214.2183011394723,14705.631710025084,12491.413408885612,39289.107519687714,41503.32582082719,0.0
40876.30552883469,40876.670199113156,0.36467027846811106,4496.616631129225,45372.92215996391,1.0
266.2919194341268,16506.555680631012,16240.263761196886,5898.949971851286,6165.241891285413,0.0
4731.971292062333,5272.529052920082,540.5577608577487,14854.02749389992,19585.998785962252,0.0
3425.4330773195675,9477.530425663292,6052.097348343725,18136.83239862418,21562.26547594375,0.0
1848.3944122727157,10584.432064535606,8736.03765226289,46567.91836032296,48416.31277259568,0.0
140.01369275488273,3016.7699341667276,2876.7562414118447,17572.083673534173,17712.097366289054,0.0
10.0,19036.92960748636,19026.92960748636,34766.47032262835,34776.47032262835,0.0
4985.399687075283,10312.798089743372,5327.398402668089,46335.375216954526,51320.77490402981,0.0
44748.32589944082,44797.439753010396,49.11385356957908,7575.838327190574,52324.164226631394,1.0
8355.853190033891,10881.024579795641,2525.17138976175,39465.0224554075,47820.875645441396,0.0
18171.70785822389,18194.90635672226,23.19849849836828,6710.1247484487,24881.83260667259,1.0
2232.293228925945,18153.77565333375,15921.482424407805,49882.516918773676,52114.81014769962,0.0
5754.1780717849915,19733.82349741116,13979.645425626168,34813.17376502666,40567.35183681165,0.0
4419.247211470856,14901.511269780198,10482.264058309342,17383.587073445568,21802.834284916426,0.0
347.6229730303001,10435.423027871937,10087.800054841637,28953.626384299725,29301.249357330023,0.0
4422.009488362917,15823.265442764825,11401.255954401908,20833.504160318524,25255.51364868144,0.0
43376.05879851432,43447.94659655373,71.88779803940997,2375.6584338348484,45751.71723234917,1.0
2260.953046317403,7590.423259206244,5329.470212888842,49934.92409206434,52195.877138381744,0.0
2441.8371957253603,7839.556985822269,5397.719790096909,39349.50416924126,41791.341364966625,0.0
124.31980387744127,4900.459369515073,4776.139565637632,34292.724620074594,34417.04442395204,0.0
43645.95324134431,43702.32500929907,56.37176795476262,168.33319860561468,43814.28643994992,1.0
9500.0,12311.135188967575,2811.1351889675752,45942.60256294548,55442.60256294548,0.0
435.5973216970655,9292.62123531639,8857.023913619325,23582.64006641943,24018.237388116497,0.0
1424.3425048692736,7078.5020279669525,5654.159523097679,9626.495771906973,11050.838276776247,0.0
4035.2859835114778,643.4776776955835,-3391.8083058158945,19638.04594623596,23673.331929747437,0.0
2388.204464886395,15761.705475046094,13373.5010101597,19509.79836249512,21898.002827381515,0.0
552.8156927931942,10439.601846269521,9886.786153476327,9206.501154059244,9759.316846852438,0.0
471.7160599164801,18035.380986140513,17563.66492622403,3669.200832600428,4140.916892516908,0.0
17727.981553750462,17746.59476918727,18.613215436809696,3799.561251474085,21527.542805224548,1.0
16367.098771990488,16422.649507223192,55.55073523270403,432.1993725495721,16799.29814454006,1.0
836.7121799782224,4597.296630834183,3760.5844508559603,45273.43460687078,46110.14678684901,0.0
1274.6196880878522,14366.875431798075,13092.255743710222,17191.12456293762,18465.744251025473,0.0
355.90808970487427,5292.131087624813,4936.222997919938,26619.934361345648,26975.84245105052,0.0
517.7481316730004,15339.61666751633,14821.868535843329,30346.11401132702,30863.86214300002,0.0
1251.7458559648178,2708.008853552945,1456.262997588127,27588.96418628477,28840.71004224959,0.0
43306.88716846718,43363.44035615959,56.55318769240694,9702.937327487523,53009.82449595471,1.0
1998.4601607810494,1461.2426089061205,-537.2175518749289,46899.39327297485,48897.853433755896,0.0
3617.2136226257703,10652.779397815175,7035.565775189405,35609.399098974616,39226.61272160039,0.0
2759.4786143395027,1641.4637015609776,-1118.014912778525,42016.81191105416,44776.29052539366,0.0
33095.33793977223,33162.4105137801,67.07257400787057,6393.387635014058,39488.72557478629,1.0
512.4417419455772,662.9167313567021,150.47498941112497,29723.692745630946,30236.134487576524,0.0
3999.9143640734846,8262.069393239286,4262.155029165801,10959.217282616584,14959.131646690068,0.0
1837.9595221505267,19529.481824278966,17691.52230212844,22566.801636964436,24404.76115911496,0.0
1995.9561279710363,6913.935675109125,4917.979547138089,43626.02584230909,45621.98197028013,0.0
939.1177619454292,6910.546772817328,5971.429010871899,29984.31571140297,30923.4334733484,0.0
4346.121080061503,12931.226657216183,8585.10557715468,42539.0191315341,46885.1402115956,0.0
183.44728114475527,5167.711808669904,4984.264527525149,44484.686266378,44668.13354752275,0.0
1749.5374574887333,7828.5137706548485,6078.976313166115,32811.99466241793,34561.53211990666,0.0
3809.4533049561596,14094.741958661833,10285.288653705673,2024.3912164152223,5833.844521371382,0.0
681.3043839082919,9935.606659003051,9254.30227509476,44572.75322781861,45254.0576117269,0.0
1130.0692987659643,2959.1477627331874,1829.0784639672231,19118.229895835542,20248.299194601506,0.0
1398.8789052155794,14796.627373667592,13397.748468452013,28916.45513521521,30315.33404043079,0.0
25723.86897145235,25781.443979804382,57.575008352032455,6113.307533028527,31837.176504480878,1.0
408.7378013390319,13891.972014144807,13483.234212805775,42159.95708118426,42568.69488252329,0.0
36.801689165400056,16082.101842553113,16045.300153387712,19078.71939127589,19115.52108044129,0.0
1264.7087391658524,8122.889823402664,6858.181084236811,18516.00877252611,19780.717511691964,0.0
39789.63628805637,39882.93777536941,93.30148731304507,3223.5509340617627,43013.18722211813,1.0
693.8671772250336,18339.421922107267,17645.554744882233,3308.4360862590424,4002.303263484076,0.0
254.7447872310038,1210.99049109956,956.2457038685561,11063.8295533092,11318.574340540205,0.0
2385.7414810519163,19304.888063701736,16919.14658264982,38182.35162616099,40568.09310721291,0.0
2547.056388928972,16739.191884954245,14192.135496025274,36073.85413670085,38620.91052562982,0.0
1941.9820102765225,13702.937396839736,11760.955386563213,47950.354338221725,49892.33634849825,0.0
2963.5976126377273,3935.790920202827,972.1933075650995,42183.41877097205,45147.01638360978,0.0
445.4717242573806,5548.6333584662225,5103.161634208842,45611.48109998,46056.952824237385,0.0
5036.314093035293,7261.015844100268,2224.701751064975,31482.061711622868,36518.375804658164,0.0
2959.6141619210302,3145.398609627366,185.78444770633587,7964.151867472924,10923.766029393955,0.0
4772.336605846908,11518.938933862053,6746.602328015145,3256.861933544797,8029.198539391706,0.0
240.88857007399284,16676.53371285319,16435.645142779198,23525.035954484112,23765.924524558104,0.0
3399.877784348707,722.0985277267795,-2677.7792566219273,47996.82858994421,51396.70637429292,0.0
1460.9906499630074,1564.9009126626463,103.9102626996389,47116.72474675185,48577.715396714855,0.0
256.13777375694133,11306.534481251578,11050.396707494636,9048.653198900114,9304.790972657056,0.0
254.26044514091532,18001.4222846129,17747.161839471984,8889.916928262437,9144.177373403352,0.0
1265.112753320564,19455.04275515802,18189.930001837456,24274.794558293626,25539.90731161419,0.0
2873.366737641024,2782.756053146322,-90.61068449470213,36305.303418470925,39178.67015611195,0.0
394.5414110476706,8931.729023609254,8537.187612561584,27329.71317486223,27724.2545859099,0.0
3980.4254437895097,15719.187198413021,11738.761754623512,49966.756141555765,53947.18158534527,0.0
1139.748065066691,12285.424022114757,11145.675957048066,31747.575788049086,32887.32385311578,0.0
16354.527696437228,16416.16332879713,61.63563235990296,503.62998993395803,16858.157686371185,1.0
1704.582587156467,6840.0921038051565,5135.50951664869,28999.166022604193,30703.74860976066,0.0
672.6972564963659,9541.678212576971,8868.980956080606,23420.477251217937,24093.174507714302,0.0
939.4470948646102,6579.664112697928,5640.217017833318,43443.539776969315,44382.98687183393,0.0
317.80840824886576,16183.092510379776,15865.28410213091,2633.666591484857,2951.4749997337226,0.0
22112.338032186926,22180.250805927015,67.9127737400886,8575.05739957256,30687.395431759487,1.0
3233.386097031657,10907.645566593166,7674.25946956151,22656.81657392498,25890.202670956638,0.0
10.0,5901.996252957674,5891.996252957674,24862.274009478162,24872.274009478162,0.0
39641.52796670817,39715.097717238794,73.56975053062342,2299.251635455606,41940.77960216378,1.0
1111.9938033674175,12867.74027406208,11755.746470694663,30576.579730738697,31688.573534106115,0.0
262.50408776936297,10118.326114006722,9855.82202623736,41529.166255722565,41791.670343491925,0.0
696.471203091597,18488.72847789881,17792.257274807213,38524.46792506481,39220.93912815641,0.0
452.49813730374433,1520.7699794106052,1068.2718421068607,37816.58932400795,38269.0874613117,0.0
1320.1245960149813,5764.48591868151,4444.361322666529,7687.251599789297,9007.376195804278,0.0
2508.5600718351525,17311.982686715874,14803.422614880721,1576.7314065612047,4085.291478396357,0.0
8668.29267917464,734.0590318173096,-7934.23364735733,44702.73026019433,53371.022939368966,0.0
2219.9593088917263,15201.784846607768,12981.825537716042,30525.30870209096,32745.268010982683,0.0
2761.779855836161,11814.456377883263,9052.676522047102,23538.011083385114,26299.790939221275,0.0
237.6546913948098,11805.960454742622,11568.305763347813,43751.72656226293,43989.38125365774,0.0
1590.7515009003132,7163.3816471629225,5572.630146262609,38501.523435075826,40092.27493597614,0.0
34724.58409692777,34757.08924928873,32.505152360958164,5819.372139940333,40543.95623686811,1.0
4471.539678574234,18643.747710628108,14172.208032053873,43197.85140575116,47669.39108432539,0.0
129.21537712732825,17623.246341221176,17494.030964093847,15209.123881425807,15338.339258553135,0.0
4576.4610003550115,14494.685076973241,9918.22407661823,16073.123897390224,20649.584897745233,0.0
5495.784359757095,17751.162206590325,12255.37784683323,1106.663777905903,6602.448137662998,0.0
661.5021851373677,1822.0297186481955,1160.5275335108277,48857.266640020294,49518.76882515766,0.0
205.9138368956265,620.5845414974851,414.67070460185863,42940.69573374284,43146.609570638466,0.0
49037.36589638946,49063.17028579314,25.804389403674577,7068.443574290984,56105.80947068045,1.0
3058.464124963034,12496.690483639823,9438.226358676788,12322.993481875255,15381.457606838288,0.0
2708.7878825612484,13771.370311915962,11062.582429354714,19378.316914991607,22087.104797552856,0.0
89.78541780031405,7150.433520197159,7060.6481023968445,8913.740416102039,9003.525833902353,0.0
390.66659208089396,19355.88603505715,18965.219442976253,48780.248429455605,49170.9150215365,0.0
895.6199511596441,1908.157114036165,1012.5371628765209,43520.54142791501,44416.161379074656,0.0
11171.424768672185,11262.549284247614,91.12451557542954,8654.158817884438,19825.583586556622,1.0
636.6234844160921,677.4145349751319,40.79105055903983,6305.134799370466,6941.7582837865575,0.0
1077.6473004265422,16161.095234256794,15083.447933830252,42389.513518143714,43467.16081857026,0.0
12612.403205379986,12691.865884482664,79.46267910267852,7784.683399151851,20397.086604531836,1.0
945.9902156296486,15483.798614501207,14537.808398871559,38742.49232670495,39688.482542334605,0.0
2721.3176063214833,7759.988422174431,5038.670815852948,38090.26274774762,40811.580354069105,0.0
994.3137713213623,2055.887910863007,1061.5741395416449,28448.50168806205,29442.81545938341,0.0
6051.999913268028,17413.41546274948,11361.415549481451,35167.04772594662,41219.04763921465,0.0
4147.831022890391,3838.102504784943,-309.7285181054481,16127.961831663417,20275.79285455381,0.0
318.70212680931155,12469.995927650623,12151.293800841311,7536.849651558419,7855.551778367731,0.0
12.812697234830333,1590.5638275004005,1577.7511302655703,24291.027943019955,24303.840640254784,0.0
1680.0886111745149,9749.01896493439,8068.930353759875,36254.80094488254,37934.88955605705,0.0
1014.5159874848608,3746.819167465544,2732.303179980683,30708.135130809944,31722.651118294805,0.0
6954.168433053549,14592.32970225249,7638.16126919894,43749.474751221074,50703.643184274624,0.0
1676.5348078362415,19058.196924615473,17381.662116779233,27691.545793391175,29368.080601227415,0.0
31153.712453337943,31195.291343495668,41.578890157725255,1095.9787033512703,32249.691156689212,1.0
2666.980607766784,2223.7408593617884,-443.2397484049957,4428.408691254004,7095.389299020788,0.0
1429.0293308268886,8016.673476644841,6587.644145817952,5992.033077060194,7421.062407887082,0.0
6280.149339327966,11207.122840090096,4926.97350076213,26916.974517500814,33197.12385682878,0.0
38673.13323171926,38674.099858388276,0.9666266690182965,4816.877686615379,43490.010918334636,1.0
1003.6527296729498,13270.688901383252,12267.036171710302,9408.7323026459,10412.385032318849,0.0
6650.075943799553,1248.0952964361722,-5401.980647363381,34010.668546683395,40660.744490482946,0.0
3862.45969058071,9415.993182581115,5553.533492000404,40187.59871520408,44050.058405784795,0.0
59.20731960450428,2353.602468235006,2294.395148630502,5537.425391525452,5596.632711129956,0.0
236.4687527134227,1934.4854072074302,1698.0166544940075,37273.351910352765,37509.82066306619,0.0
81.25119312718007,14729.142735211057,14647.891542083877,8741.845773310559,8823.096966437739,0.0
7410.860750956957,9282.472654260655,1871.6119033036975,46960.92474388426,54371.78549484121,0.0
977.9174019622036,2190.7780681149843,1212.8606661527806,21372.096042827998,22350.013444790202,0.0
3621.1775765160783,18926.474706019337,15305.297129503258,33903.62561609584,37524.803192611915,0.0
1033.6907535594776,14248.734042004893,13215.043288445415,41981.224793078036,43014.915546637516,0.0
3456.6948684437457,8904.169725521539,5447.474857077793,15647.280867417923,19103.97573586167,0.0
3743.2191277983443,16369.668066060442,12626.448938262098,38944.632255128585,42687.85138292693,0.0
43602.57073602361,43619.3586261319,16.787890108287684,1546.7530312791266,45149.32376730274,1.0
33617.85532319872,33706.691691478845,88.83636828012823,8059.2936615946555,41677.14898479337,1.0
46470.776943557685,46541.53079251915,70.75384896146716,562.0955786622217,47032.87252221991,1.0
3062.531608716122,3103.5532513799812,41.02164266385944,45865.15727320253,48927.68888191865,0.0
583.4507134943143,8158.334727372438,7574.884013878123,23684.556614535024,24268.00732802934,0.0
1480.7519126920888,10976.875636526742,9496.123723834653,30525.658204608004,32006.410117300093,0.0
1235.2586867307582,12154.805542707452,10919.546855976694,10387.46365060952,11622.722337340278,0.0
1545.8182760697725,7791.804915273605,6245.986639203832,4581.910258786393,6127.728534856165,0.0
1752.7635291834363,9103.978547288478,7351.215018105042,22368.99113190337,24121.75466108681,0.0
1850.123651620192,14430.5574597272,12580.43380810701,27082.075391652656,28932.19904327285,0.0
986.0711900962172,5311.574703013927,4325.50351291771,47996.40602917508,48982.4772192713,0.0
1125.3114398483806,11222.599962546105,10097.288522697723,47622.563157319266,48747.87459716765,0.0
2854.2789198315822,7912.927768174563,5058.648848342981,17104.75028797129,19959.029207802872,0.0
3363.697553353431,19250.102596181638,15886.405042828206,6352.813267883716,9716.510821237147,0.0
638.7777843001224,2088.2206513776046,1449.442867077482,3550.3390111294275,4189.11679542955,0.0
2639.5272372943527,17190.541197030307,14551.013959735954,41280.4336253797,43919.96086267405,0.0
465.2288581661595,12283.06056174504,11817.83170357888,34414.2335184004,34879.46237656655,0.0
668.9159933274842,19949.747311544306,19280.83131821682,27610.753402731476,28279.669396058962,0.0
11141.040780306634,11186.975417439367,45.93463713273377,882.8249858491644,12023.865766155797,1.0
596.5501670670093,10140.230815392282,9543.680648325273,47717.29758116504,48313.84774823205,0.0
308.3452699285018,2792.366357858263,2484.0210879297615,3766.071608370242,4074.4168782987435,0.0
7724.667935952644,11825.538182142776,4100.870246190132,1745.292953655464,9469.960889608108,0.0
11944.816662359823,11947.956625341098,3.139962981274948,6611.54269719093,18556.359359550752,1.0
3396.253106181459,13916.595119563635,10520.342013382176,36527.131574828956,39923.384681010415,0.0
3563.9792242782787,12232.88886809907,8668.90964382079,16038.220701085009,19602.19992536329,0.0
85.63800926202912,18530.696555401024,18445.058546138996,20107.523809746435,20193.161819008463,0.0
1621.8334970993258,14064.994692185457,12443.161195086132,43978.16188063906,45599.995377738385,0.0
1866.44171406803,16411.13789359653,14544.696179528499,47117.175383567876,48983.617097635906,0.0
208.89541942218554,9481.359738545998,9272.464319123812,33733.69960115809,33942.59502058028,0.0
1189.5707973368494,940.0873724463532,-249.48342489049617,7884.433603657365,9074.004400994214,0.0
5397.502386392768,19432.641873272456,14035.139486879689,30672.871331562856,36070.37371795563,0.0
863.7572336965675,10113.162853932736,9249.405620236168,17318.175155424713,18181.93238912128,0.0
3181.639134416646,16347.514345827756,13165.87521141111,12870.561509835272,16052.200644251918,0.0
1590.0017623244698,3053.159416472161,1463.1576541476911,34076.75001042354,35666.75177274801,0.0
3311.211259512798,13646.746273992516,10335.535014479718,43690.988814002616,47002.200073515414,0.0
6314.057737900017,11178.51396274807,4864.456224848052,60.18069545089544,6374.238433350913,0.0
1900.788345152873,15310.642899980408,13409.854554827536,45246.47584909076,47147.26419424364,0.0
2092.601726612184,6540.423625786617,4447.8218991744325,25007.404158219964,27100.00588483215,0.0
3783.912154926802,1639.9307511191016,-2143.9814038077,4562.2420652127685,8346.154220139571,0.0
5279.77108420815,14626.235635251644,9346.464551043493,47707.6863559589,52987.45744016705,0.0
2250.668597004573,16357.051872046994,14106.38327504242,49271.869218483014,51522.53781548759,0.0
1659.7349437534447,7584.827273595696,5925.092329842251,16415.4355178956,18075.170461649042,0.0
1356.9825853347195,16614.61107621083,15257.62849087611,23614.048216440053,24971.030801774774,0.0
18746.96703877618,18803.839832940997,56.872794164817606,3858.553767217361,22605.52080599354,1.0
4754.510184390181,9984.898192955476,5230.3880085652945,11669.772586420335,16424.282770810518,0.0
4800.8457747860475,13500.370211904004,8699.524437117958,27906.70790641075,32707.553681196798,0.0
855.2417231121124,9505.226390459364,8649.984667347251,3882.3957676645373,4737.637490776649,0.0
1591.3956922778634,18979.880452753452,17388.48476047559,48799.1559696225,50390.55166190036,0.0
487.5416200094418,9488.907048144523,9001.365428135081,22881.33162947205,23368.87324948149,0.0
146.36487251248167,10899.809183262298,10753.444310749815,21775.251372662962,21921.616245175443,0.0
4381.93269584141,7605.992386910363,3224.059691068953,846.467621276753,5228.400317118163,0.0
571.938473951702,6925.843068592936,6353.904594641234,34399.20107618349,34971.139550135194,0.0
10317.894384915482,10347.893531970853,29.999147055370486,8954.453137667078,19272.34752258256,1.0
1480.8878663620878,6429.845401440035,4948.957535077947,17771.83403622657,19252.72190258866,0.0
10.0,19340.471484273465,19330.471484273465,42625.53181446026,42635.53181446026,0.0
1203.7555469846789,10928.589592483253,9724.834045498574,26212.896395191776,27416.651942176453,0.0
1797.642685370157,17851.80968472206,16054.1669993519,9967.506447234315,11765.149132604472,0.0
4715.152367539838,7733.987395547297,3018.8350280074583,18312.65029992371,23027.802667463548,0.0
2377.9530040622885,7980.376286925589,5602.4232828633,20045.136128956303,22423.08913301859,0.0
409.61431021999925,8813.206732818675,8403.592422598676,2587.2739834550575,2996.888293675057,0.0
348.4205170773817,15936.981407569729,15588.560890492347,6592.599482169848,6941.01999924723,0.0
2124.3247770694065,10583.79965170993,8459.474874640522,49780.435575721305,51904.76035279071,0.0
780.7676057629488,7851.230262093412,7070.462656330464,723.5320751432516,1504.2996809062006,0.0
578.4846247824049,15231.026814053832,14652.542189271428,41907.45826881785,42485.94289360025,0.0
1619.7438246952313,10088.889888870293,8469.146064175062,16848.23939234149,18467.98321703672,0.0
1468.2217918184572,10808.803777790874,9340.581985972416,47.15212637451671,1515.3739181929739,0.0
265.4570836722111,2313.8394806221622,2048.3823969499513,557.7293655915249,823.186449263736,0.0
228.63603832553244,7600.360608409355,7371.724570083823,4783.435521410634,5012.071559736166,0.0
848.7029717142814,16669.044709023394,15820.341737309112,36824.710435838955,37673.413407553235,0.0
17363.56413528764,17378.682427221367,15.118291933726141,747.966479969393,18111.530615257034,1.0
741.5125564448649,9378.910621267742,8637.398064822877,43380.94330945662,44122.45586590149,0.0
380.804867325774,17091.62876778086,16710.82390045509,45444.37201932339,45825.17688664916,0.0
2909.2753118199585,4518.438708774917,1609.163396954959,28570.569652211714,31479.844964031672,0.0
365.330644742418,19680.147344906098,19314.81670016368,26896.151563394287,27261.482208136706,0.0
61.71663546781039,18179.73929056398,18118.022655096167,49298.01510576749,49359.7317412353,0.0
3023.866660767406,11723.215402706513,8699.348741939108,11174.937717732215,14198.80437849962,0.0
633.1208864176514,18491.580222269655,17858.459335852003,1887.3658483716692,2520.4867347893205,0.0
1054.9431023394577,8294.531244001337,7239.5881416618795,42357.872850155385,43412.81595249484,0.0
28682.045597126686,28773.825159737753,91.77956261106738,3027.735923566924,31709.78152069361,1.0
7076.802420323532,11327.634790854834,4250.832370531302,38798.6954374944,45875.497857817936,0.0
1085.8293283677615,10905.530160529612,9819.70083216185,7507.682209193761,8593.511537561522,0.0
1361.629463020556,9039.047799286789,7677.418336266233,19141.21039817519,20502.839861195745,0.0
3405.1395613916925,10309.915705296376,6904.776143904684,49345.68571091061,52750.8252723023,0.0
6967.15044251201,15441.786718827389,8474.636276315377,24362.478017272548,31329.62845978456,0.0
4528.485298572463,18530.514927008415,14002.029628435952,12468.789399794605,16997.274698367066,0.0
392.1172803984964,2324.408434790543,1932.2911543920468,43431.40852551805,43823.52580591654,0.0
751.8550905876796,9041.656305604112,8289.801215016432,31521.087408446157,32272.942499033838,0.0
1196.5987466954007,17322.16567744165,16125.56693074625,9628.804867342016,10825.403614037417,0.0
6994.775662246797,16906.457040451372,9911.681378204576,6360.205966889043,13354.98162913584,0.0
37021.9418238452,37075.718901624656,53.77707777945761,2458.0385627786595,39479.98038662386,1.0
982.5875895555616,3586.5194886377863,2603.931899082225,1414.2464145489864,2396.834004104548,0.0
1868.3472575305777,16214.877799338657,14346.530541808079,38841.56847241443,40709.91572994501,0.0
24.96321695005604,17954.160868943134,17929.19765199308,39238.716058139464,39263.67927508952,0.0
540.6552292168861,6808.729967872239,6268.074738655353,12684.841499790538,13225.496729007424,0.0
993.601198911863,12499.282892257199,11505.681693345336,12234.30940616363,13227.910605075493,0.0
22.185120043067727,17305.954554249183,17283.769434206115,49246.893448543175,49269.07856858624,0.0
2158.780699393597,8396.887453835676,6238.106754442078,47781.068989067804,49939.8496884614,0.0
1005.5670878773794,9916.441513672673,8910.874425795293,37328.333690169646,38333.90077804703,0.0
1868.369946647836,7724.5830226605285,5856.213076012693,33991.837987886014,35860.20793453385,0.0
137.5500599528558,14076.318004364812,13938.767944411957,16951.427487195488,17088.977547148344,0.0
94.18875390504105,19347.88956792061,19253.70081401557,8320.714215546992,8414.902969452032,0.0
1473.9711440176354,1417.6933586004743,-56.27778541716111,5671.371337292075,7145.34248130971,0.0
1497.4951117590685,18702.37455237212,17204.87944061305,15338.637567641617,16836.132679400685,0.0
388.1090064161935,8925.312058799045,8537.203052382853,12771.414052304524,13159.523058720717,0.0
212.13815219617683,5771.797514663895,5559.659362467718,29806.903084826743,30019.04123702292,0.0
37014.03099182669,37079.17102769678,65.1400358700921,4133.125614011103,41147.15660583779,1.0
288.74591119061864,10363.27984055043,10074.533929359812,42110.504010513,42399.249921703624,0.0
1224.9629057128918,15090.656720527551,13865.69381481466,45355.87095900662,46580.83386471951,0.0
3370.2065651280172,7404.258965924335,4034.0524007963177,42618.26746310218,45988.474028230194,0.0
76.12699856557876,4093.8772405269315,4017.750241961353,360.9973501858876,437.1243487514664,0.0
596.6547401229778,15152.754691860402,14556.099951737424,32002.439846502817,32599.094586625793,0.0
670.589985183324,983.9356231804084,313.3456379970844,5528.9593534329715,6199.549338616295,0.0
2405.544181756002,3836.4983290613363,1430.9541473053341,16692.10321716929,19097.64739892529,0.0
682.6930429688593,3482.39213627081,2799.6990933019506,2296.5016114544987,2979.194654423358,0.0
1621.303185282788,16002.724970105171,14381.421784822383,2706.7204201160375,4328.023605398826,0.0
3417.0724922087556,8716.850353670172,5299.777861461416,25710.358723864312,29127.43121607307,0.0
2534.0465578425037,907.7354905370819,-1626.3110673054218,29833.145346624075,32367.191904466577,0.0
645.2857995826853,7187.847134151525,6542.56133456884,41506.94511383268,42152.23091341536,0.0
43657.36167632736,43675.40997713417,18.048300806811312,5162.330979358292,48819.69265568565,1.0
902.2296509492469,17242.702086158715,16340.472435209469,26940.968362483454,27843.198013432702,0.0
362.93559141326955,5923.800988753761,5560.865397340492,49453.72327368523,49816.6588650985,0.0
8284.170752902348,8495.463841463989,211.29308856164062,16377.363546924646,24661.53429982699,0.0
303.30118076101104,14546.500698736863,14243.199517975852,5552.622218905468,5855.923399666479,0.0
1963.4201881003826,6950.463332839285,4987.043144738902,48607.8254767375,50571.24566483788,0.0
26.174376792570005,19069.14828340076,19042.97390660819,6392.690895434777,6418.865272227347,0.0
864.3832389357702,13785.001155382459,12920.617916446688,5178.8283051507515,6043.211544086522,0.0
1230.832343011983,16650.148778788585,15419.316435776602,25738.368703772147,26969.20104678413,0.0
5294.084811731123,8571.558132025482,3277.473320294359,21780.324874048296,27074.40968577942,0.0
10.0,18977.51996331884,18967.51996331884,5010.567452526227,5020.567452526227,0.0
15640.230836184279,15662.17240003997,21.94156385569113,1277.8295457384324,16918.06038192271,1.0
49387.07058396613,49433.54277958601,46.47219561987731,9302.543199850561,58689.61378381669,1.0
119.69524568741217,19311.464337154986,19191.769091467573,38165.40385900649,38285.0991046939,0.0
3298.915685942147,10584.071894207442,7285.1562082652945,30493.436749276887,33792.352435219036,0.0
372.07588020918786,15128.136242614719,14756.060362405531,32626.343887520943,32998.419767730134,0.0
1965.2986821289526,14115.20134314222,12149.902661013268,11557.568378133854,13522.867060262806,0.0
3074.829204503445,551.3270338019695,-2523.5021707014757,27185.070982245874,30259.90018674932,0.0
2381.9806292228454,7758.783256128392,5376.802626905546,46551.1139535497,48933.094582772545,0.0
2566.1352237477213,7969.646725209569,5403.511501461848,4776.810381811858,7342.945605559579,0.0
2455.7557155672994,13443.936666858159,10988.180951290859,12435.357798323394,14891.113513890694,0.0
269.9557143620505,9435.939637918435,9165.983923556383,37660.671936943865,37930.62765130591,0.0
6231.352705506558,2716.0977545860283,-3515.2549509205296,10240.076246958346,16471.428952464903,0.0
15304.056469162231,15368.419847974194,64.36337881196232,9221.997238356853,24526.053707519084,1.0
3578.681380558319,11782.41429756252,8203.732917004201,6137.002733731023,9715.684114289343,0.0
11836.173025633523,11932.834524859945,96.66149922642217,447.72372518095074,12283.896750814474,1.0
268.32081456874977,13072.039558945444,12803.718744376694,37726.16537127823,37994.48618584698,0.0
6711.608615639818,3559.601170849342,-3152.007444790476,18252.284673805676,24963.893289445492,0.0
395.33178729314744,19914.281935168365,19518.950147875217,32888.920361908924,33284.25214920207,0.0
2800.560301118025,18127.643083491064,15327.08278237304,21003.13347897235,23803.693780090376,0.0
1669.5063988829756,7830.79832036422,6161.291921481245,7456.75539237689,9126.261791259865,0.0
1544.4790698348136,8061.40440633012,6516.9253364953065,1489.0393660460466,3033.51843588086,0.0
2958.9675524830227,11279.890076507807,8320.922524024783,46817.13766991139,49776.10522239441,0.0
4781.402564769317,8787.547075402352,4006.1445106330348,23782.549222581834,28563.95178735115,0.0
1700.1037184423035,5334.682771213241,3634.5790527709373,405.0470823661223,2105.1508008084256,0.0
713.1843798030919,16180.130298192067,15466.945918388976,24505.57383182277,25218.758211625864,0.0
5751.136865599309,7651.077217579082,1899.9403519797725,45758.81685932989,51509.9537249292,0.0
716.1048328564797,3144.7190121426115,2428.6141792861317,14169.88472852969,14885.98956138617,0.0
1204.5647011523101,9753.404471137594,8548.839769985283,6081.144534004712,7285.709235157023,0.0
2339.3150720223007,12500.86384314207,10161.54877111977,21184.657599982114,23523.972672004416,0.0
4146.482004597833,10768.601380500892,6622.119375903058,33983.75655703174,38130.23856162957,0.0
128.44402494814548,4330.605646844324,4202.161621896178,16269.521178061974,16397.96520301012,0.0
2073.937572590548,1248.817107863719,-825.1204647268289,41570.83109651556,43644.76866910611,0.0
1148.4210082822626,3568.745875323253,2420.3248670409903,38736.08113046708,39884.50213874934,0.0
4798.6370993073615,9941.597717290637,5142.960617983275,10551.91651043077,15350.553609738132,0.0
3602.979781542269,16569.8425644453,12966.86278290303,37669.40574599179,41272.38552753406,0.0
52.05077266000462,14906.171563912654,14854.12079125265,7681.576019663333,7733.626792323337,0.0
1076.2360528819509,9803.641445031559,8727.405392149609,40702.59632107148,41778.83237395343,0.0
8380.619077364752,17338.083284024957,8957.464206660205,25972.63832587782,34353.25740324257,0.0
1561.339692303473,3861.5340610507415,2300.1943687472685,6894.941086516698,8456.280778820172,0.0
143.090623058744,772.0058644922733,628.9152414335293,47934.88706826992,48077.97769132866,0.0
389.97127336248536,2448.671602560988,2058.700329198503,35963.42529743074,36353.39657079322,0.0
1746.5710040897006,10474.749995785114,8728.178991695413,38583.40531553729,40329.97631962699,0.0
1297.6880334835582,7174.179059400051,5876.4910259164935,6065.235228258181,7362.92326174174,0.0
96.20932858395443,7690.140531681496,7593.931203097542,35119.80712702134,35216.01645560529,0.0
336.6605327033975,10515.850986608695,10179.190453905298,33926.96221071879,34263.62274342219,0.0
3111.6536317006344,8354.317913906652,5242.6642822060185,35734.3724717477,38846.026103448334,0.0
970.6774749981194,19296.362235427176,18325.684760429056,3883.6206636419292,4854.298138640049,0.0
26439.349906869942,26468.195741911753,28.84583504181137,9645.801858016528,36085.15176488647,1.0
46772.1609581963,46797.444578503775,25.283620307476667,8081.103466143434,54853.26442433973,1.0
182.0097935047016,10439.658468119504,10257.648674614802,41776.77506340834,41958.784856913044,0.0
477.6499218606454,10342.419769916858,9864.769848056212,15942.59044682912,16420.240368689763,0.0
3401.4591480214517,3041.200767780173,-360.2583802412787,1058.190699101913,4459.649847123364,0.0
160.15068660876548,12964.435673104217,12804.284986495451,39938.591455731425,40098.74214234019,0.0
736.1361760275618,11277.725855888031,10541.58967986047,24792.001555201205,25528.137731228766,0.0
3602.7741743247834,6952.837932713806,3350.063758389023,18575.978762178664,22178.752936503446,0.0
13547.444716029091,13600.941386595632,53.49667056654107,8090.185422666975,21637.630138696066,1.0
681.842064654069,17592.92957037999,16911.08750572592,20876.140305376517,21557.982370030586,0.0
1519.0590047061378,4170.527895496389,2651.468890790251,18415.519104336585,19934.578109042723,0.0
1939.9923809496695,18780.882861782542,16840.890480832873,31081.478902160674,33021.471283110346,0.0
7329.920245045135,11601.44719603794,4271.526950992805,14902.084917345726,22232.005162390862,0.0
956.7027297976103,2152.940011313497,1196.2372815158867,27176.71891870618,28133.42164850379,0.0
1190.0293272457152,8032.610250338132,6842.580923092417,41283.5722989739,42473.60162621961,0.0
295.0253262694379,2275.2081414361137,1980.1828151666757,26912.63731723828,27207.66264350772,0.0
438.61609368275646,18522.259479431872,18083.643385749114,49200.907509818026,49639.523603500784,0.0
2477.4238866241253,15606.122275045067,13128.698388420942,33509.273370560375,35986.6972571845,0.0
399.2861095103158,7098.173385541709,6698.887276031393,12092.647353237307,12491.933462747624,0.0
1524.8277160980563,8887.783275888112,7362.955559790056,37526.199034837446,39051.0267509355,0.0
1903.681971714877,7252.187990364645,5348.5060186497685,8720.527160820751,10624.209132535629,0.0
3128.194666675975,2978.6545719069672,-149.54009476900774,34782.0107859468,37910.20545262277,0.0
1438.4679726237855,9873.924101444942,8435.456128821155,26680.120076271392,28118.588048895177,0.0
37220.186462759484,37227.34034494852,7.153882189035357,9509.681864523993,46729.868327283475,1.0
103.89748622918002,12379.310132169861,12275.412645940682,32329.86419012352,32433.7616763527,0.0
916.258964913463,11456.600646709507,10540.341681796044,13056.357221653852,13972.616186567315,0.0
2202.578167304761,7428.037497619991,5225.4593303152305,27386.995473456842,29589.573640761602,0.0
825.7877846310165,12572.867300910577,11747.07951627956,38919.78071766058,39745.56850229159,0.0
44068.784232311824,44166.78427387176,98.0000415599352,9662.76251897396,53731.54675128579,1.0
510.7686587971821,3696.6685585874534,3185.8998997902713,29136.07379918894,29646.842457986124,0.0
1767.846115742747,4514.698769477262,2746.852653734515,42221.31665600435,43989.16277174709,0.0
969.6878895894839,6442.837799547852,5473.149909958368,5610.576962363645,6580.264851953129,0.0
153.98979618024993,13066.251807781424,12912.262011601173,36362.11597849895,36516.1057746792,0.0
3405.6762127717266,12053.622843939898,8647.946631168172,30170.878923614164,33576.55513638589,0.0
2767.5505664846296,5063.5494184840545,2295.998851999425,19419.659019194347,22187.209585678975,0.0
220.89763457015135,2123.524331987326,1902.626697417175,6591.830890175709,6812.72852474586,0.0
4311.893060308066,665.6637828405854,-3646.2292774674806,33956.441566743095,38268.33462705116,0.0
2611.325817575998,10601.203411833909,7989.8775942579105,13706.808359596916,16318.134177172915,0.0
870.6896993582343,4814.137486230332,3943.447786872098,9052.518023607376,9923.20772296561,0.0
2091.1185616462635,19330.23690794504,17239.118346298776,18082.266387750977,20173.38494939724,0.0
422.94839042242717,17165.04053146079,16742.09214103836,28737.784532770216,29160.732923192645,0.0
2963.9334579677547,10152.164496892989,7188.231038925234,28319.53603155487,31283.469489522628,0.0
17065.43406232394,17098.010874288277,32.57681196433623,5880.927915139572,22946.36197746351,1.0
4095.407104909522,9140.983233796833,5045.576128887311,2556.581905334859,6651.989010244381,0.0
6337.036686630445,12681.663053428854,6344.626366798409,27285.15080164742,33622.187488277865,0.0
1571.6391357000705,7785.310360914153,6213.671225214082,20597.98399478994,22169.623130490014,0.0
916.9703667658705,5143.434443452976,4226.464076687105,35702.716532772865,36619.686899538734,0.0
500.02625821224467,16172.022311607398,15671.996053395153,25634.40361644057,26134.429874652815,0.0
3531.1950827893065,2472.729582455513,-1058.4655003337934,774.1229568757668,4305.318039665073,0.0
4050.7658383112534,5303.790821224887,1253.0249829136333,11648.610603901954,15699.376442213208,0.0
2675.017903331131,7550.0336613776535,4875.015758046522,42591.84044094666,45266.85834427779,0.0
2154.2278591820527,14846.500742173142,12692.27288299109,26198.710134285695,28352.93799346775,0.0
1479.3576775545341,16957.872702869485,15478.515025314951,29455.93679901183,30935.294476566363,0.0
4056.1212662544344,6792.332288017495,2736.21102176306,35363.53629722276,39419.657563477194,0.0
180.13858051860842,7085.3601071223775,6905.221526603769,14842.601713999255,15022.740294517864,0.0
725.3823522683404,8198.118677047816,7472.736324779476,39315.47763551399,40040.85998778233,0.0
469.7980623630665,18266.849777143172,17797.051714780107,14537.193294533696,15006.991356896762,0.0
995.9637351223014,14085.435263527339,13089.471528405038,42514.93682858959,43510.90056371189,0.0
2227.6590783465003,16649.624451807333,14421.965373460833,38363.915052682416,40591.574131028916,0.0
10.0,19036.544254980796,19026.544254980796,13999.377472704866,14009.377472704866,0.0
2984.4907542762817,16200.900748527347,13216.409994251066,23010.33090783077,25994.82166210705,0.0
927.0604799335608,18837.742161938113,17910.681682004553,21428.191890284863,22355.252370218423,0.0
6416.695100382467,16818.83673341855,10402.141633036083,40510.292475166774,46926.98757554924,0.0
4596.679699101167,13989.663963268655,9392.984264167488,28980.544961414194,33577.22466051536,0.0
141.81179867263418,1375.1798212180015,1233.3680225453672,7318.796933407851,7460.6087320804845,0.0
2104.664080820528,15399.863938288147,13295.199857467618,11949.329387783824,14053.993468604353,0.0
1596.431312292162,14548.45719340267,12952.025881110509,16608.67297656785,18205.104288860013,0.0
859.1352316232878,16060.961686774868,15201.82645515158,46464.03258429046,47323.167815913745,0.0
73.66073610310623,2231.078705646537,2157.417969543431,17959.670119459075,18033.33085556218,0.0
267.4874982326768,852.581298010866,585.0937997781892,45087.0838020321,45354.57130026478,0.0
1183.8055362178272,4131.776296845607,2947.97076062778,27940.861745916074,29124.6672821339,0.0
1717.4042997051204,5798.4931785145045,4081.0888788093844,3339.8538631085994,5057.2581628137195,0.0
1226.172987650191,1178.5843974328272,-47.588590217363844,7178.873172429761,8405.046160079952,0.0
959.1444290619028,8036.6275958463175,7077.483166784415,15333.43151565582,16292.575944717722,0.0
1289.096319568669,1799.2459690023068,510.1496494336377,49990.257206690076,51279.35352625875,0.0
3929.2946446088845,4819.779462096158,890.4848174872732,38335.58372103587,42264.878365644756,0.0
495.9868570636121,3196.3727897172676,2700.3859326536553,45775.83643583483,46271.82329289844,0.0
1158.710371294503,12885.561282846733,11726.85091155223,4160.885137003523,5319.595508298025,0.0
24439.82720614723,24497.209963505615,57.38275735838397,1696.2409303157244,26136.068136462956,1.0
1014.3095422915185,17535.859541376652,16521.549999085135,26158.900491975033,27173.21003426655,0.0
255.12620656956253,12128.75670118713,11873.630494617568,10722.91146620808,10978.037672777642,0.0
80.1134324421848,12867.926742304979,12787.813309862793,37055.35208148404,37135.465513926225,0.0
701.4541850473619,14341.191908811254,13639.737723763892,32844.66173273423,33546.11591778159,0.0
3893.0538015922225,9122.044693199829,5228.990891607606,44460.70067120954,48353.75447280176,0.0
3294.6965826071323,6701.772428043138,3407.0758454360052,1025.5459660195588,4320.242548626691,0.0
280.02433815246184,13514.602845409705,13234.578507257243,10631.159480965653,10911.183819118114,0.0
740.3099796587977,14205.895658976977,13465.58567931818,29368.338972874302,30108.6489525331,0.0
813.6470167205098,17409.46694452188,16595.81992780137,6446.865270990859,7260.512287711369,0.0
203.98941927636227,16962.086922636525,16758.09750336016,2006.9694082705091,2210.9588275468714,0.0
764.2398651077931,18128.682235863907,17364.442370756115,19421.36106139285,20185.600926500643,0.0
147.30958101447223,8227.40661858816,8080.097037573688,16178.880201975593,16326.189782990064,0.0
2505.8124076510994,12258.77033560947,9752.95792795837,30792.194721061787,33298.00712871289,0.0
2256.914115647508,18978.66134115301,16721.7472255055,19402.463502920713,21659.37761856822,0.0
2020.953976434794,13416.251268298693,11395.297291863899,18594.799977058803,20615.753953493597,0.0
5726.242245382299,19291.861179397456,13565.618934015158,1972.5976461345717,7698.839891516871,0.0
12235.971159955327,12265.1725699994,29.201410044073782,446.60028877223755,12682.571448727564,1.0
129.48160931765358,4618.561042465058,4489.079433147404,44521.11018895826,44650.59179827591,0.0
355.3630509121296,7441.383621228612,7086.020570316483,9409.208458397277,9764.571509309408,0.0
1083.4050131862268,18591.041794970442,17507.636781784215,27802.866759573077,28886.271772759304,0.0
3529.115730481868,10296.25048945586,6767.134758973993,29159.7580941523,32688.873824634167,0.0
3654.9440158096263,14287.107801796245,10632.163785986619,22189.742048986438,25844.686064796064,0.0
508.79277574188785,19376.432354891906,18867.639579150018,8632.870054879488,9141.662830621375,0.0
399.7071354442774,13551.650619088283,13151.943483644005,45312.71183689341,45712.418972337684,0.0
141.82954717407415,6113.650315029469,5971.820767855395,3324.5397587383263,3466.3693059124007,0.0
1026.6385134428385,18064.823167789284,17038.184654346445,2781.9329664351358,3808.5714798779745,0.0
765.461432836637,1596.3737495939588,830.9123167573218,44533.33379459536,45298.795227432,0.0
2149.7604009439483,18980.789678122954,16831.029277179005,43966.17124348599,46115.93164442993,0.0
1027.951827748881,19146.31288605074,18118.361058301856,43239.51109999477,44267.462927743654,0.0
434.4238637980665,17638.182345300618,17203.75848150255,175.2331765529136,609.6570403509801,0.0
2263.566426447793,8581.381343107212,6317.814916659419,7539.640791617575,9803.207218065369,0.0
1110.8835802200683,10182.050733496795,9071.167153276727,7077.442549391167,8188.326129611235,0.0
1150.6391256568625,14643.864619349624,13493.225493692762,21703.55409079902,22854.193216455886,0.0
29183.13965364818,29247.90561221221,64.76595856402855,1716.3501741537302,30899.48982780191,1.0
32288.004616581493,32324.441445991502,36.43682941000952,4722.634607952153,37010.63922453365,1.0
1024.1964025498428,14502.329143416786,13478.132740866942,4290.5385854719425,5314.734988021785,0.0
2937.1498733338644,16408.506594993258,13471.356721659393,42738.91731477896,45676.06718811283,0.0
935.0787604305564,17289.672015506265,16354.593255075708,15290.129122473938,16225.207882904495,0.0
5212.632354104803,7411.26784375403,2198.6354896492267,7342.408453671306,12555.04080777611,0.0
4092.0669220315062,18713.643327047466,14621.57640501596,10618.532765124888,14710.599687156395,0.0
473.2301824724971,11914.820744423649,11441.590561951152,632.8914242081096,1106.1216066806066,0.0
5572.254530522481,2540.878586756382,-3031.375943766099,33938.79917602144,39511.05370654393,0.0
20.057796729096086,2605.2677381612934,2585.2099414321974,16341.015312586604,16361.0731093157,0.0
2782.846377187728,13247.124511649045,10464.278134461316,38396.87758090056,41179.72395808829,0.0
5653.144586567092,16541.634580280843,10888.48999371375,4197.583074989192,9850.727661556284,0.0
389.6236349662159,2942.399006376055,2552.775371409839,33065.19811434334,33454.82174930955,0.0
23380.98675034826,23384.17092480307,3.184174454811,9461.737047963454,32842.723798311716,1.0
3593.2778729868014,14175.22017072349,10581.942297736688,29008.81848982669,32602.096362813492,0.0
2154.7154416096237,3701.6067990989955,1546.8913574893718,1799.491443433393,3954.206885043017,0.0
2715.0758094986436,8645.31705597303,5930.241246474387,18156.435524481796,20871.51133398044,0.0
732.8059290589238,12915.511829979863,12182.705900920939,36970.89568329328,37703.701612352204,0.0
781.7355760289694,6796.57083726907,6014.8352612401,3027.6128120630297,3809.348388091999,0.0
340.2414831457083,3284.8789372209135,2944.6374540752054,35279.7894888246,35620.03097197031,0.0
3498.1774698706786,17977.005971195787,14478.828501325108,20148.64000616971,23646.81747604039,0.0
1432.1864738658073,9696.714121307603,8264.527647441795,46111.54349193649,47543.7299658023,0.0
1942.1836277527298,12937.532495558498,10995.34886780577,17863.546099802257,19805.729727554986,0.0
473.1217979000491,9581.648764516203,9108.526966616155,21442.718065331923,21915.839863231973,0.0
4122.8928662311855,15539.239943646971,11416.347077415787,23393.49568169658,27516.388547927763,0.0
12837.3796006538,12863.032862414897,25.653261761097383,3746.53091653261,16583.91051718641,1.0
2332.1021413481744,8764.259610884697,6432.157469536523,13040.421359638814,15372.523500986988,0.0
472.72847054968304,11924.116387446782,11451.3879168971,23450.721527639394,23923.449998189077,0.0
1159.1214844976143,9103.421493152182,7944.300008654567,5705.737859338928,6864.859343836542,0.0
35980.45478757336,36023.950698208486,43.49591063512344,6344.800731734802,42325.255519308164,1.0
1477.3071765580312,3121.451833706225,1644.1446571481938,48913.474299949405,50390.781476507436,0.0
1761.7877361877665,18868.8332142355,17107.045478047734,47937.16484542187,49698.952581609636,0.0
1011.6148622131982,3132.0804783970207,2120.4656161838225,18593.005766654718,19604.620628867917,0.0
1950.4392373129858,8852.860111092501,6902.420873779515,2274.32707361373,4224.766310926716,0.0
154.95173762261803,18450.449759499817,18295.4980218772,25178.844816929573,25333.79655455219,0.0
996.6254993948899,12760.313293669862,11763.687794274972,38807.59320528114,39804.21870467603,0.0
39.033703339754226,15477.742879163998,15438.709175824244,46069.87940000981,46108.913103349565,0.0
6225.59745000841,16987.460811390927,10761.863361382517,42741.0026496094,48966.60009961781,0.0
1408.234738941404,9962.484280871202,8554.249541929797,7139.242506978233,8547.477245919637,0.0
4777.7219021786805,6538.988366551188,1761.2664643725075,44434.66073923992,49212.3826414186,0.0
1935.5510151257047,12797.388252170069,10861.837237044365,9132.580937188612,11068.131952314316,0.0
4344.753549321048,11334.534516306856,6989.780966985808,4722.8525634359585,9067.606112757006,0.0
535.6893620974138,4614.630488296758,4078.941126199344,25574.338460441675,26110.02782253909,0.0
2645.6206457185563,2708.2473069764874,62.62666125793112,21899.887394777707,24545.508040496265,0.0
34699.004674345386,34743.42058157663,44.41590723124682,1237.6066608401104,35936.611335185495,1.0
809.9362024476936,2486.0216702764633,1676.0854678287697,1250.205642529606,2060.1418449772996,0.0
3727.052080194554,11741.533611227385,8014.481531032831,8919.912596429052,12646.964676623607,0.0
25499.141695100687,25571.33409209358,72.19239699289392,3599.7351817666945,29098.87687686738,1.0
135.93388035831293,11938.733879388928,11802.799999030616,30305.479992648656,30441.413873006968,0.0
1167.8459766691785,17317.46553775256,16149.619561083382,26031.123258572592,27198.96923524177,0.0
45.36234656509583,7330.311228051888,7284.948881486792,1858.7644024822991,1904.126749047395,0.0
3369.061012371917,16294.585501827713,12925.524489455795,40700.836775996504,44069.89778836842,0.0
1226.8929846580695,13082.916228809476,11856.023244151405,12850.311611121611,14077.20459577968,0.0
2388.9415564194373,19157.886076522118,16768.94452010268,49528.260637836735,51917.20219425617,0.0
1949.0611089151262,14799.894219978814,12850.833111063688,46499.23915670673,48448.30026562186,0.0
1726.9146453916535,3839.831507991672,2112.9168626000182,4565.443878908038,6292.358524299691,0.0
63.28908292260761,13426.671920719033,13363.382837796426,36660.24024764883,36723.52933057144,0.0
1036.7997575476584,12545.67501920499,11508.875261657331,27003.28576420859,28040.08552175625,0.0
2178.536394071978,3314.0848519058895,1135.5484578339115,23568.405508649874,25746.941902721854,0.0
2905.422049494756,7908.523673759283,5003.101624264527,30702.18034862818,33607.60239812294,0.0
1093.7626198971955,13707.363383545358,12613.600763648163,47700.790205959354,48794.55282585655,0.0
383.2084450782675,16424.777242431657,16041.56879735339,3241.710939309561,3624.919384387829,0.0
1138.3965114424755,1424.604904731656,286.20839328918055,38713.02842162256,39851.424933065035,0.0
1560.1755113595925,13631.684713772936,12071.509202413345,21014.51300271276,22574.688514072353,0.0
642.3503531701857,14320.929830740264,13678.579477570078,30565.275852769337,31207.626205939523,0.0
2172.5115971299606,12248.148823916696,10075.637226786735,30967.565296814948,33140.07689394491,0.0
626.6655932249148,2849.395537550125,2222.7299443252105,13654.072516065919,14280.738109290833,0.0
498.1697972410135,1519.4425137408125,1021.272716499799,35009.378041522825,35507.547838763836,0.0
3010.383222867769,8068.595079543861,5058.211856676093,28358.227314793534,31368.6105376613,0.0
416.5708012669001,571.2980712206609,154.72726995376075,44785.95873740007,45202.52953866697,0.0
19648.137302596988,19661.199699283916,13.062396686927968,8959.344962919022,28607.48226551601,1.0
1140.4293797662676,9167.359570566925,8026.930190800657,41172.65268796603,42313.0820677323,0.0
75.41959053781945,12651.188148082594,12575.768557544774,13645.858016218564,13721.277606756385,0.0
1461.3160839784362,11235.633362089913,9774.317278111477,32078.51477825499,33539.83086223343,0.0
4318.474622336869,2470.050806579541,-1848.4238157573282,10645.864280215284,14964.338902552154,0.0
1274.1685735789233,18705.066302174404,17430.897728595482,23689.168115391112,24963.336688970034,0.0
197.3920783747211,17877.231789973433,17679.839711598714,41446.4945596506,41643.886638025324,0.0
1407.2306561636722,2888.387628580796,1481.1569724171238,22692.662784252614,24099.893440416286,0.0
3793.6977833126816,18939.77871610544,15146.080932792758,23411.32020463162,27205.0179879443,0.0
3276.8533687302383,2980.057845833963,-296.79552289627554,48687.41070589803,51964.26407462827,0.0
5801.719454651588,8035.645343150939,2233.9258884993505,23218.51600910205,29020.23546375364,0.0
2592.6273712225716,3413.2880748485604,820.6607036259888,28018.993006838416,30611.620378060987,0.0
1224.7165590876382,8338.062529996781,7113.345970909143,462.11572905390796,1686.832288141546,0.0
983.8706854228129,8775.254508045877,7791.383822623064,38055.529424262895,39039.40010968571,0.0
649.9779479932112,10312.774540067761,9662.79659207455,12345.824755439522,12995.802703432733,0.0
1607.5593052587687,17003.201249227037,15395.641943968269,22472.959659187058,24080.518964445826,0.0
35434.06752505835,35494.94057331684,60.87304825848696,8887.277285517146,44321.344810575494,1.0
17066.793454930612,17142.702551070215,75.90909613960321,1519.6252587821514,18586.418713712763,1.0
808.3004173809956,8504.844016292951,7696.543598911955,33767.73135043296,34576.031767813955,0.0
4088.565306533237,18307.516255376362,14218.950948843125,29038.054597612656,33126.61990414589,0.0
444.32625141214197,10792.336111764605,10348.009860352464,2583.108791449484,3027.4350428616262,0.0
365.5438953716936,13842.07696617549,13476.533070803796,7363.690424916336,7729.23432028803,0.0
4123.2635948288325,18785.23999989767,14661.976405068835,5078.727211769068,9201.9908065979,0.0
38120.85219265201,38158.2847491133,37.432556461288186,7920.192079401351,46041.04427205336,1.0
2381.6511955158744,11219.486475684565,8837.83528016869,25069.823929766215,27451.47512528209,0.0
3457.9890227345427,6794.790972233081,3336.8019494985388,25644.13012547869,29102.11914821323,0.0
2678.447138143785,19941.314804844747,17262.867666700964,3218.744175751981,5897.191313895766,0.0
228.33487038373167,1278.4893849931489,1050.1545146094172,8407.054294737354,8635.389165121085,0.0
480.3540167001058,2116.8343371923825,1636.4803204922766,19902.158705204787,20382.51272190489,0.0
2234.8054686062937,2975.253124646439,740.4476560401454,8575.649882401109,10810.455351007402,0.0
941.5083927944033,1052.5802824760005,111.07188968159721,17482.669023111885,18424.177415906288,0.0
9351.004421574105,11960.21295265879,2609.208531084685,46753.83079902344,56104.835220597546,0.0
3458.85785103807,3519.4071956253715,60.549344587301675,40418.23450884083,43877.0923598789,0.0
1729.327070408071,11312.537729262829,9583.210658854758,2217.343097680058,3946.670168088129,0.0
503.79625780416524,13518.233414873084,13014.437157068918,49016.10363639129,49519.899894195456,0.0
10182.946238325228,10235.668713485267,52.72247516003881,3626.1695158546204,13809.11575417985,1.0
6498.183723013508,12421.16229683066,5922.978573817152,40927.128995275154,47425.31271828866,0.0
7899.381582671365,4650.576677747969,-3248.804904923396,38274.92502026498,46174.30660293634,0.0
4020.3634923238446,5755.055977600586,1734.692485276741,38594.60731626272,42614.970808586564,0.0
1166.9124250727004,1372.652961561644,205.74053648894346,10471.419306946678,11638.331732019378,0.0
30680.985981764243,30738.543694334086,57.557712569843716,1760.6703603765761,32441.656342140817,1.0
1819.688620392985,16596.07796709826,14776.389346705275,49983.66026210461,51803.348882497594,0.0
6583.449944872794,10427.71101115668,3844.261066283886,49160.79933268729,55744.249277560084,0.0
688.445985107883,17229.730822947913,16541.28483784003,13010.568396787681,13699.014381895564,0.0
67.50523842112143,15711.638462831814,15644.133224410692,27499.420793297646,27566.92603171877,0.0
412.9834909091608,1596.1711564676302,1183.1876655584695,35229.30160666751,35642.28509757667,0.0
2097.547628605536,4952.459421187911,2854.9117925823753,27094.008663810997,29191.55629241653,0.0
3059.287886733093,15563.70799887812,12504.420112145028,12677.48879659546,15736.776683328553,0.0
2625.1240590719854,6714.596517065248,4089.4724579932627,47824.90623885493,50450.03029792691,0.0
1867.1126336260515,3133.2436652706747,1266.1310316446231,8371.147387312561,10238.260020938613,0.0
12890.827390910852,12927.221279251256,36.393888340404374,1104.431269411511,13995.258660322363,1.0
549.2569354312059,1574.4799355972063,1025.2230001660005,16086.85149291389,16636.108428345095,0.0
2843.5556052455613,9984.255966090377,7140.700360844816,15500.817791092448,18344.373396338007,0.0
19.946780916305435,5504.902952970331,5484.956172054026,25747.36757572224,25767.314356638548,0.0
2562.086195289811,3348.8830280557445,786.7968327659337,37445.88202392598,40007.96821921579,0.0
4013.529635826294,17081.195309073177,13067.665673246884,27104.825459915937,31118.35509574223,0.0
4941.730528251061,11151.828202551593,6210.097674300532,19893.929373868425,24835.659902119485,0.0
1447.2361152346537,6131.7944141047465,4684.558298870093,25208.84101690215,26656.077132136805,0.0
3755.4299972493827,8804.916523215295,5049.486525965913,35594.10426146446,39349.534258713844,0.0
3026.627800581138,11111.512260868096,8084.884460286958,7831.709059525938,10858.336860107076,0.0
4640.969246999533,1952.9540054634815,-2688.0152415360517,14575.69291721767,19216.662164217203,0.0
3304.7507327325043,8508.657811437592,5203.907078705088,6844.015984591384,10148.766717323888,0.0
16.709492250489713,9094.721397105697,9078.011904855208,16486.555357310615,16503.264849561107,0.0
3327.2954459921725,15471.410045429584,12144.114599437411,27210.000105681393,30537.295551673564,0.0
3690.3021741469033,18236.94055354866,14546.638379401755,39610.85165776759,43301.1538319145,0.0
2070.332125360996,15510.559994018919,13440.227868657923,3590.3772722734593,5660.709397634455,0.0
613.8011765400787,3203.7243177094224,2589.9231411693436,25915.755760126114,26529.55693666619,0.0
44.13009871000306,7449.892349068462,7405.762250358459,8727.294175174828,8771.424273884832,0.0
2203.79892062243,10643.524363051814,8439.725442429384,42172.022183237015,44375.821103859445,0.0
1995.9525926911292,11739.908253345851,9743.955660654723,34968.94328666106,36964.89587935219,0.0
159.82537026824633,2924.733690127009,2764.9083198587628,43472.95582689438,43632.78119716263,0.0
2807.0029019906838,9070.40171872726,6263.398816736577,28581.986163507394,31388.989065498077,0.0
3257.3897382442956,16656.340061839415,13398.95032359512,4642.254326531026,7899.644064775322,0.0
5595.9836855853255,10945.93492389258,5349.951238307255,32731.074789852755,38327.05847543808,0.0
21858.912386760232,21940.84700163241,81.93461487217792,9424.578385332963,31283.490772093195,1.0
3107.980027392144,6552.232337608341,3444.252310216197,35494.77166907268,38602.751696464824,0.0
196.93868718841514,6139.266463334459,5942.327776146044,33072.04192253874,33268.98060972715,0.0
49540.5904740175,49574.056975015956,33.46650099845283,216.41794608235676,49757.00842009986,1.0
2490.8345777970776,8178.225260525431,5687.390682728354,45317.71055478231,47808.545132579384,0.0
773.8399032231565,10227.594963013347,9453.75505979019,6714.848219759334,7488.68812298249,0.0
532.4695497722591,8346.2255210568,7813.755971284541,43668.47198247094,44200.941532243196,0.0
1582.3831910788087,5467.049758922203,3884.6665678433947,28410.41703937454,29992.80023045335,0.0
2792.4335524242883,7137.504334712208,4345.070782287919,9467.386181492931,12259.81973391722,0.0
19209.639003999466,19231.010301484723,21.371297485256946,2815.3504010689435,22024.98940506841,1.0
2330.367869362041,14867.494089848842,12537.126220486802,6371.039167969955,8701.407037331996,0.0
2588.9308594542363,14901.648041240787,12312.717181786551,35871.722543912685,38460.65340336692,0.0
1030.8037736291078,13832.141141630105,12801.337368000997,48450.648175149996,49481.451948779104,0.0
1871.7225956861803,7471.50990433112,5599.78730864494,22292.481709935884,24164.204305622065,0.0
713.1187912493482,8755.481533340326,8042.362742090978,13563.429324158838,14276.548115408186,0.0
17437.138260912543,17440.357903121276,3.2196422087326937,9877.733321371225,27314.87158228377,1.0
2915.050518222916,9702.0989560082,6787.0484377852845,29968.961113055087,32884.011631278,0.0
2137.011781496099,3552.3196616069536,1415.3078801108545,5003.233578326665,7140.245359822764,0.0
544.0972444179905,18376.742060815563,17832.644816397573,14227.030513602806,14771.127758020795,0.0
3286.956737458742,17140.256703370116,13853.299965911374,22026.832406168913,25313.789143627655,0.0
1627.4001967779157,19187.38988638704,17559.989689609127,5492.987852636672,7120.388049414588,0.0
2182.594527572664,5102.154641312384,2919.5601137397202,37874.116237005954,40056.71076457862,0.0
4690.123045962883,16809.38225950279,12119.259213539906,46426.10375212148,51116.22679808437,0.0
1335.9936541809582,9082.355034206255,7746.361380025297,35959.828025682735,37295.82167986369,0.0
1748.9835021813424,1514.893855744563,-234.08964643677928,34748.373030292336,36497.35653247368,0.0
1166.1966818636079,16208.826115604055,15042.629433740447,38480.00756473661,39646.20424660022,0.0
7135.596276583399,18685.05081976624,11549.45454318284,27671.47805818637,34807.07433476977,0.0
1803.9958612113685,8745.933976652197,6941.938115440828,17369.868087516945,19173.863948728314,0.0
12.798952891657462,17513.024894131646,17500.225941239987,29010.948184527024,29023.747137418683,0.0
4039.24127644106,18950.644432829595,14911.403156388535,42713.384632876536,46752.6259093176,0.0
1229.5589902644601,15681.059661202438,14451.500670937978,32340.283017454847,33569.84200771931,0.0
883.3123836402135,11552.719047704088,10669.406664063874,25634.19767249714,26517.51005613735,0.0
21948.595127763816,21959.070953717666,10.47582595385029,7786.746648941558,29735.341776705376,1.0
1751.1075544057371,6679.6306855521825,4928.523131146445,45572.70017274196,47323.8077271477,0.0
2196.827491037926,2516.2012642858094,319.3737732478835,14889.353661464944,17086.181152502868,0.0
165.19923092348773,11202.41423407274,11037.215003149251,632.1300700009247,797.3293009244123,0.0
3183.59447156223,8482.225957206656,5298.631485644426,22600.414399354057,25784.00887091629,0.0
4541.948250256715,7521.168087649157,2979.219837392442,42986.43917511163,47528.387425368346,0.0
214.93076548758702,9243.95289981069,9029.022134323104,32462.13664189853,32677.06740738612,0.0
3002.4850809092513,6149.695682895185,3147.210601985934,36445.106789537494,39447.59187044675,0.0
804.980097288224,6028.390210283318,5223.410112995094,14622.273049869795,15427.253147158019,0.0
1668.4150833005235,11916.975797143194,10248.56071384267,8967.667963227594,10636.083046528118,0.0
2342.6684917530642,6270.563805115623,3927.8953133625587,46026.76156198138,48369.430053734446,0.0
151.03165911722172,6301.10706485703,6150.075405739809,45971.48002792038,46122.5116870376,0.0
1044.8113649091945,1875.7262423429445,830.91487743375,34318.61163863217,35363.423003541364,0.0
1411.0139495545995,6403.968348539788,4992.954398985188,17279.043667434875,18690.057616989474,0.0
2503.195722539067,1946.4358140890881,-556.7599084499789,35841.86033669513,38345.05605923419,0.0
2697.8132070961883,15886.291781939919,13188.478574843732,33088.25773636979,35786.07094346598,0.0
2010.2750558831008,10482.803298297593,8472.528242414492,47020.06861310928,49030.343668992384,0.0
1340.7983106552035,13246.301289909597,11905.502979254394,21448.499035875364,22789.297346530566,0.0
1634.7208151229859,5155.65953617747,3520.9387210544837,47624.565021716226,49259.28583683921,0.0
255.55979526784395,3585.694465397623,3330.134670129779,43963.632059145464,44219.19185441331,0.0
5237.985838081075,12984.892841569386,7746.907003488312,11420.922841596792,16658.908679677865,0.0
789.8039441005366,11362.427930748567,10572.62398664803,19683.809194451067,20473.613138551602,0.0
1323.3767669992874,12722.284432510969,11398.907665511682,18849.66176833174,20173.03853533103,0.0
1387.8995879767008,4403.007119362654,3015.107531385953,10203.652920090344,11591.552508067045,0.0
1214.747018390625,19507.82158605581,18293.074567665182,21916.63878071769,23131.385799108317,0.0
43957.64129768168,43981.34544857355,23.704150891870086,5578.538491301954,49536.17978898363,1.0
1181.2020255817445,3412.9419064154254,2231.739880833681,28204.246084431255,29385.448110013,0.0
1156.8196944761544,6455.563221583651,5298.743527107497,7415.086740387355,8571.90643486351,0.0
1426.1039851194755,8957.61220521271,7531.508220093235,38640.22464308703,40066.3286282065,0.0
549.6610133267895,17151.9950287836,16602.33401545681,15535.176177912046,16084.837191238836,0.0
4613.548855296854,15423.667840745033,10810.118985448178,928.535938254943,5542.084793551797,0.0
3528.127981870848,3712.313173310619,184.18519143977073,10222.31835328315,13750.446335153998,0.0
412.621553586591,13504.6550403421,13092.03348675551,30415.45140517798,30828.072958764573,0.0
528.5163098362362,7190.752570131684,6662.236260295447,49460.326289904646,49988.842599740885,0.0
703.5451382092705,18074.554552032983,17371.009413823715,917.4330836816291,1620.9782218908995,0.0
369.91035555144356,4412.019236930728,4042.1088813792844,27313.9552395142,27683.865595065643,0.0
438.0246863178717,5635.590570462546,5197.565884144674,19216.951397926387,19654.97608424426,0.0
149.87474366858658,9483.88734129137,9334.012597622785,42959.10997055542,43108.98471422401,0.0
4814.628146322393,13967.143470586161,9152.515324263768,10085.227869322089,14899.856015644482,0.0
452.8795410999841,4669.12360792329,4216.244066823307,24199.537516626995,24652.41705772698,0.0
103.3225704270098,1289.9288723557756,1186.6063019287658,14582.938525046851,14686.261095473861,0.0
1572.962057669807,10132.750012798078,8559.787955128271,19672.40766118179,21245.369718851598,0.0
2338.917126316868,6734.556562127157,4395.63943581029,36535.34421814431,38874.26134446118,0.0
1028.4200785166,8439.703820108938,7411.283741592339,14447.890957035857,15476.311035552457,0.0
828.7311838440027,14144.405004509576,13315.673820665574,19541.67746336109,20370.408647205095,0.0
1011.7260531493366,18317.686133125957,17305.96007997662,13699.530023629502,14711.256076778838,0.0
47237.43599357255,47254.133380939806,16.697387367254123,8759.339254453247,55996.7752480258,1.0
269.35444707962614,10505.005758176972,10235.651311097346,477.90930740342907,747.2637544830552,0.0
435.7925218809,15556.964538508844,15121.172016627945,30077.425318985308,30513.217840866208,0.0
3628.173701241865,11034.236702183063,7406.063000941198,30475.25612247155,34103.42982371341,0.0
846.4958145330454,10619.27860316276,9772.782788629715,31573.67835663751,32420.174171170554,0.0
526.5649275567495,7114.466909802401,6587.901982245651,48160.13204857083,48686.696976127576,0.0
444.3372679938362,7383.592643950807,6939.25537595697,26104.76184573945,26549.099113733286,0.0
21028.54343649048,21042.962382881095,14.41894639061502,1992.4187858461817,23020.96222233666,1.0
4550.246450389046,14165.764151033936,9615.51770064489,15061.28740311397,19611.533853503017,0.0
1200.1857928645861,12929.389939093078,11729.204146228492,27393.54053186099,28593.726324725576,0.0
519.610313834788,15448.620921885007,14929.01060805022,15980.906275403562,16500.516589238352,0.0
61.874697797474425,7743.535117022195,7681.6604192247205,29532.76133043205,29594.636028229525,0.0
499.11053778105025,8505.194294852843,8006.083757071793,40016.24297032446,40515.353508105516,0.0
2333.557192114379,14072.612436287716,11739.055244173338,43113.586467646965,45447.14365976134,0.0
4869.111879047198,1765.5359509989844,-3103.575928048214,38459.3394997964,43328.451378843594,0.0
3096.563586149921,6758.241047229088,3661.6774610791667,35792.50077634055,38889.06436249047,0.0
3057.2042471916066,13084.239653386852,10027.035406195246,9334.196295715836,12391.400542907442,0.0
29290.077832499715,29356.290567385142,66.21273488542647,7554.990686967872,36845.06851946759,1.0
648.726759385217,18591.93384781865,17943.207088433435,30835.616538356742,31484.343297741958,0.0
946.5906611153572,13731.08285494608,12784.492193830723,15397.185383096601,16343.776044211958,0.0
14102.876083123176,14117.205682266269,14.329599143093219,8874.074739689635,22976.95082281281,1.0
461.97878375889286,19630.075037743984,19168.09625398509,17342.85054644448,17804.82933020337,0.0
153.32275190890988,6922.895751390477,6769.572999481567,14732.445153125023,14885.767905033934,0.0
592.9419201849682,5737.679191834651,5144.737271649683,24063.80752558084,24656.749445765807,0.0
2180.243718297424,6180.228070507353,3999.9843522099286,14835.31445849498,17015.558176792405,0.0
853.945890557428,15473.288000954179,14619.34211039675,13573.033151049545,14426.979041606974,0.0
51.35521908294876,18574.69746184435,18523.3422427614,47671.79123789176,47723.14645697471,0.0
5983.477050066872,5533.099041881587,-450.37800818528467,35651.572818755194,41635.04986882207,0.0
773.6205873347932,4577.398609497478,3803.778022162685,20922.339485811397,21695.96007314619,0.0
3219.5856378034964,18635.104866925914,15415.519229122418,6196.959713221972,9416.545351025468,0.0
6869.185622368583,13760.898099298262,6891.712476929679,27386.8722162137,34256.05783858228,0.0
137.95440156381082,17086.313847478687,16948.359445914877,21492.818455560613,21630.772857124422,0.0
5774.347362481949,2269.0572135827015,-3505.2901488992475,23016.349238891642,28790.69660137359,0.0
327.5285663893017,14290.952402540754,13963.423836151453,20072.17746300019,20399.70602938949,0.0
1918.3109135951565,1738.9465872664123,-179.36432632874426,49752.637623962364,51670.948537557524,0.0
277.40932193880064,13605.160301903841,13327.75097996504,21965.16361639985,22242.57293833865,0.0
4132.228150214905,4514.802559948688,382.5744097337829,10834.332185269635,14966.56033548454,0.0
2764.311082609331,7314.745330886198,4550.434248276866,35781.961803347964,38546.272885957296,0.0
362.50315524363293,18632.47440473064,18269.971249487007,32518.278024772284,32880.78118001592,0.0
712.7800478224141,19105.567010635914,18392.7869628135,5634.893021916259,6347.673069738674,0.0
2023.4093701342424,4188.204578371431,2164.7952082371885,45603.222643819456,47626.6320139537,0.0
5369.264687172432,1291.421386626554,-4077.843300545878,45520.554478905804,50889.81916607823,0.0
1360.645849311906,6413.980008276183,5053.334158964277,17560.981533378483,18921.62738269039,0.0
794.5123838399571,2889.12327947333,2094.610895633373,39038.66174435947,39833.17412819943,0.0
4644.355498354065,5582.9944599609835,938.6389616069182,17918.381616619918,22562.737114973985,0.0
886.7692519376058,6367.921926725666,5481.15267478806,39457.197564645605,40343.96681658321,0.0
1720.6792628377675,16495.712731878957,14775.03346904119,42992.57359578316,44713.25285862092,0.0
434.239753297026,13713.418050942086,13279.17829764506,15734.448693566328,16168.688446863354,0.0
313.0617219709395,18222.116705478817,17909.05498350788,14010.820349528552,14323.882071499493,0.0
22.96733820852711,15270.646489100509,15247.679150891981,1758.035664431934,1781.003002640461,0.0
677.8431292674276,14016.802524949997,13338.95939568257,28961.00176137789,29638.84489064532,0.0
23005.009331531714,23042.64639426154,37.63706272982745,1978.5464967766443,24983.55582830836,1.0
120.70059262386843,2218.468105260876,2097.7675126370077,33380.36148635016,33501.06207897403,0.0
3688.1542826429554,13046.86451558795,9358.710232944994,19731.453495301597,23419.60777794455,0.0
3111.154315462701,17290.15129945869,14178.996983995987,36770.701275350155,39881.855590812855,0.0
2357.6130056400384,7090.414595189336,4732.801589549297,9358.930449424513,11716.543455064551,0.0
11549.356178433092,11628.614894436449,79.25871600335631,9587.846047250312,21137.202225683403,1.0
1321.5367426536143,2179.264154874289,857.7274122206748,21194.987599849912,22516.524342503526,0.0
49576.69883144252,49626.096330273045,49.397498830527184,4154.820866996033,53731.519698438555,1.0
21060.635381594555,21097.44874059267,36.81335899811529,5969.602868455279,27030.238250049835,1.0
4520.48424177426,15973.979343462204,11453.495101687944,9320.69235831634,13841.176600090601,0.0
373.92250395483285,10883.182703736,10509.260199781167,49243.5783056801,49617.500809634934,0.0
2035.1300354602056,12750.028643314357,10714.898607854151,21179.291343953944,23214.42137941415,0.0
4913.777055387114,4635.584130808866,-278.1929245782485,9905.20971205437,14818.986767441484,0.0
167.16925216108433,3209.718152353866,3042.5489001927817,32678.257634055102,32845.426886216184,0.0
1976.1538578696525,2587.068117115243,610.9142592455903,27888.23795490309,29864.39181277274,0.0
426.05806371992804,10902.864070523266,10476.80600680334,19252.06189202058,19678.11995574051,0.0
631.7029308722746,17931.703458064814,17300.00052719254,15474.078959743349,16105.781890615623,0.0
1806.9828842524182,3242.7401150565015,1435.7572308040833,31443.02926722511,33250.012151477524,0.0
1213.0743575809038,13633.57734293655,12420.502985355648,39225.50678387766,40438.58114145856,0.0
359.2237324366271,8271.90487081049,7912.681138373862,37938.18753509388,38297.41126753051,0.0
25964.801712424032,26038.623392437665,73.82168001363243,8045.587144686301,34010.38885711033,1.0
726.9707227954459,12427.285675097275,11700.31495230183,22143.525305294526,22870.496028089972,0.0
871.9070692334667,7008.643642861057,6136.73657362759,8327.279429690065,9199.186498923531,0.0
1287.3083392705855,17827.68596852447,16540.377629253886,29512.66826298472,30799.976602255305,0.0
1874.6176451331992,1671.4267829221576,-203.19086221104158,48612.990087085534,50487.607732218734,0.0
18.47921122198882,7855.434757923955,7836.955546701966,10259.141669758037,10277.620880980026,0.0
300.8349084189144,15605.726085963843,15304.891177544929,40874.91282628333,41175.74773470225,0.0
158.36968038982462,2495.4775009142313,2337.1078205244066,8111.4785548248465,8269.848235214671,0.0
351.9541736815098,4255.341832941294,3903.3876592597844,49095.88922507071,49447.843398752215,0.0
9522.444475702783,9559.556444824657,37.1119691218737,3815.2769466031123,13337.721422305895,1.0
106.42930291424265,7413.690072157844,7307.260769243601,22153.796646672443,22260.225949586686,0.0
7447.114017399986,10943.078225407065,3495.96420800708,36210.24564041851,43657.359657818495,0.0
921.0668962374788,5735.75148585116,4814.684589613682,25024.74475383069,25945.81165006817,0.0
848.9382630227224,15763.540647902042,14914.60238487932,10337.332287011957,11186.27055003468,0.0
33819.1509616361,33917.46719062724,98.31622899114154,671.8519652390131,34491.00292687511,1.0
595.7536464449513,4697.254499768597,4101.500853323646,30648.86707946802,31244.62072591297,0.0
8280.794073682617,6999.3472674752375,-1281.4468062073793,4448.776793466919,12729.570867149536,0.0
6491.996544544853,825.0952366928454,-5666.901307852007,14578.838478788264,21070.83502333312,0.0
164.45890008982767,13984.358143365092,13819.899243275266,39352.832699518316,39517.29159960814,0.0
3057.5453814203047,18651.240851428247,15593.695470007942,4233.807762134495,7291.353143554799,0.0
2354.630573309625,4766.048314012153,2411.417740702528,16560.690731156068,18915.321304465695,0.0
595.9575062777931,5325.528134046354,4729.570627768561,19927.185718269124,20523.14322454692,0.0
2381.590804842675,4321.6136016843575,1940.0227968416825,14614.508635462658,16996.099440305334,0.0
1668.732946149207,10997.364254193286,9328.63130804408,10862.328624044021,12531.061570193227,0.0
4012.4881239363094,3929.8605266639106,-82.62759727239882,14263.899847043987,18276.387970980297,0.0
827.5812868100617,12968.035218354911,12140.45393154485,19145.820366488704,19973.401653298766,0.0
277.7862896938434,6815.963275317394,6538.1769856235505,12587.969327272402,12865.755616966246,0.0
1782.794751329889,980.565890408292,-802.2288609215971,35255.65733194975,37038.45208327963,0.0
2030.974688316776,957.4509235625115,-1073.5237647542644,19439.75594807013,21470.730636386907,0.0
2518.6234492962026,18560.76323508522,16042.139785789015,45061.201148889464,47579.82459818567,0.0
1378.828088975233,18260.501144944003,16881.67305596877,7825.394954022824,9204.223042998057,0.0
3397.326068072359,5089.973607017972,1692.6475389456136,23796.334868248163,27193.66093632052,0.0
834.2648679903435,8065.468710758784,7231.203842768441,33965.83326567768,34800.09813366802,0.0
2259.8392763761135,13449.445363396766,11189.606087020653,25228.84839464003,27488.687671016145,0.0
1910.1641532397473,16241.602161861883,14331.438008622135,5193.689513940525,7103.853667180272,0.0
137.76731471825468,16908.075319146774,16770.30800442852,10996.715691529063,11134.483006247317,0.0
1417.5689695524122,14998.299447691967,13580.730478139554,19148.350553215663,20565.919522768076,0.0
2421.101297023034,18828.525271271323,16407.42397424829,18023.151457462776,20444.25275448581,0.0
527.7933258825776,17693.324907952403,17165.531582069827,5448.58146519579,5976.374791078368,0.0
1323.255818820049,17405.35033519499,16082.094516374942,9882.389055980768,11205.644874800817,0.0
1341.3753498433603,2263.1700669373845,921.7947170940242,45082.669335635255,46424.04468547861,0.0
1437.6182019761252,5856.748139739301,4419.129937763176,17225.092757123082,18662.710959099208,0.0
1925.81135949607,13699.009378637742,11773.198019141671,32088.77022205056,34014.58158154663,0.0
1787.2650602923507,14548.906458523745,12761.641398231393,7184.580363086696,8971.845423379047,0.0
3722.854546598158,3013.6004089332296,-709.2541376649283,23458.30242836993,27181.15697496809,0.0
5792.343365748872,2534.1052033617025,-3258.2381623871697,21392.028531352647,27184.37189710152,0.0
1784.3217594469286,10229.874912305464,8445.553152858536,24013.34628328137,25797.6680427283,0.0
140.4953005822166,6295.675219979372,6155.179919397156,33362.241431661976,33502.73673224419,0.0
1508.5588203878922,18794.53286423209,17285.9740438442,8528.018900325924,10036.577720713816,0.0
3699.3522742740583,19438.78828176714,15739.436007493083,7783.806277098771,11483.15855137283,0.0
38653.12762587312,38657.675421003725,4.547795130602026,3450.206666104666,42103.334291977786,1.0
1602.1774346729378,11306.309571414502,9704.132136741564,23561.834364582384,25164.01179925532,0.0
1251.1128976480545,9177.864332644427,7926.751434996373,46789.99157646457,48041.104474112624,0.0
778.2600450388405,17968.406765423795,17190.146720384953,31323.192762702794,32101.452807741636,0.0
1008.154312617058,14062.02495396418,13053.870641347123,44421.5852572048,45429.73956982186,0.0
3314.7490145194247,4257.189731490656,942.4407169712317,19209.709246298873,22524.458260818297,0.0
1115.8391226447245,18888.903838091854,17773.06471544713,17532.46414770093,18648.303270345656,0.0
285.8527769504676,8839.989866652491,8554.137089702024,22264.738618760523,22550.59139571099,0.0
463.84539709850037,2569.535376525879,2105.6899794273786,49419.49393199314,49883.33932909164,0.0
1720.2045828044397,14489.3693304016,12769.16474759716,5525.067561384501,7245.272144188941,0.0
633.2865382172131,4583.430922023705,3950.1443838064915,34773.78020945387,35407.06674767108,0.0
271.2363312440897,962.4690259629168,691.2326947188271,39896.56837556578,40167.80470680987,0.0
351.6167170001257,17368.88643782018,17017.269720820055,1787.419723293232,2139.036440293358,0.0
1919.0589887274768,1530.1049312177483,-388.9540575097285,42166.61774459687,44085.67673332435,0.0
152.67544511187415,8566.477709872535,8413.802264760661,8489.631977547368,8642.307422659242,0.0
193.816073240776,4687.517796962969,4493.7017237221935,40382.980078739005,40576.79615197978,0.0
2143.626576339525,6348.623250724791,4204.9966743852665,33947.2712140335,36090.89779037303,0.0
1727.334500935961,5810.1502450311145,4082.8157440951536,39849.38273794927,41576.717238885234,0.0
2752.4578807796847,7176.704904269263,4424.247023489579,26260.110011539855,29012.56789231954,0.0
874.7517492021875,2953.1455587480004,2078.393809545813,35804.59589157567,36679.34764077786,0.0
216.31989207718817,3246.9377770417955,3030.617884964607,15501.092310805121,15717.41220288231,0.0
9500.0,4422.872858721064,-5077.127141278936,49234.27769576195,58734.27769576195,0.0
3394.129501260106,3979.7881449183083,585.6586436582024,21319.494738471258,24713.62423973136,0.0
332.93910025700137,5670.829453075434,5337.890352818433,39332.62580381734,39665.564904074345,0.0
79.55344154956627,4045.26508050552,3965.7116389559537,28656.396163628233,28735.9496051778,0.0
2095.136772813943,5212.348955974111,3117.212183160168,26262.52324152441,28357.660014338355,0.0
1317.8827948925627,10089.917336161527,8772.034541268964,19242.813124652675,20560.695919545236,0.0
3823.540222616968,8008.632086519753,4185.091863902785,20094.93539779833,23918.475620415298,0.0
1631.9110219359625,10283.133737125285,8651.222715189322,45890.127010479184,47522.03803241515,0.0
37328.46207457213,37381.66025456263,53.19817999049701,3022.4939491319747,40350.95602370411,1.0
3411.682051119931,17253.04201514905,13841.35996402912,24597.019130467834,28008.701181587763,0.0
4362.2651387932265,8050.851253599036,3688.5861148058093,10073.074789658021,14435.339928451249,0.0
482.63154851694526,10831.760834760371,10349.129286243426,10300.870214568802,10783.501763085747,0.0
5685.188611055682,10495.236210522127,4810.047599466446,23349.97097666101,29035.15958771669,0.0
1407.4149795135088,19183.693336187676,17776.278356674167,7942.63459719779,9350.049576711299,0.0
2204.4450356247735,11994.680660318314,9790.235624693541,14586.194359018045,16790.639394642818,0.0
1038.7329683550672,7659.807701052941,6621.074732697874,48365.95861152956,49404.69157988463,0.0
49756.90820325368,49797.275569016085,40.36736576240219,5010.205720156251,54767.11392340993,1.0
720.0274496578934,14304.982620673187,13584.955171015294,304.37654877950024,1024.4039984373935,0.0
4805.882370324289,9719.47023338087,4913.58786305658,38667.65567417148,43473.53804449577,0.0
434.96421606192314,12324.990646504108,11890.026430442185,30250.153066901654,30685.117282963576,0.0
181.8641890349117,14962.840515340551,14780.97632630564,46834.39633335747,47016.26052239238,0.0
508.90055950571065,5131.564351584173,4622.663792078462,7278.387932625058,7787.288492130769,0.0
587.7776685868027,13302.97269679322,12715.195028206417,33109.29428559168,33697.07195417848,0.0
43845.13005761989,43913.3942377644,68.2641801445061,7915.32618666892,51760.45624428881,1.0
6838.999121050817,14452.36611511201,7613.3669940611935,21582.588129698048,28421.587250748864,0.0
1963.9715773044702,17056.173009027723,15092.201431723253,14228.041988080131,16192.013565384601,0.0
282.4058380703329,3077.1546617379618,2794.748823667629,30892.957703112796,31175.363541183127,0.0
1242.3065589182331,8371.110542622817,7128.8039837045835,36941.37186755898,38183.67842647721,0.0
8629.502169066758,9003.374364276597,373.87219520983854,41566.20356426248,50195.70573332924,0.0
171.9461138047574,3491.5512065872163,3319.605092782459,21611.35377455211,21783.29988835687,0.0
3044.9051522289615,9046.822856646735,6001.917704417774,38199.85246597715,41244.75761820611,0.0
256.54779794001234,19611.012888041452,19354.46509010144,29572.49657215124,29829.044370091255,0.0
3615.535284230125,10424.701288229928,6809.166003999802,35463.600583490654,39079.135867720775,0.0
5780.892498336065,16611.23882761679,10830.346329280726,2000.9820369502995,7781.874535286364,0.0
6065.281597357631,15453.553507446575,9388.271910088944,33685.58238604244,39750.86398340007,0.0
12240.778234648325,12264.24658793685,23.468353288524668,4151.976391419093,16392.754626067417,1.0
594.2872298591737,2291.0815759694196,1696.794346110246,13283.923275141862,13878.210505001036,0.0
3301.774160969139,14166.881096255658,10865.10693528652,24605.83285429308,27907.60701526222,0.0
172.8565513436872,8306.954223376699,8134.097672033012,15752.798465932721,15925.65501727641,0.0
177.88863937464177,19140.41659925986,18962.527959885218,23349.57269509074,23527.461334465384,0.0
566.3276170018667,18706.738669592236,18140.41105259037,28485.39252849666,29051.720145498526,0.0
1797.5890483738378,5759.978084538458,3962.38903616462,28475.59346722106,30273.182515594897,0.0
4344.624912940855,2523.6068183774437,-1821.0180945634115,47213.307982777544,51557.9328957184,0.0
44177.88368851062,44268.38137668879,90.49768817816948,8864.360553553905,53042.244242064524,1.0
3447.8678119179253,14539.21101770485,11091.343205786925,32424.879877360207,35872.747689278134,0.0
223.817860070722,748.7513542948957,524.9334942241737,36189.76150873928,36413.57936881,0.0
2240.22083130239,5400.4998992720575,3160.2790679696677,16622.385912381917,18862.606743684308,0.0
46686.76681580423,46777.183184199836,90.4163683956067,9590.084436087262,56276.851251891494,1.0
332.4504022171337,11385.51913045339,11053.068728236256,22636.271331497,22968.721733714134,0.0
729.1962438952044,6751.067927321731,6021.871683426527,49937.501719565844,50666.69796346105,0.0
222.74201418164915,13868.003100971153,13645.261086789504,9429.9465635796,9652.68857776125,0.0
284.3364175331189,14035.567252536619,13751.2308350035,47380.12508038611,47664.46149791923,0.0
846.9215548465312,1108.6644266055773,261.7428717590461,35983.196279835574,36830.1178346821,0.0
876.4886141589814,4133.177142111404,3256.688527952422,41760.86303043844,42637.351644597424,0.0
1133.836750145098,6731.993812069967,5598.157061924869,34669.75012991889,35803.58688006399,0.0
1616.4609638626625,2110.157081687905,493.69611782524225,20703.39128839082,22319.852252253484,0.0
257.11242698670503,1276.0439830452246,1018.9315560585196,20187.830523917328,20444.942950904035,0.0
403.7755992063225,10123.4290618817,9719.653462675376,31553.288908384813,31957.064507591134,0.0
3515.3312784570153,4941.677661547127,1426.3463830901119,70.911006695773,3586.242285152788,0.0
234.68759925351702,3142.5790344347038,2907.891435181187,39625.084093073296,39859.771692326816,0.0
1900.1691557042914,15523.029847838554,13622.860692134262,8681.9656312706,10582.13478697489,0.0
3897.2561871718876,12864.073592214176,8966.817405042288,22936.441210012043,26833.69739718393,0.0
4553.169418958063,3490.61413460704,-1062.5552843510231,6050.785837432443,10603.955256390505,0.0
3676.0874523811567,1567.527154062105,-2108.560298319052,33903.01883938376,37579.10629176492,0.0
67.53369141104811,19348.520019354677,19280.98632794363,22017.588694662616,22085.122386073665,0.0
456.4017225231275,7979.564124642196,7523.162402119068,24960.575176663337,25416.976899186466,0.0
366.3006776461169,3261.4213370490365,2895.1206594029195,41642.15464334187,42008.45532098799,0.0
22055.075037683364,22079.701610081444,24.62657239807959,9002.770271276917,31057.84530896028,1.0
523.8120604507893,17672.68626055927,17148.87420010848,27637.372379835175,28161.184440285964,0.0
522.7133048625124,13349.384481727484,12826.671176864971,7463.09484944031,7985.808154302822,0.0
4281.210880684546,11652.001687949598,7370.790807265052,37999.857916548426,42281.068797232976,0.0
3871.667487671538,6047.983214977661,2176.3157273061233,4529.2678773050875,8400.935364976625,0.0
10.0,3987.4008359020872,3977.4008359020872,1749.1244154031415,1759.1244154031415,0.0
5885.647473994422,4622.909530978767,-1262.7379430156552,17221.9144214255,23107.561895419924,0.0
448.6226874845159,16252.713310619134,15804.090623134618,38027.90577599614,38476.52846348066,0.0
5294.231505256959,6655.245726155318,1361.0142208983589,28661.147877812182,33955.37938306914,0.0
1459.9491874370412,8560.17796748825,7100.228780051208,31129.6898281345,32589.639015571538,0.0
222.92194903320882,13252.887317694842,13029.965368661633,31371.95038410755,31594.872333140756,0.0
2507.6985755535516,5940.661661782034,3432.963086228482,12662.26815201254,15169.966727566092,0.0
631.4627313853321,5116.049279149742,4484.586547764409,31108.34620868039,31739.80894006572,0.0
1787.5568091891669,15496.692096614623,13709.135287425455,22881.593727258754,24669.15053644792,0.0
3273.927009470685,11631.633998114097,8357.706988643413,22341.711525996434,25615.63853546712,0.0
1174.131346885806,12351.373990496777,11177.24264361097,11316.541986853728,12490.673333739534,0.0
7571.477569718712,2586.3295929051546,-4985.147976813558,41247.34647302787,48818.824042746586,0.0
9500.0,5222.819894256272,-4277.180105743728,14892.500564305139,24392.50056430514,0.0
1452.511745116336,14645.097232405737,13192.585487289401,3991.553328143671,5444.065073260007,0.0
19943.50227261622,20020.08750301992,76.58523040369982,4726.647293648447,24670.149566264667,1.0
3379.793554972252,2165.3590881730725,-1214.4344667991795,15186.047679559433,18565.841234531686,0.0
3136.3908324422973,4249.029410127792,1112.638577685495,9370.564399188846,12506.955231631144,0.0
4127.815981051081,12001.770691575235,7873.9547105241545,41118.17569062153,45245.991671672615,0.0
1064.1728863006745,8532.957697939142,7468.7848116384675,42112.47925996171,43176.65214626238,0.0
421.1342569258183,15952.905048215634,15531.770791289817,22864.989899844895,23286.124156770715,0.0
2860.785506153728,16766.20011006461,13905.41460391088,18599.73798945809,21460.52349561182,0.0
46713.540663265725,46722.86515518786,9.324491922132438,4178.188061062537,50891.72872432826,1.0
6322.40685459067,11046.127747445023,4723.720892854353,2496.1242831689547,8818.531137759624,0.0
1003.3230803171565,6900.974240908073,5897.651160590916,1107.9767772260773,2111.299857543234,0.0
1996.4054977277615,17197.559996911863,15201.154499184102,18194.019681344165,20190.425179071928,0.0
3915.393473911706,7856.413721456061,3941.0202475443543,41246.92399086987,45162.317464781576,0.0
640.3777447540951,16314.799811175351,15674.422066421255,16929.29859707868,17569.676341832776,0.0
467.18437237191944,17737.95664898814,17270.77227661622,4333.928057541536,4801.112429913455,0.0
895.9355481473119,6372.600885816184,5476.665337668872,19418.343883577378,20314.279431724688,0.0
2223.961441097876,9153.779796005547,6929.818354907671,46266.486843729916,48490.44828482779,0.0
1246.1171976081976,9751.480825869894,8505.363628261697,30608.311036157284,31854.42823376548,0.0
4092.0120034896977,1268.642909847078,-2823.3690936426196,22506.21363176194,26598.225635251638,0.0
1720.0919926377592,10168.479716646512,8448.387724008753,35456.19204076145,37176.28403339921,0.0
707.7924980065296,9275.47267079215,8567.680172785622,20201.497516422995,20909.290014429524,0.0
34136.93575670272,34146.60472833649,9.668971633771434,7346.544978530639,41483.48073523336,1.0
350.5168694591264,5465.943434854256,5115.42656539513,16454.794015737978,16805.310885197105,0.0
1073.8019691807456,12164.557688069046,11090.7557188883,36705.34904405633,37779.151013237075,0.0
2374.768228778372,7325.133935226985,4950.365706448613,7494.714766407906,9869.482995186278,0.0
162.10889777456495,14906.698476534386,14744.58957875982,14514.874152201717,14676.983049976283,0.0
676.9347337781078,7456.101801523674,6779.167067745566,30823.967927062222,31500.90266084033,0.0
1063.0083437653234,10104.176153399914,9041.167809634591,37933.69423433905,38996.70257810437,0.0
4456.857780886112,12456.822034490782,7999.96425360467,38590.48881349978,43047.34659438589,0.0
3281.870366453285,11236.127373556603,7954.257007103318,6726.2746144592265,10008.144980912512,0.0
1142.7877347937053,3809.252163527276,2666.4644287335705,9499.825460114225,10642.61319490793,0.0
830.9456285080682,10745.923967038025,9914.978338529956,27844.53191365472,28675.477542162786,0.0
517.3734922787627,18299.615607953303,17782.24211567454,3648.416646284386,4165.7901385631485,0.0
1387.7326630362795,13035.25112090689,11647.51845787061,961.5851728380087,2349.317835874288,0.0
716.9681896743889,17256.83654587428,16539.86835619989,16773.830528043487,17490.798717717877,0.0
301.61642322359904,17489.801093527283,17188.184670303683,5716.155705956261,6017.77212917986,0.0
1858.1923379636992,15868.31932893177,14010.12699096807,21406.402535507084,23264.594873470785,0.0
3205.4786002018222,19111.730049633275,15906.251449431453,32708.415599596614,35913.89419979844,0.0
518.151300866055,8779.165840126134,8261.014539260079,41426.92879635247,41945.080097218524,0.0
4930.244227605694,16510.122968380405,11579.878740774711,28991.63706334319,33921.881290948884,0.0
188.3507217295123,9490.154577907335,9301.803856177823,27101.76927530591,27290.11999703542,0.0
5841.823418529371,11974.409188842319,6132.585770312948,18431.032624914435,24272.856043443804,0.0
160.65847959723786,9481.037147463987,9320.37866786675,1580.7505635621055,1741.4090431593434,0.0
767.659214080318,8837.066179514384,8069.4069654340665,46215.817750371454,46983.47696445177,0.0
3073.2763787940166,13623.6592426292,10550.382863835184,11980.491601410266,15053.767980204282,0.0
22696.341591222455,22712.05983838329,15.718247160835745,2586.1877131047618,25282.529304327218,1.0
53.73814533478886,3798.6569299271937,3744.918784592405,39309.133459910656,39362.87160524545,0.0
816.2939650186172,5355.049533646617,4538.755568628,41739.924628997025,42556.21859401564,0.0
722.7602515012736,1316.6676798561225,593.9074283548489,31227.931795869725,31950.692047370998,0.0
2123.400421117851,15808.901300488498,13685.500879370647,17827.811184417813,19951.211605535664,0.0
2940.7281679195653,1458.6361685234392,-1482.091999396126,7044.256028519935,9984.9841964395,0.0
2809.4818040727696,19431.656858420156,16622.175054347386,869.4371462716954,3678.918950344465,0.0
839.3235880046685,8395.760878261957,7556.437290257289,17471.2556346894,18310.57922269407,0.0
21791.11044633821,21804.063107328246,12.952660990034929,4937.694913726616,26728.805360064827,1.0
2949.139466118524,16132.030501711663,13182.891035593138,8368.376536332567,11317.516002451091,0.0
597.4709087027915,9063.047885694585,8465.576976991793,41186.21430684937,41783.68521555216,0.0
128.08904875619672,12853.93822551532,12725.849176759122,42781.384076761686,42909.473125517885,0.0
3291.742616131892,1105.6090826855343,-2186.133533446358,43851.36356308186,47143.106179213755,0.0
2318.8097280497727,9918.775200457034,7599.965472407261,18252.563877090273,20571.373605140045,0.0
25046.93561408824,25075.37000507022,28.43439098197996,3818.7175223450045,28865.653136433244,1.0
1396.585096432789,4746.725634467586,3350.140538034797,28537.187086665996,29933.772183098783,0.0
41802.77365433643,41839.86599684734,37.09234251090675,6955.851743035441,48758.62539737187,1.0
1749.9627639396606,18039.335148799786,16289.372384860126,26090.78506916278,27840.74783310244,0.0
1443.4861164356105,12941.063086716838,11497.576970281229,46092.27497738925,47535.76109382486,0.0
28.99615944160855,2195.856894990695,2166.8607355490863,4450.158899133982,4479.15505857559,0.0
5732.070767560392,18234.151448714307,12502.080681153915,49102.0043795491,54834.07514710949,0.0
863.1681178007634,4422.162580512357,3558.9944627115933,31689.42097725011,32552.589095050873,0.0
2686.983034769343,15008.964298957268,12321.981264187925,27992.05477919959,30679.03781396893,0.0
132.72610158691933,16807.680605497968,16674.95450391105,44789.94287544208,44922.668977029,0.0
2089.575174198686,6280.594133198246,4191.01895899956,47444.08124497319,49533.65641917188,0.0
1923.869711101883,19938.56104348808,18014.691332386195,31094.098194519676,33017.96790562156,0.0
2257.0118659633436,15157.755457112753,12900.74359114941,8992.407420459958,11249.419286423301,0.0
191.89180594202747,13348.585228209715,13156.693422267688,46410.83978237972,46602.731588321745,0.0
226.06176704094085,16196.853260692864,15970.791493651923,6075.558476883308,6301.620243924249,0.0
1321.0015849747622,8707.482310804908,7386.480725830145,19671.77447184301,20992.776056817773,0.0
17164.122903082553,17242.04341455644,77.92051147388702,4402.1897297100195,21566.31263279257,1.0
646.8094826162039,2429.888156469783,1783.0786738535792,33697.22245365117,34344.031936267376,0.0
970.1696856981686,10566.83255240118,9596.66286670301,49113.22806778482,50083.39775348298,0.0
1844.8663259091052,18650.749610722854,16805.88328481375,21370.756009385474,23215.622335294578,0.0
1248.1324329329625,10416.508384205305,9168.375951272343,25636.16005367761,26884.29248661057,0.0
407.84947590070186,16929.812778571035,16521.963302670334,43887.91710963665,44295.76658553735,0.0
5884.329075926487,4382.3216887505505,-1502.0073871759369,35804.67412449807,41689.00320042456,0.0
2734.6684336244266,10206.252990334478,7471.584556710051,46798.704235536214,49533.37266916064,0.0
1756.2994227461634,13074.692846879672,11318.393424133508,19101.741520563548,20858.040943309712,0.0
25040.748076137905,25061.386750362723,20.638674224817805,2434.4563402874473,27475.204416425353,1.0
117.56221345992542,8223.062309991601,8105.500096531676,4938.452569937563,5056.014783397488,0.0
1104.0662506099475,4664.085662561657,3560.0194119517096,41748.477474059284,42852.54372466923,0.0
962.9333414324467,6078.171007356067,5115.237665923621,9711.646484779085,10674.579826211531,0.0
31692.695770154085,31698.650183954334,5.954413800249313,6738.653939196882,38431.349709350965,1.0
397.2888605735621,18754.8535409262,18357.56468035264,23331.71849750936,23729.00735808292,0.0
1949.7124051080755,3840.8286168603117,1891.1162117522363,3509.8305703856804,5459.542975493756,0.0
753.3923521313282,8166.823474003151,7413.431121871823,7261.643453817191,8015.035805948519,0.0
401.35797749932675,4331.495855646117,3930.13787814679,25160.470837577155,25561.828815076482,0.0
152.38905567778178,4692.592981265557,4540.203925587775,600.4581542132071,752.8472098909889,0.0
44.313983978938786,2969.7895205202817,2925.475536541343,29655.29775560823,29699.61173958717,0.0
22.113459263394393,7160.622547115575,7138.5090878521805,34007.92733794393,34030.04079720733,0.0
30439.096317411997,30521.681660845894,82.58534343389692,4117.645502263774,34556.74181967577,1.0
105.00954137404688,1476.2582783192397,1371.2487369451928,38025.10022086199,38130.10976223604,0.0
6801.684032244112,17355.14219589148,10553.458163647367,39366.29187286976,46167.975905113875,0.0
4161.02212476495,7673.020032284619,3511.9979075196698,21901.589156723483,26062.611281488433,0.0
982.6013844478146,12263.285742338581,11280.684357890766,44006.56767168208,44989.1690561299,0.0
1179.5271348445522,17997.3206671199,16817.793532275347,38115.93808469879,39295.465219543345,0.0
30297.644114955583,30378.19442608157,80.5503111259859,2361.7198248287727,32659.363939784354,1.0
483.36846343239813,17968.335977272283,17484.967513839885,12540.206625044819,13023.575088477217,0.0
4984.299231569099,12254.746879201808,7270.447647632709,17576.402079844018,22560.70131141312,0.0
1097.0281003938403,3865.8777015943538,2768.8496012005135,25300.266738346876,26397.294838740716,0.0
1842.01160893896,2235.689830472172,393.6782215332121,40060.49501218145,41902.50662112041,0.0
3470.269984302313,14548.113347300687,11077.843362998374,34380.07144603669,37850.341430339,0.0
403.83529595923477,8456.391780059083,8052.556484099848,7397.736938698535,7801.5722346577695,0.0
274.83624827316623,7988.371942316684,7713.535694043518,16807.983249254943,17082.819497528108,0.0
213.046407103123,8839.547173571296,8626.500766468173,28607.343889320015,28820.39029642314,0.0
871.1360435225805,19969.214061513594,19098.078017991014,2245.4748254365777,3116.6108689591583,0.0
3060.0482823770994,7351.440725771072,4291.392443393972,11935.040234948923,14995.088517326023,0.0
9500.0,4411.010861967363,-5088.989138032637,10157.696859498405,19657.696859498406,0.0
34788.219742622605,34791.728503744234,3.5087611216295045,7562.949238603937,42351.16898122654,1.0
1167.1763068455398,10541.125160153415,9373.948853307875,21216.906989813782,22384.083296659323,0.0
31346.773840337573,31435.001949842113,88.22810950454004,6455.339908801487,37802.11374913906,1.0
1216.35052391924,3549.0617620750636,2332.7112381558236,12323.89547883681,13540.24600275605,0.0
47524.77426035796,47531.86505259114,7.090792233182583,3596.367431790025,51121.14169214798,1.0
1486.3153091851937,645.5312381357784,-840.7840710494153,5407.297116859932,6893.612426045126,0.0
2357.1076722830644,10608.126535038753,8251.018862755689,32074.51845321439,34431.62612549745,0.0
1005.4864411627349,11446.43857169209,10440.952130529355,4713.798894946803,5719.285336109538,0.0
597.1717608480124,5309.800713473168,4712.628952625156,34431.46449502716,35028.63625587517,0.0
2270.573023399366,9371.540148418993,7100.967125019628,7795.925483141353,10066.498506540718,0.0
1784.8930091400646,4260.37237437379,2475.4793652337257,40156.20830895193,41941.10131809199,0.0
38043.763884632936,38046.366839614646,2.6029549817103543,9758.318897827072,47802.082782460006,1.0
478.1505203293716,8486.43808161893,8008.287561289558,44515.722810682564,44993.873331011935,0.0
1950.842915399151,5184.777860053926,3233.934944654775,37922.78736545633,39873.63028085548,0.0
401.2452908755844,3112.5099016207337,2711.264610745149,15462.805523664274,15864.050814539858,0.0
4836.602183998255,10330.590417409547,5493.988233411292,22649.90504149819,27486.507225496447,0.0
260.46775996623353,18350.615928600717,18090.148168634485,18785.290269013527,19045.75802897976,0.0
100.94708104097906,10913.540742501997,10812.593661461018,41383.55677845971,41484.503859500684,0.0
3075.872022061824,10787.965478807231,7712.093456745408,7607.394345975827,10683.26636803765,0.0
1061.259343513688,5315.825543107719,4254.566199594031,21853.904137873753,22915.16348138744,0.0
1861.688492011671,4727.878380617612,2866.1898886059407,3585.5260442466342,5447.214536258305,0.0
1132.4469450068234,4212.444832792177,3079.9978877853537,38242.394660999176,39374.841606006,0.0
1210.2785449305875,12143.774090302315,10933.495545371727,48961.90841599922,50172.18696092981,0.0
1539.9459685816742,11124.081175631918,9584.135207050243,21681.129345083693,23221.075313665366,0.0
1608.161806149805,14635.79855917657,13027.636753026765,19382.995027939953,20991.156834089757,0.0
3420.604429415458,11920.259540861583,8499.655111446125,40611.97693043736,44032.58135985282,0.0
1225.0841541231596,17263.478179496266,16038.394025373105,2629.5735620339265,3854.657716157086,0.0
309.29167510138745,18786.408906705372,18477.117231603985,49298.08422007087,49607.37589517226,0.0
203.03464305301904,3065.523479467415,2862.4888364143962,9791.962094711687,9994.996737764706,0.0
49255.18180694658,49298.10288490075,42.92107795416814,1924.110378871393,51179.292185817976,1.0
1210.2356515034257,17534.718462314817,16324.48281081139,47208.718175283095,48418.95382678652,0.0
213.2174244907709,1749.8468652054219,1536.629440714651,23596.868287764715,23810.085712255484,0.0
46280.234700713874,46288.04513111596,7.8104304020889685,9677.543233731216,55957.77793444509,1.0
890.1030668379648,11930.555904722658,11040.452837884694,12949.922726404982,13840.025793242947,0.0
33706.32471271178,33791.41534492688,85.0906322150986,579.9757247270843,34286.30043743886,1.0
106.7790893983377,10520.578778175555,10413.799688777217,34138.97500970652,34245.75409910486,0.0
5217.7479191295515,16501.24056701007,11283.49264788052,21632.124030201794,26849.871949331347,0.0
980.8986275250262,15138.045778492271,14157.147150967245,36909.59486622496,37890.493493749986,0.0
6049.4906364041035,975.6243656468864,-5073.866270757217,22745.330144119856,28794.820780523958,0.0
1257.3165246216856,13180.790994433399,11923.474469811714,24522.976257874398,25780.292782496083,0.0
19341.402510863605,19349.721878548757,8.31936768515152,6279.3749329946,25620.777443858206,1.0
2327.723196267317,15846.028087933417,13518.3048916661,21265.407515057665,23593.130711324982,0.0
33945.87776896013,33959.98273798511,14.104969024985621,2935.2795416794966,36881.157310639624,1.0
4304.641940052001,6724.893306830675,2420.2513667786743,38331.13325872431,42635.77519877631,0.0
2137.8996459755876,6412.781161012528,4274.881515036941,11252.917275733604,13390.81692170919,0.0
5993.944766376571,5832.753049812106,-161.19171656446542,39260.14339564125,45254.088162017826,0.0
703.6946091209195,680.424187500096,-23.270421620823527,46335.64226538867,47039.33687450959,0.0
407.80728977822406,11836.647865489209,11428.840575710985,38981.71780667396,39389.525096452184,0.0
2230.3100205945866,4088.8730549791635,1858.563034384577,11455.830695569952,13686.140716164538,0.0
44249.553131517234,44337.93087733809,88.37774582085694,9085.240305005123,53334.793436522355,1.0
828.0930196226478,4493.646976596085,3665.553956973437,11345.038362190413,12173.13138181306,0.0
5073.3870927578555,16857.367066922772,11783.979974164917,25564.787312301727,30638.17440505958,0.0
793.4984604639653,7317.480776750582,6523.982316286616,47255.8753671273,48049.37382759127,0.0
3507.2929037568506,8846.377372573055,5339.084468816205,24523.92036040336,28031.21326416021,0.0
2072.506771473119,7822.223129404043,5749.716357930924,41751.49806334235,43824.00483481547,0.0
875.838663188233,2583.009362797817,1707.170699609584,25464.449533996307,26340.288197184538,0.0
617.3561286960697,15359.638060261495,14742.281931565425,39862.951282405375,40480.30741110144,0.0
9740.641111696354,9832.853155292476,92.21204359612238,457.26614762272686,10197.907259319081,1.0
7284.023290659967,2770.6877196518726,-4513.335571008094,10213.377661675993,17497.40095233596,0.0
1533.819165879688,3410.726247050322,1876.907081170634,42456.83180805611,43990.65097393579,0.0
1854.2634788377566,5472.571223770976,3618.3077449332195,39450.24422803473,41304.507706872486,0.0
1456.591666430376,15384.25078394699,13927.659117516614,41312.88646660346,42769.47813303383,0.0
880.0282586462248,5546.451963108218,4666.423704461993,35603.17107045854,36483.19932910477,0.0
500.1013879775742,5611.202954327532,5111.101566349958,23436.67634107301,23936.777729050584,0.0
372.3870621674786,10022.530803584525,9650.143741417047,38669.61123143862,39041.9982936061,0.0
98.77130890308399,3711.996065388128,3613.224756485044,17269.833103179804,17368.60441208289,0.0
925.5702200487394,16499.89633252613,15574.326112477389,30738.547657813113,31664.117877861852,0.0
1581.3371902895456,13049.26639825464,11467.929207965095,9173.212698442423,10754.549888731968,0.0
958.0832373341943,7239.7272222051,6281.643984870905,16835.283444876673,17793.366682210868,0.0
352.6903489617125,17164.088948636498,16811.398599674787,16183.139051790013,16535.829400751725,0.0
1975.3483460160442,14676.861276775611,12701.512930759567,12239.47595147124,14214.824297487285,0.0
14325.860344388824,14380.951608383613,55.09126399478919,9907.25055247605,24233.110896864877,1.0
1956.3242155038065,13751.260813167337,11794.93659766353,19981.924124696787,21938.248340200593,0.0
2511.235207169576,17244.105071125174,14732.869863955599,28811.470588896715,31322.70579606629,0.0
28373.142331297022,28379.54233957226,6.400008275239088,5993.003890163725,34366.146221460745,1.0
584.1095938439889,7178.2667741329315,6594.157180288943,8394.634590250665,8978.744184094654,0.0
103.09825384713727,1194.436930320409,1091.3386764732716,30445.243051501897,30548.341305349033,0.0
1433.9801804351155,15657.391888806407,14223.411708371292,11958.83974286881,13392.819923303925,0.0
3160.002791360534,7965.251197984488,4805.248406623954,32326.75493903663,35486.75773039716,0.0
8728.550936440335,2722.3347988252026,-6006.2161376151325,36989.81859680496,45718.36953324529,0.0
3210.4732116383348,14463.229541681383,11252.756330043048,24831.19070315857,28041.663914796904,0.0
134.52786175860848,11506.12346170508,11371.595599946471,43891.63017879072,44026.15804054933,0.0
1325.383367074683,7786.180779273192,6460.797412198508,27647.037409462606,28972.42077653729,0.0
1829.8889752290727,12837.202179406519,11007.313204177446,28923.662550094286,30753.55152532336,0.0
45722.789074788874,45793.053021189546,70.26394640067156,3409.3588031419563,49132.14787793083,1.0
459.66408574267496,2982.581635561138,2522.9175498184627,46381.91495950736,46841.57904525004,0.0
4255.092636104307,14604.94092788228,10349.848291777973,8981.691318607038,13236.783954711344,0.0
5523.6129058382385,19212.04687838006,13688.433972541821,42745.84792798855,48269.460833826786,0.0
1013.7083028682518,17468.83546459872,16455.127161730466,49066.41455692214,50080.12285979039,0.0
528.4850619941304,3690.515980696387,3162.0309187022567,22577.31804865282,23105.803110646953,0.0
25443.36826925345,25536.757613068436,93.3893438149862,7317.720250869874,32761.088520123325,1.0
3270.437998976395,15678.252138637079,12407.814139660684,33412.971860408725,36683.40985938512,0.0
15023.60841381391,15082.41957085947,58.81115704556032,8575.531270999132,23599.139684813043,1.0
223.34900119678386,16450.288139808494,16226.93913861171,31802.01775659429,32025.366757791075,0.0
2241.838001779072,14023.441822403249,11781.603820624177,8046.850560120922,10288.688561899993,0.0
1319.3043951075852,16781.65711351628,15462.352718408696,5357.834846346171,6677.139241453756,0.0
1959.865010976076,17260.30802468551,15300.443013709433,37831.13940449726,39791.00441547334,0.0
663.8878038808874,10063.860966135802,9399.973162254915,43699.90058065416,44363.78838453505,0.0
10202.510037575577,10245.324981774813,42.81494419923547,7344.47277798688,17546.982815562456,1.0
1420.87435426838,6982.320497400121,5561.446143131741,16887.799356611456,18308.673710879837,0.0
8669.667168640786,3364.4830931166953,-5305.184075524091,44209.72356141846,52879.39073005925,0.0
315.69739651275086,2031.28012586067,1715.5827293479192,25201.900381437863,25517.597777950614,0.0
848.3663875865268,2595.2857762637086,1746.9193886771818,35338.264093081554,36186.63048066808,0.0
2822.925808285821,8112.340697915601,5289.414889629779,7522.427538660814,10345.353346946635,0.0
1174.3465110160978,1121.753506567546,-52.59300444855171,33647.52001231843,34821.86652333453,0.0
2918.3119432260996,15171.98004763418,12253.668104408081,14532.516468268419,17450.82841149452,0.0
1474.0294441139088,2748.371261611462,1274.3418174975534,40854.247345982476,42328.27679009639,0.0
1994.6687714729662,12157.256261329523,10162.587489856556,13087.643451851183,15082.31222332415,0.0
1277.5715865909278,668.0705505397154,-609.5010360512124,6721.554141786701,7999.125728377629,0.0
1200.7240968490858,2904.710575968199,1703.9864791191133,35519.3823719149,36720.10646876399,0.0
366.9305402615214,17707.603231277844,17340.672691016323,22628.225171779133,22995.155712040654,0.0
574.4815469842641,897.8314084200236,323.3498614357595,22696.64808714952,23271.129634133784,0.0
4715.814593924907,6759.442389997507,2043.6277960726002,30508.92881183209,35224.743405757,0.0
2263.7034685346975,8797.360355800934,6533.656887266237,25944.47658255407,28208.18005108877,0.0
6160.447572883418,2580.880472495908,-3579.5671003875095,5227.722907551213,11388.17048043463,0.0
435.8968491046164,14851.09443004597,14415.197580941354,24397.395462853245,24833.292311957863,0.0
758.5053813203535,7175.514607989319,6417.009226668966,5150.959722110304,5909.465103430657,0.0
1599.952923035993,17472.80903056382,15872.856107527828,38040.08358780509,39640.036510841084,0.0
703.4759624601976,9554.829872701763,8851.353910241565,49658.53947991664,50362.01544237684,0.0
417.84186234259306,10879.935095039242,10462.093232696649,45337.11862862769,45754.96049097028,0.0
170.59086075266853,5270.773564791904,5100.182704039235,17413.730768159574,17584.321628912243,0.0
1554.3472633835906,1964.3260932036223,409.9788298200317,48155.73296924399,49710.08023262758,0.0
182.24202023315118,16743.38570178351,16561.14368155036,25255.83592353372,25438.07794376687,0.0
1056.6111129786048,19180.43579640785,18123.824683429248,699.0856485682373,1755.696761546842,0.0
275.92781480751125,6372.923946448496,6096.996131640985,16237.5304483601,16513.45826316761,0.0
266.65325910404766,17495.26120093583,17228.607941831782,13604.207878898884,13870.86113800293,0.0
549.9237377770193,14110.814194206952,13560.890456429934,20538.85447621453,21088.778213991547,0.0
1409.843227679058,12590.026002809464,11180.182775130406,16595.314244874837,18005.157472553896,0.0
1738.0760022316515,4588.387981178157,2850.3119789465054,7416.959035985654,9155.035038217306,0.0
6875.310005674686,3052.1822017947316,-3823.1278038799546,25777.349703757107,32652.65970943179,0.0
6509.867311808142,1840.6435657292077,-4669.223746078935,38252.15949852449,44762.02681033263,0.0
6752.355663768212,11638.651896154584,4886.296232386372,6596.491287690543,13348.846951458756,0.0
1774.4459787556734,8359.255779189078,6584.809800433404,206.35773373019472,1980.8037124858681,0.0
3824.6550632281524,11105.619462641793,7280.96439941364,10606.269936096996,14430.924999325149,0.0
1553.1093822971893,6512.866372685876,4959.756990388687,19285.835638051,20838.94502034819,0.0
6620.844442019276,18751.886490534667,12131.042048515392,36107.778965831385,42728.62340785066,0.0
653.566298353264,12447.344721154841,11793.778422801577,29583.441029675196,30237.00732802846,0.0
107.55068147219562,16340.187987925317,16232.637306453122,22752.58524040693,22860.135921879126,0.0
863.3745230301386,18648.108983466765,17784.734460436626,2328.99710432708,3192.371627357218,0.0
2709.4187561452372,13609.127328685037,10899.7085725398,16713.16873896046,19422.587495105698,0.0
222.94369810262302,18223.896010368353,18000.95231226573,2577.743663312565,2800.6873614151878,0.0
901.9173712626202,9378.708996207604,8476.791624944985,24927.24391656466,25829.161287827283,0.0
46085.31105512518,46112.3113032373,27.000248112119152,3379.014257750631,49464.325312875815,1.0
2493.9090719848464,14385.403848834645,11891.494776849799,10673.07580694844,13166.984878933286,0.0
88.76609855973224,3316.511441024013,3227.745342464281,27410.18863960758,27498.95473816731,0.0
1088.1698765671586,17103.946761622883,16015.776885055724,20096.009349633827,21184.179226200984,0.0
2849.224507194322,7847.807241597144,4998.582734402822,46398.45308935224,49247.677596546564,0.0
22545.560136750093,22634.559885008206,88.99974825811296,6699.491810030801,29245.051946780895,1.0
965.0727959487726,14058.7195176755,13093.646721726727,42194.24828328161,43159.32107923038,0.0
2056.788294217782,8410.082559221131,6353.294265003349,3617.425494874277,5674.2137890920585,0.0
3243.039048666513,18689.192931410824,15446.153882744311,49570.09315248057,52813.132201147084,0.0
2885.2407598432424,8675.360361719833,5790.119601876591,32979.84135294075,35865.08211278399,0.0
1414.1694690315992,4595.923077195357,3181.753608163758,16978.242278176436,18392.411747208036,0.0
4009.34742120851,5826.61259721393,1817.26517600542,47011.70964364447,51021.05706485298,0.0
801.8050675033186,8245.936826541534,7444.131759038216,3893.503215318317,4695.308282821636,0.0
1998.3314981781268,1562.930909567532,-435.4005886105949,47181.68353242474,49180.015030602866,0.0
3503.744197351154,13347.680382423423,9843.936185072269,14051.396313510122,17555.140510861274,0.0
2678.0348097504525,11781.565454968862,9103.53064521841,12115.530319372387,14793.565129122839,0.0
1505.5274409391088,19030.444860422438,17524.91741948333,6669.061831887141,8174.58927282625,0.0
1338.2142193899779,12077.262767552975,10739.048548162997,37949.32202217413,39287.53624156411,0.0
6222.205059323764,12691.624910221544,6469.419850897781,41402.74864846365,47624.95370778741,0.0
3249.124135703862,2955.8425004262613,-293.2816352776008,24665.010811947956,27914.13494765182,0.0
64.51704308120962,5015.868330135489,4951.351287054279,11865.708044737577,11930.225087818788,0.0
2667.6712276174453,6618.75179446171,3951.080566844265,13646.08637663684,16313.757604254286,0.0
484.65751215378754,11378.644079768768,10893.98656761498,42899.76113636793,43384.41864852172,0.0
334.81475982377316,2984.4573980608657,2649.6426382370923,12222.610512833104,12557.425272656877,0.0
3148.666886434948,12053.41838108113,8904.751494646182,9325.550625202988,12474.217511637937,0.0
4452.817032647493,12904.059875550562,8451.24284290307,11974.435728506494,16427.252761153988,0.0
7260.388750288683,5247.131026925508,-2013.2577233631746,41762.27738690012,49022.666137188804,0.0
706.357700003241,15490.901524062627,14784.543824059387,31745.711765603206,32452.069465606448,0.0
407.959264123601,2486.6359007213523,2078.6766365977514,17882.027479445565,18289.986743569167,0.0
2200.501283236406,18048.2360954161,15847.734812179695,22794.129421205143,24994.630704441548,0.0
1535.4616405525262,13176.802797228662,11641.341156676135,34296.46103541098,35831.922675963506,0.0
1392.3754380319783,9356.265668271395,7963.890230239416,39453.69914408468,40846.074582116664,0.0
1572.6712566885658,12640.220257739244,11067.549001050678,27882.119667157927,29454.790923846493,0.0
2463.181990242625,3339.7586107557568,876.5766205131317,32004.5198293085,34467.70181955113,0.0
1088.0757310641027,9071.477364571525,7983.401633507422,24567.454513439265,25655.530244503367,0.0
3113.4180647555827,12700.173302358337,9586.755237602754,49629.49379669224,52742.91186144782,0.0
3198.1254389021324,5114.346063665173,1916.2206247630402,37136.54318816597,40334.6686270681,0.0
4533.197257261809,7040.432863178765,2507.235605916956,10796.910201006755,15330.107458268563,0.0
1870.6660412992203,6404.11500130336,4533.44896000414,266.95709848442715,2137.6231397836473,0.0
3316.3749394672245,19989.483280663626,16673.108341196403,31711.39994068074,35027.77488014797,0.0
1039.8095130800227,13146.416101150178,12106.606588070155,43897.07819998031,44936.88771306033,0.0
26473.75599461162,26542.343240134764,68.58724552314379,7986.78105907632,34460.53705368794,1.0
2423.0610241850204,7570.372645596203,5147.311621411183,15693.968674188247,18117.029698373266,0.0
634.7703513083895,7337.532483414364,6702.762132105974,26434.292683940985,27069.063035249375,0.0
2239.541624499114,15334.806513545525,13095.264889046412,8511.651621916528,10751.193246415642,0.0
1123.9960172080123,12281.39179436554,11157.395777157528,14240.018712477542,15364.014729685554,0.0
571.4741195715377,19662.42067203085,19090.946552459314,26796.799656453564,27368.2737760251,0.0
2855.574242691,14635.750300803646,11780.176058112645,32598.685696148033,35454.25993883904,0.0
1763.1255210799209,10923.813622742764,9160.688101662843,10824.528363305868,12587.653884385789,0.0
444.4637751787968,8460.631627252824,8016.167852074027,29089.56323888551,29534.027014064304,0.0
1315.718605257502,18994.29053305911,17678.571927801608,4069.515831649145,5385.234436906647,0.0
5235.538332447438,3536.0056562406917,-1699.5326762067461,42728.25844706202,47963.79677950946,0.0
5039.76713659422,9385.386020285294,4345.618883691074,32831.09747365645,37870.864610250675,0.0
890.1799183556158,19373.359036051428,18483.179117695814,11390.03778564281,12280.217703998425,0.0
1706.3965087062468,5659.643681680084,3953.247172973837,13669.19590568893,15375.592414395176,0.0
7084.939845244507,2435.134465933779,-4649.805379310727,24223.640451659627,31308.580296904132,0.0
3474.5158848839023,11318.731786341985,7844.215901458083,1709.772496059442,5184.288380943344,0.0
38.68265794578303,4167.1420463419745,4128.459388396192,39717.61646238376,39756.299120329546,0.0
666.1523493254227,9646.676634312496,8980.524284987074,14244.431945153052,14910.584294478474,0.0
2641.014044329653,8522.513169329079,5881.4991249994255,40149.600893357645,42790.6149376873,0.0
1909.6948618814267,3537.156645877831,1627.4617839964044,10089.97906710951,11999.673928990938,0.0
1957.1244910941753,14353.22539274203,12396.100901647855,10123.10918194157,12080.233673035746,0.0
240.35740910356836,8615.138454920076,8374.781045816508,29796.34060583669,30036.69801494026,0.0
9500.0,8616.232105130131,-883.7678948698685,37746.586653611914,47246.586653611914,0.0
726.7637391835735,17245.526886326814,16518.76314714324,10990.035598096187,11716.799337279761,0.0
38.7576789328926,13743.84814099086,13705.090462057968,279.70779409347557,318.46547302636816,0.0
1371.8119120523777,10982.83219200453,9611.020279952152,22896.228993044893,24268.04090509727,0.0
997.5660004680952,1784.8972181234678,787.3312176553726,9295.08557781335,10292.651578281446,0.0
711.6237426195481,11426.799149831308,10715.17540721176,32408.402448977176,33120.02619159673,0.0
1194.8910595855643,18903.595346723916,17708.704287138353,31171.589672168047,32366.48073175361,0.0
1197.0233156917614,14140.793472850153,12943.770157158391,20918.445506600357,22115.468822292118,0.0
376.7450324524554,13553.535252946047,13176.79022049359,33711.82808140995,34088.5731138624,0.0
308.61530908423873,12342.826127464785,12034.210818380547,7637.52158338083,7946.136892465069,0.0
2231.825219635884,9957.349549261242,7725.5243296253575,17535.11637153637,19766.941591172254,0.0
382.5857629100438,7007.232047724783,6624.646284814739,1509.6007668594314,1892.186529769475,0.0
576.6122643864525,2367.2068739354745,1790.5946095490222,47382.58265405445,47959.1949184409,0.0
2045.9489239430893,3787.6814444637184,1741.7325205206291,17244.458708659167,19290.407632602255,0.0
601.7457474444657,1947.8137569456421,1346.0680095011764,10437.126671419494,11038.872418863959,0.0
853.4081111890731,5206.319224831248,4352.911113642175,3634.115779490743,4487.523890679816,0.0
36664.14079113545,36753.815927596756,89.67513646130828,9967.264010577332,46631.40480171278,1.0
1522.9756749107623,4427.282504480804,2904.306829570042,13098.778213925876,14621.753888836638,0.0
2276.9770663103027,10213.528646587616,7936.551580277313,25034.831389765495,27311.8084560758,0.0
2684.3494172906585,14756.508168569462,12072.158751278803,16545.429153901303,19229.77857119196,0.0
2534.918494699556,15947.70379636728,13412.785301667724,23206.7593599366,25741.677854636157,0.0
616.657205618876,7588.531918700701,6971.874713081825,14131.280297574656,14747.937503193532,0.0
2072.248683095384,9193.598221626815,7121.349538531431,9216.567449409562,11288.816132504946,0.0
2471.5381254742197,15019.771740565911,12548.233615091693,26923.798833135297,29395.336958609518,0.0
2837.969191496624,1501.0202408117127,-1336.948950684911,42617.77301937425,45455.74221087088,0.0
2138.767886261925,12562.41040690625,10423.642520644325,28309.29921586876,30448.067102130684,0.0
24.38966049755524,6433.998040506854,6409.608380009298,36837.51104566137,36861.90070615892,0.0
143.07135388085982,18698.8900413918,18555.818687510942,6161.7334004901995,6304.804754371059,0.0
102.54243907225369,9382.283056774795,9279.740617702542,34003.051415341826,34105.59385441408,0.0
1529.5408131807164,2390.5664101802613,861.0255969995449,36977.557436749645,38507.098249930365,0.0
4919.616465792632,8082.60418124527,3162.9877154526384,10043.536784582884,14963.153250375515,0.0
2744.7151033315813,14976.213773250745,12231.498669919165,15752.824830379968,18497.53993371155,0.0
24944.100593452513,24967.164058018654,23.063464566141192,5152.553641125769,30096.65423457828,1.0
258.81681204801873,1972.778177504794,1713.9613654567752,43232.95569449459,43491.772506542606,0.0
702.8796334648795,18093.78965037651,17390.910016911632,37793.70755891936,38496.58719238424,0.0
4052.0632443870327,12107.898401529064,8055.835157142032,24210.65328798953,28262.716532376566,0.0
782.1756262384653,5041.143349960394,4258.967723721928,36270.60615964852,37052.78178588699,0.0
2139.788201231888,11804.873741325553,9665.085540093665,232.22415424943853,2372.0123554813263,0.0
542.1310394332255,9954.74542446402,9412.614385030794,30532.13754608224,31074.268585515463,0.0
18.19079921445722,10149.154904117693,10130.964104903236,45452.0470657118,45470.237864926254,0.0
2974.364261341995,7207.602908169219,4233.238646827223,46795.2792659908,49769.643527332795,0.0
1882.25711294866,16331.303146735389,14449.046033786728,4642.973647176063,6525.230760124723,0.0
1009.1637097877615,10114.087440596644,9104.923730808883,39466.674117027615,40475.837826815376,0.0
1910.5726710959236,1783.681945581499,-126.89072551442473,40103.12796554015,42013.70063663607,0.0
112.63629848658758,18610.8867135071,18498.250415020513,10084.99813155127,10197.634430037859,0.0
43269.2770093509,43328.19710002729,58.92009067638719,5222.89473311172,48492.171742462626,1.0
3673.9701409556073,7134.348391799512,3460.3782508439044,31221.24635921962,34895.21650017523,0.0
3212.988487652239,13579.917996139196,10366.929508486957,37593.81221845954,40806.80070611178,0.0
16072.37338471796,16133.203146092148,60.82976137418882,361.84797532925137,16434.22136004721,1.0
1022.3589588966306,1244.9542832691257,222.59532437249504,2390.5531851239894,3412.91214402062,0.0
290.4360646571272,7432.831044464148,7142.394979807021,46358.74188679944,46649.17795145657,0.0
2175.6247869211743,5273.597523533655,3097.9727366124803,24991.11288742945,27166.737674350625,0.0
1462.9056115203039,12262.654710940335,10799.74909942003,5961.428890892934,7424.334502413238,0.0
1211.538292842597,5418.930260175823,4207.391967333226,38098.487229857674,39310.02552270027,0.0
143.83876889812254,11030.56924908341,10886.730480185288,9345.476741353865,9489.315510251987,0.0
318.1637586296719,13178.64974569024,12860.485987060569,48824.13881004354,49142.302568673214,0.0
4192.615251900898,3195.7885298641136,-996.8267220367848,42655.569457851816,46848.18470975271,0.0
857.9399945987614,18940.63397249069,18082.69397789193,24321.291751303586,25179.231745902347,0.0
4302.888751777288,13631.133841081786,9328.245089304499,44485.686006219876,48788.574757997165,0.0
6593.242555535331,12073.180108526103,5479.937552990772,36190.138831526165,42783.3813870615,0.0
1683.0878143261182,13703.986027191087,12020.89821286497,41944.05402525605,43627.141839582175,0.0
209.48006696974264,16115.95294726513,15906.472880295387,40961.528842005115,41171.00890897486,0.0
3872.2381020362604,15119.652062279094,11247.413960242833,49399.132221013046,53271.370323049305,0.0
1027.589389711504,5513.373743204679,4485.784353493175,14444.364968711337,15471.954358422841,0.0
1018.3296868180272,11824.987380481221,10806.657693663194,35015.31769419036,36033.647381008384,0.0
998.1074007377222,10630.286167917131,9632.178767179408,28869.96335665455,29868.07075739227,0.0
1724.5856850986515,4628.477180008331,2903.8914949096793,6743.742320402385,8468.328005501036,0.0
3914.6500136108566,2977.1547314780187,-937.4952821328379,31404.173828571773,35318.82384218263,0.0
23.377172101861806,16929.495473273422,16906.118301171562,36336.74181766713,36360.11898976899,0.0
3213.04312792038,758.9834674423116,-2454.0596604780685,33026.6207718243,36239.66389974468,0.0
3333.3266916293087,6401.486642417884,3068.159950788575,8780.77671655832,12114.103408187628,0.0
1069.3138692402679,18799.72898800295,17730.41511876268,14630.636371173267,15699.950240413535,0.0
564.3212010594189,11417.915479951012,10853.594278891593,3153.758717148336,3718.079918207755,0.0
355.7057375346146,10995.291986435268,10639.586248900654,41055.5263870758,41411.23212461041,0.0
436.9233486150885,9137.273873821501,8700.350525206413,44416.2907351311,44853.21408374619,0.0
6675.130324104196,18502.863066211958,11827.73274210776,12225.374867221262,18900.505191325457,0.0
2262.6416349021124,7069.977304996539,4807.335670094426,39471.91994077275,41734.56157567486,0.0
1190.929171127857,14436.573735629132,13245.644564501275,24126.920373333633,25317.84954446149,0.0
43874.47490008816,43883.125826982134,8.650926893977157,5447.796153700997,49322.271053789154,1.0
8267.541058263549,15723.300456413315,7455.759398149767,13353.04701196801,21620.58807023156,0.0
301.7018210759944,4552.564908447299,4250.863087371305,14591.159378698365,14892.86119977436,0.0
30823.882469126027,30823.913442317527,0.03097319150037947,3260.234522779849,34084.116991905874,1.0
5610.188838583164,4122.650616624802,-1487.5382219583626,45188.363069955325,50798.55190853849,0.0
486.03109393259444,15668.615257969104,15182.58416403651,33445.00528093089,33931.036374863485,0.0
1817.3656084406764,13599.024389310925,11781.65878087025,10433.381225579591,12250.746834020267,0.0
2610.2506112527944,18909.84832564211,16299.597714389314,38228.1859028551,40838.43651410789,0.0
36592.54149130531,36603.242558565755,10.701067260444688,4391.921656826669,40984.46314813198,1.0
2528.8457228381058,15915.015346906132,13386.169624068025,33935.66181076769,36464.5075336058,0.0
1143.924993483773,2974.0201472303193,1830.0951537465462,41444.85559879389,42588.78059227766,0.0
3050.060113868585,15443.849970869109,12393.789857000524,42879.38378812008,45929.44390198866,0.0
137.5083235802742,18942.606981664987,18805.098658084713,38681.83225028804,38819.340573868314,0.0
8398.031449859902,11355.830502780651,2957.799052920749,1198.069256213491,9596.100706073394,0.0
6824.634472806167,15749.035599081857,8924.40112627569,45406.60282803154,52231.2373008377,0.0
15635.025577713306,15661.307880334545,26.28230262123907,9670.159887989728,25305.185465703034,1.0
311.15389362271503,8409.578109981125,8098.4242163584095,40146.492068713815,40457.64596233653,0.0
151.0921790515943,4613.912867089033,4462.820688037439,14357.613171881434,14508.705350933029,0.0
9500.0,517.6637872987594,-8982.33621270124,32761.624228817203,42261.62422881721,0.0
1117.9306513034314,4225.711717253985,3107.781065950553,39222.07710353645,40340.007754839884,0.0
3478.5288930531997,7948.181371382742,4469.652478329543,17404.777375393704,20883.306268446904,0.0
2358.1451506396293,9352.197244433266,6994.052093793636,23640.223205636234,25998.368356275863,0.0
1187.2315740204676,14409.773725274808,13222.54215125434,30664.167342094934,31851.398916115402,0.0
1120.9506069855545,15791.649995025551,14670.699388039997,29647.713646370164,30768.66425335572,0.0
6896.164682401602,17403.01897092554,10506.854288523937,23124.713700621905,30020.878383023508,0.0
372.37244452702436,16159.975025586025,15787.602581059002,25494.628786543588,25867.00123107061,0.0
1931.9599393525102,5508.215704057643,3576.2557647051326,3680.9130766840835,5612.873016036594,0.0
23371.249716829563,23437.26698099426,66.01726416469683,763.933167953057,24135.182884782622,1.0
1245.3552300338947,1003.8599582902182,-241.49527174367654,19929.98313592279,21175.338365956686,0.0
174.3879873959145,2950.0481020401226,2775.660114644208,49688.65513839658,49863.043125792494,0.0
498.17346708214484,16791.980035044275,16293.80656796213,49162.880548078494,49661.05401516064,0.0
2225.042088402471,7290.497474293689,5065.455385891219,20949.684265511554,23174.726353914026,0.0
1151.3019832739178,4406.626511380626,3255.324528106708,9186.946292121394,10338.248275395312,0.0
1840.656845507649,10675.702068451192,8835.045222943543,36206.798941631656,38047.455787139304,0.0
39994.41828635598,40035.23759453773,40.81930818174442,4024.551782789696,44018.97006914568,1.0
3193.300267505465,10489.080995587079,7295.780728081614,23464.11390601207,26657.414173517536,0.0
455.7254862268262,13940.946763903825,13485.221277677,6852.9841768290635,7308.70966305589,0.0
3399.7952193310375,5754.069202921273,2354.2739835902357,47579.01547199348,50978.810691324514,0.0
1058.9828438371228,17380.07820926827,16321.095365431149,31214.520039163486,32273.50288300061,0.0
176.98132345736298,6385.775887411455,6208.794563954092,12077.140635798894,12254.121959256257,0.0
9500.0,1794.9043924796986,-7705.095607520301,34210.483529418525,43710.483529418525,0.0
150.12926746491155,12796.479597516598,12646.350330051686,30656.098687077993,30806.227954542905,0.0
1124.1859567029783,2277.178112249291,1152.992155546313,32140.175439143804,33264.36139584678,0.0
9113.776184457234,3759.11913995149,-5354.657044505744,26478.15468241686,35591.9308668741,0.0
1703.9945821105275,1507.3184637355002,-196.67611837502727,14433.315133773023,16137.309715883552,0.0
1615.6710308139707,5069.338780185272,3453.6677493713014,33083.753035876514,34699.42406669049,0.0
331.0210182482434,2453.022451381955,2122.0014331337115,41861.99997577297,42193.02099402121,0.0
60.97203492404702,19458.47932971897,19397.507294794923,2799.014243084319,2859.986278008366,0.0
5502.586941614083,1840.7011752385056,-3661.8857663755775,29394.284596489084,34896.871538103165,0.0
46770.98350286231,46798.67055455883,27.687051696513663,4130.54347953398,50901.526982396295,1.0
2273.2659157860635,14836.956102981123,12563.69018719506,42384.059898110834,44657.325813896896,0.0
1292.5963865832355,5029.648254880826,3737.0518682975908,2609.252889838054,3901.8492764212897,0.0
575.291855193574,15724.28823555906,15148.996380365485,49725.255211027936,50300.54706622151,0.0
834.8055074936674,7231.006846764794,6396.201339271127,12206.841040345318,13041.646547838985,0.0
630.4992769775121,15016.175449359856,14385.676172382344,6768.929800555057,7399.429077532569,0.0
4663.924724382357,1398.348808671618,-3265.5759157107395,5565.716073877508,10229.640798259865,0.0
1217.86937571955,18638.221455819727,17420.352080100176,36804.10721685427,38021.97659257382,0.0
9458.889372185626,14331.274479244978,4872.385107059352,22519.503820296548,31978.393192482174,0.0
2331.2628770386495,8771.608587046536,6440.345710007887,32746.386738606798,35077.649615645445,0.0
1798.9732801526802,9731.98120508395,7933.007924931269,48430.69076729647,50229.66404744915,0.0
5309.900171761249,12215.446912122572,6905.546740361323,35221.18107387433,40531.08124563558,0.0
1801.1339571468923,14279.529174104211,12478.395216957319,3211.7624028710434,5012.896360017936,0.0
185.31091790623125,9035.478086204057,8850.167168297825,22381.19363327625,22566.50455118248,0.0
3372.9091386958467,16271.58916777244,12898.680029076593,3396.3102111413123,6769.219349837159,0.0
1886.399314858713,6534.520240700556,4648.120925841843,40473.66048077172,42360.059795630434,0.0
641.0034601337625,19725.716288185897,19084.712828052136,47138.60005526383,47779.60351539759,0.0
2234.151066879617,19922.249275953844,17688.098209074225,24147.66816083328,26381.8192277129,0.0
3201.899864616975,3740.607492390109,538.7076277731344,31187.11227497706,34389.01213959404,0.0
4776.906727891121,18848.83286293448,14071.926135043359,42818.70491074012,47595.611638631235,0.0
2757.233256410029,18411.169843640862,15653.936587230834,45976.53144564163,48733.76470205166,0.0
374.7990655729751,18339.281524939124,17964.48245936615,12367.56859088714,12742.367656460116,0.0
2265.2475567668894,10256.988027495609,7991.740470728719,32751.2348202545,35016.48237702139,0.0
1987.535346075063,6563.973916969149,4576.438570894086,10231.273627950994,12218.808974026057,0.0
1366.9740886241568,18697.261882455856,17330.2877938317,44999.16384393271,46366.13793255686,0.0
535.1169586353369,3924.716078576045,3389.599119940708,23603.89173400066,24139.008692635995,0.0
1592.0118855067274,15498.812455709955,13906.800570203228,35630.23421273665,37222.24609824338,0.0
1084.6576073901444,17696.168616003313,16611.511008613168,27805.777074360656,28890.4346817508,0.0
849.0970653789652,5836.494505968424,4987.397440589459,47315.44496041937,48164.542025798335,0.0
6249.27533039587,3030.7678315909197,-3218.50749880495,32745.26510589155,38994.54043628742,0.0
1182.6962578313505,11981.800268046352,10799.104010215002,26364.9566564397,27547.65291427105,0.0
632.005893859971,16317.670775643077,15685.664881783106,26997.41136106922,27629.41725492919,0.0
3146.1619497291667,6027.492410649544,2881.330460920377,44639.667821033,47785.82977076217,0.0
234.42449463870082,1143.0504018105714,908.6259071718706,29683.75371989509,29918.17821453379,0.0
98.68058647991073,9126.677944589776,9027.997358109866,48859.38695662092,48958.06754310083,0.0
553.8622606184094,7871.486513970839,7317.624253352429,46762.51571971665,47316.377980335055,0.0
1462.5331374118946,19474.384315526142,18011.851178114248,41383.97036017702,42846.50349758892,0.0
780.2487988646608,12317.292548349142,11537.043749484481,3191.3017354856797,3971.5505343503405,0.0
1000.2835863761428,4022.770590777821,3022.487004401678,49127.43807697997,50127.72166335611,0.0
4884.6478097401205,2342.0173031211943,-2542.630506618926,18040.34131228756,22924.98912202768,0.0
1952.602383424748,2570.1268941756107,617.5245107508626,27847.604583208762,29800.20696663351,0.0
637.8524128600701,1683.3198445383052,1045.4674316782352,19357.769702699155,19995.622115559225,0.0
119.8478002076317,17212.06605244627,17092.21825223864,10307.308014008204,10427.155814215836,0.0
11494.39825703571,11592.93272890444,98.53447186873018,2604.875790573491,14099.2740476092,1.0
10.0,6610.670041916925,6600.670041916925,33253.8719999214,33263.8719999214,0.0
1160.3478237958066,3161.8087356298524,2001.4609118340459,16703.86087089236,17864.208694688168,0.0
2012.23225011044,8531.11952131769,6518.887271207251,7232.745100348842,9244.977350459281,0.0
995.4686364875107,3304.772184311062,2309.3035478235515,15761.931420051056,16757.40005653857,0.0
4241.8456329794835,17456.052792754756,13214.207159775273,45177.96518486409,49419.81081784358,0.0
4989.57080392541,5320.518437908098,330.9476339826888,32832.84783114226,37822.41863506767,0.0
48152.33330894617,48229.7523581176,77.41904917143256,5657.2791134429235,53809.61242238909,1.0
2460.0953036874644,17890.49412242895,15430.398818741487,10667.328728006325,13127.42403169379,0.0
29244.866601402493,29298.35707982147,53.490478418978455,4202.3263280146,33447.19292941709,1.0
13555.80315340322,13584.688265736382,28.885112333162397,8369.393582910501,21925.196736313723,1.0
331.77658517965176,15738.510730716831,15406.734145537179,6959.390137899351,7291.1667230790035,0.0
3598.4359125070528,15196.489689236834,11598.053776729781,37405.51205799678,41003.94797050383,0.0
7441.055524137776,16793.62884430893,9352.573320171152,18571.697532336617,26012.753056474394,0.0
1678.4058352918046,11164.852518965921,9486.446683674116,46563.33137006689,48241.737205358695,0.0
58.41004286418937,14850.447924292002,14792.037881427814,42914.5667776553,42972.97682051949,0.0
653.2424122102825,3516.354539604793,2863.1121273945105,24580.667242016534,25233.909654226816,0.0
2126.397744694441,9109.91320238849,6983.5154576940495,48922.8336092142,51049.23135390864,0.0
1180.829974791417,7075.6435629225725,5894.8135881311555,11416.541829665523,12597.37180445694,0.0
973.9314464199203,4608.779968960671,3634.8485225407503,24167.715152944947,25141.646599364867,0.0
5296.585189086856,1235.099113242077,-4061.4860758447794,6509.4674600401195,11806.052649126976,0.0
3353.14080297033,1520.4907173629254,-1832.6500856074044,2102.2398037972343,5455.380606767564,0.0
3632.5192818455803,6251.157148175354,2618.637866329774,11747.428141669636,15379.947423515216,0.0
2196.356625856619,10350.698356719638,8154.34173086302,23141.532859940387,25337.889485797008,0.0
2388.148850603346,6172.098657515859,3783.9498069125125,23554.14253522566,25942.291385829005,0.0
957.7423313643417,19661.7220241246,18703.97969276026,25163.52240502922,26121.26473639356,0.0
366.8039748287574,10964.15395484213,10597.349980013372,34622.0176259065,34988.82160073525,0.0
451.33263262935156,18406.558189909178,17955.225557279828,36138.10164198484,36589.43427461419,0.0
123.63017460901631,3195.5256923140746,3071.8955177050584,22746.75358987223,22870.38376448125,0.0
322.4232166702378,9919.791781269401,9597.368564599163,551.404213445017,873.8274301152549,0.0
338.6683437281195,19912.570747511334,19573.902403783213,21385.058540961927,21723.726884690048,0.0
32739.87480215208,32795.05380851003,55.17900635794649,9234.760378183837,41974.635180335914,1.0
572.7225198418696,17238.280905340718,16665.558385498847,2292.600918735077,2865.3234385769465,0.0
19695.65080344248,19730.577294027244,34.92649058476309,6722.715076341925,26418.365879784404,1.0
2153.8224714325243,14720.184857402577,12566.362385970053,33326.92276488444,35480.745236316965,0.0
1281.9062294056273,13189.125494509106,11907.219265103478,43810.168111249244,45092.07434065487,0.0
2613.5605744365057,15924.579444275441,13311.018869838936,4484.964850412732,7098.525424849237,0.0
32390.49960769892,32478.431773625423,87.93216592650424,6832.766104223898,39223.26571192282,1.0
4099.058532192798,12055.079563914123,7956.021031721325,35142.541169801625,39241.599701994426,0.0
1829.095084921282,16169.06464811534,14339.969563194058,37643.47222517853,39472.56731009981,0.0
600.652504294557,4799.174379487712,4198.521875193155,42108.30150306915,42708.95400736371,0.0
1558.701776191244,15669.233431596467,14110.531655405222,5802.672969228445,7361.374745419689,0.0
2303.1810678000015,1458.591210617838,-844.5898571821635,36874.47422299597,39177.65529079597,0.0
1534.998852052893,14011.129340084717,12476.130488031824,24278.310114171458,25813.30896622435,0.0
866.5649586130768,15954.525468616066,15087.96051000299,10811.644719549562,11678.209678162639,0.0
1085.7524325120141,12110.588631592114,11024.8361990801,48320.46480617145,49406.217238683465,0.0
5634.510910774304,17139.68513999843,11505.174229224125,5018.374754752697,10652.885665527001,0.0
903.9489979339247,13820.728571599408,12916.779573665483,28358.15439566961,29262.103393603535,0.0
178.42205797979457,1028.5797205565455,850.1576625767509,42281.31500575094,42459.73706373073,0.0
1888.2541294190607,7642.584531027183,5754.330401608123,43046.5241289348,44934.77825835386,0.0
2635.2155582609475,12455.76666185021,9820.551103589263,15739.281185847898,18374.496744108845,0.0
1982.7983528664406,5586.560296260734,3603.7619433942928,12710.89145333441,14693.689806200851,0.0
2112.7824425034205,13646.64550217747,11533.863059674048,2507.2011535905103,4619.983596093931,0.0
747.125102791601,18755.44300124685,18008.31789845525,20393.001279545668,21140.12638233727,0.0
1883.2551163836395,8589.513580881103,6706.258464497463,43119.0192262137,45002.27434259734,0.0
1719.359597021331,19158.29551708973,17438.935920068398,362.6214007572237,2081.9809977785544,0.0
4405.829067747562,17290.72726135453,12884.898193606967,26891.891157465387,31297.72022521295,0.0
4026.1571248526984,17258.974365254242,13232.817240401544,18618.314911430134,22644.472036282834,0.0
74.72145601896547,4468.466612471786,4393.74515645282,44059.86697778205,44134.588433801015,0.0
583.0003529532294,13265.113273551526,12682.112920598296,29451.947030417025,30034.947383370254,0.0
2574.920350562439,9658.25801055666,7083.33765999422,8027.890538158511,10602.81088872095,0.0
1644.963786201368,8828.692705177014,7183.728918975647,3874.2898725245723,5519.25365872594,0.0
158.60426954010163,10325.831537429834,10167.227267889733,35885.168085466845,36043.77235500695,0.0
409.81383422204107,19007.692909320816,18597.879075098776,427.73850590850924,837.5523401305503,0.0
1085.9049980151806,4166.801305481322,3080.8963074661415,20432.884110491806,21518.789108506986,0.0
2711.5550432567925,12579.178939453988,9867.623896197196,15562.262628929846,18273.81767218664,0.0
839.0625889351182,13353.53311970262,12514.470530767503,44457.24809978927,45296.31068872439,0.0
92.5639313736639,11384.338085863594,11291.774154489929,26338.4453634746,26431.009294848263,0.0
2950.429052087027,12476.631764220721,9526.202712133694,10132.846099521554,13083.275151608581,0.0
5379.9770733825035,3147.044135448071,-2232.9329379344326,20424.369444113665,25804.346517496168,0.0
10917.45307119142,10934.717135269448,17.26406407802824,7040.996843974501,17958.44991516592,1.0
4781.752278647304,18236.506333915873,13454.75405526857,4252.181065303556,9033.93334395086,0.0
1953.1749676136155,18319.38319118641,16366.208223572796,49505.48918674586,51458.664154359474,0.0
2677.8257568694007,16888.63363564739,14210.80787877799,7471.595107100953,10149.420863970354,0.0
661.2381552146383,14436.695169454024,13775.457014239386,34123.9533118431,34785.19146705774,0.0
297.8623712492289,10873.772206280246,10575.909835031018,10182.43205616387,10480.294427413099,0.0
3514.9908163979376,9564.571172229016,6049.580355831078,36927.97490578976,40442.96572218769,0.0
1581.2127263778011,9054.098087659453,7472.885361281652,17198.030679178377,18779.24340555618,0.0
1410.2691168196352,8711.818636464592,7301.5495196449565,10394.417705249853,11804.686822069489,0.0
828.9267445893215,5346.447006578311,4517.52026198899,23999.153276449586,24828.080021038906,0.0
1784.6355002866105,8423.478503793473,6638.843003506862,286.04657709823124,2070.6820773848417,0.0
384.45638091824304,7877.777842811615,7493.3214618933725,1962.17880202732,2346.635182945563,0.0
3469.4606957593232,7466.218379317656,3996.757683558333,24416.907199765938,27886.36789552526,0.0
29909.12481283189,29982.03514119138,72.91032835948863,5845.060359833142,35754.185172665035,1.0
1352.9520268186618,13438.061730009847,12085.109703191185,18841.778050808283,20194.730077626944,0.0
881.9654414957635,10173.471830760356,9291.506389264592,8476.008016473119,9357.973457968883,0.0
568.8674289142449,12763.650326010493,12194.782897096247,2169.8347078025927,2738.7021367168377,0.0
2862.816961472966,4354.960910732507,1492.143949259541,32106.45734321302,34969.27430468598,0.0
2610.8242588209805,8479.334553820172,5868.5102949991915,7037.168169557662,9647.992428378642,0.0
1829.0809639429815,10574.95306695555,8745.872103012569,37427.94928353383,39257.03024747681,0.0
937.6751651045792,3108.673827382376,2170.998662277797,42649.19845150683,43586.87361661141,0.0
372.0048744446024,797.6643730975803,425.6594986529779,22123.546349675922,22495.551224120525,0.0
817.7732725404558,3015.0887045797226,2197.315432039267,41192.02575855969,42009.79903110015,0.0
4769.734477902514,2899.5164100113357,-1870.2180678911786,2902.3168509251905,7672.051328827705,0.0
20063.658741012856,20069.719776724636,6.061035711780278,6725.67195094623,26789.330691959087,1.0
9500.0,17039.96100678146,7539.961006781461,49410.17463634871,58910.17463634871,0.0
32895.14884067328,32970.252136827046,75.10329615376395,9321.300733011638,42216.44957368492,1.0
2627.951784926269,1151.6508967486595,-1476.3008881776093,33387.80125992678,36015.75304485305,0.0
1960.506106303654,13665.032773966184,11704.52666766253,13178.647545930051,15139.153652233705,0.0
334.23522081977796,9002.941810465463,8668.706589645686,24347.035661962414,24681.27088278219,0.0
5612.492519935785,10153.590940264405,4541.09842032862,32489.536375631233,38102.02889556702,0.0
42633.446282138786,42718.68129380717,85.23501166838105,7101.1089190621315,49734.555201200914,1.0
1773.423226007275,9096.67469769906,7323.251471691785,7558.097909411326,9331.521135418601,0.0
748.119067077543,14059.407889271457,13311.288822193914,38960.156838255396,39708.275905332936,0.0
51.953107884028945,9751.837006968204,9699.883899084176,33811.686752023874,33863.639859907904,0.0
47413.95295724047,47423.84818740912,9.895230168651324,2916.53185394699,50330.48481118746,1.0
1067.2215918468255,5276.593413136144,4209.371821289318,38010.28122645801,39077.50281830484,0.0
129.40390302126383,16215.163929402106,16085.760026380842,16456.835277804017,16586.23918082528,0.0
1747.969035560285,5021.262470715543,3273.2934351552576,15969.20584168426,17717.174877244543,0.0
646.3962198195594,12683.510275015142,12037.114055195583,44776.006019041306,45422.402238860865,0.0
1019.427751304753,7908.0601852927275,6888.632433987975,41556.94822176913,42576.37597307389,0.0
956.0041158162004,7686.96814604042,6730.96403022422,3479.089177178951,4435.093292995151,0.0
119.67753721736135,15647.569525568299,15527.891988350937,1605.4790241029127,1725.156561320274,0.0
6978.1193282534305,14388.294000954595,7410.174672701164,9409.999083993114,16388.118412246546,0.0
2459.8187680415685,1415.8062369495124,-1044.0125310920562,42976.38526237449,45436.20403041606,0.0
5237.624902249157,1519.2390174511324,-3718.385884798024,19783.4957048158,25021.120607064957,0.0
47779.039015704824,47824.35635689421,45.31734118938766,631.6773090303108,48410.716324735135,1.0
1054.1507215946501,4298.479151556572,3244.3284299619218,34640.41969245503,35694.570414049675,0.0
1625.955490016639,2890.371551890068,1264.416061873429,35244.845447739805,36870.800937756445,0.0
651.0524992865901,15990.492389310699,15339.439890024109,2118.096597639102,2769.149096925692,0.0
10676.116039473385,10727.614279842966,51.498240369581254,739.8888420190508,11416.004881492436,1.0
1094.1391516380484,5147.575607245941,4053.4364556078926,1670.1503288717224,2764.289480509771,0.0
1632.3192721278294,17593.663317282866,15961.344045155036,41826.00972237894,43458.32899450677,0.0
1748.4118784391342,2835.3193454278457,1086.9074669887116,42780.131352701406,44528.54323114054,0.0
792.1184495820129,14422.179983363045,13630.061533781032,35148.28317723217,35940.401626814186,0.0
32398.837373995422,32436.75130557268,37.91393157725906,611.3763001222361,33010.21367411766,1.0
9500.0,10444.709046613194,944.709046613194,19897.86386478846,29397.86386478846,0.0
49367.44316105343,49456.841000241744,89.39783918831381,3914.3602022285563,53281.803363281986,1.0
1642.725720561704,16427.470706699773,14784.744986138068,28846.106929982172,30488.832650543874,0.0
112.22114357629707,4619.626880294831,4507.405736718533,48078.948551945796,48191.16969552209,0.0
832.2784166646167,10974.801771278562,10142.523354613946,18073.916704713778,18906.195121378394,0.0
2320.4855308895208,10610.613011373689,8290.127480484169,47828.19642805845,50148.68195894797,0.0
2570.511159994137,7831.438827618213,5260.927667624075,38782.73176630167,41353.24292629581,0.0
2106.702271374473,13878.777501897994,11772.07523052352,4059.3893525215585,6166.091623896032,0.0
2604.7627655593224,6833.57884991703,4228.816084357708,39667.2413930488,42272.00415860812,0.0
663.9536967974528,7477.902593509898,6813.948896712445,29246.80591695239,29910.759613749844,0.0
457.43906766189247,9253.778590559406,8796.339522897513,48602.44823878572,49059.887306447614,0.0
196.71412289682098,3776.391017757232,3579.6768948604113,48251.58114549594,48448.29526839276,0.0
44580.65106825602,44607.11017173289,26.45910347687459,7785.3537100340545,52366.00477829007,1.0
1582.4475959635952,7021.62927880303,5439.181682839435,37857.52901537196,39439.97661133556,0.0
1946.1809507061707,13103.043706318937,11156.862755612765,17713.28606638129,19659.46701708746,0.0
3995.476117653587,13062.153811797549,9066.677694143962,26455.163383021925,30450.639500675512,0.0
1386.1303357053123,18710.246517821917,17324.116182116606,24466.541581211797,25852.67191691711,0.0
37817.32451824575,37830.09118174398,12.766663498230628,9276.142351480565,47093.46686972631,1.0
3729.171988236595,9082.894720870583,5353.722732633988,15031.596429083776,18760.76841732037,0.0
1279.1876331344174,3239.730691012588,1960.5430578781707,10696.143524985884,11975.331158120302,0.0
2424.57511244898,9653.433418790533,7228.8583063415535,19897.652810066673,22322.227922515653,0.0
9500.0,2969.4239476083,-6530.5760523917,36706.22718284843,46206.22718284843,0.0
3269.3986202319857,9765.83188744125,6496.433267209265,9280.203197771658,12549.601818003644,0.0
662.6677246134772,9187.597382616643,8524.929658003166,6522.781827569695,7185.449552183172,0.0
289.0720547504648,4368.2645270301755,4079.1924722797107,35259.448945867734,35548.5210006182,0.0
1724.9839428761054,12019.697566384764,10294.713623508658,43558.51659804863,45283.50054092473,0.0
9500.0,4667.8654156472585,-4832.1345843527415,34089.840564219325,43589.840564219325,0.0
682.0771628239502,15149.825780286044,14467.748617462094,65.99344921648375,748.070612040434,0.0
642.6322454683316,11750.254405224374,11107.622159756042,21601.239981687082,22243.872227155414,0.0
850.8994578636408,1107.9107276824639,257.01126981882305,28026.109244754494,28877.008702618135,0.0
350.6316322083981,4022.822055570412,3672.190423362014,31467.747131446922,31818.37876365532,0.0
955.0796162170755,3709.038139372031,2753.9585231549554,11500.022627419992,12455.102243637068,0.0
163.6753792161745,9318.194451983501,9154.519072767327,35356.03069721905,35519.70607643523,0.0
1444.9926798445515,18225.12739233985,16780.1347124953,5361.790088476176,6806.782768320727,0.0
981.4777400702991,9104.849566626339,8123.37182655604,43953.10022761251,44934.57796768281,0.0
1157.513081846666,2862.5314945892155,1705.0184127425496,44336.71959729522,45494.23267914188,0.0
2653.096867599448,2226.185146687204,-426.91172091224416,44264.14145484502,46917.238322444464,0.0
7545.126951371329,2119.2557772986356,-5425.871174072693,8205.721979789516,15750.848931160845,0.0
363.72341009854466,15509.762656789164,15146.03924669062,27853.296634195856,28217.0200442944,0.0
2280.2926933430167,6679.803769461614,4399.511076118597,9144.688616459962,11424.981309802979,0.0
3453.102901260399,6542.0187766889585,3088.9158754285595,30607.49108066951,34060.59398192991,0.0
2836.3636955134266,6670.9140520511155,3834.550356537689,28998.099026755553,31834.46272226898,0.0
39626.41686788294,39706.89057435963,80.47370647669595,7618.130968758637,47244.54783664158,1.0
2138.472936750616,5778.154816323143,3639.6818795725267,22979.350293972195,25117.82323072281,0.0
542.2492972077465,18969.827028446183,18427.577731238438,8201.99735382065,8744.246651028398,0.0
3092.019260911395,8881.70952150355,5789.690260592155,49339.82970899484,52431.848969906234,0.0
1735.4242023882066,19476.32187282472,17740.897670436512,38949.425294980436,40684.84949736864,0.0
1396.8471229352585,9878.361357643918,8481.51423470866,4952.821710799399,6349.668833734657,0.0
878.3726749397676,4536.232908502331,3657.8602335625637,43112.58141512436,43990.95409006413,0.0
3257.291316346257,18334.39648682408,15077.105170477822,17351.401266281802,20608.69258262806,0.0
1202.009392424185,3796.626108107262,2594.616715683077,47489.96767310015,48691.97706552434,0.0
169.2629936563899,18705.499867784336,18536.236874127946,28242.45854997872,28411.72154363511,0.0
645.7142331581302,15384.061208961602,14738.346975803472,6036.917635449324,6682.631868607454,0.0
117.43507517392473,11868.863625160659,11751.428549986735,1190.3021629171506,1307.7372380910754,0.0
2516.32981825422,7457.024561810399,4940.69474355618,20983.614607863416,23499.944426117636,0.0
513.6482941099154,1171.4105171796339,657.7622230697185,12120.940694360543,12634.588988470457,0.0
19566.247085422772,19594.773451616926,28.526366194153525,9940.619833831104,29506.866919253876,1.0
2075.363907273512,1427.8722546491924,-647.4916526243194,32797.4355419196,34872.79944919311,0.0
2560.7436691068237,16197.845018075242,13637.10134896842,6326.345702453784,8887.089371560607,0.0
421.76002943335595,13678.326896983293,13256.566867549938,7030.290203826339,7452.050233259695,0.0
1823.727560917522,9212.057097372333,7388.329536454811,2464.599951190222,4288.327512107744,0.0
79.4159874277333,5011.299907402935,4931.883919975202,31225.900768217358,31305.31675564509,0.0
242.29288715124034,5666.857700331139,5424.564813179899,11913.120666996501,12155.41355414774,0.0
1519.8216883766327,3170.8493736125993,1651.0276852359666,48244.14970819266,49763.97139656929,0.0
823.3314212377134,16450.703036005507,15627.371614767793,5964.9790300906225,6788.310451328336,0.0
20369.323793724485,20418.870950031018,49.547156306533,3499.2853377140764,23868.609131438563,1.0
938.5361799537181,8175.892645410121,7237.356465456403,18682.040923334924,19620.57710328864,0.0
515.4170866135697,2387.965254250763,1872.5481676371933,33218.77054257812,33734.187629191685,0.0
4619.256959240749,11040.77717008402,6421.520210843271,5527.068220836767,10146.325180077516,0.0
1111.6402499791438,15944.060959538821,14832.420709559678,36755.7912420198,37867.43149199894,0.0
2964.91885297936,5906.53911880913,2941.62026582977,6848.256190464741,9813.175043444102,0.0
9500.0,4683.852165935044,-4816.147834064956,17657.72011412689,27157.72011412689,0.0
3909.6783143324983,2302.765582222799,-1606.9127321096994,25266.601666794013,29176.27998112651,0.0
11815.776008475794,11915.768491159111,99.99248268331758,2970.769577964727,14786.545586440521,1.0
3098.088619154197,16727.167847717807,13629.079228563609,47158.15639266746,50256.24501182165,0.0
615.8958991071805,750.0221654568136,134.12626634963306,9696.391014034023,10312.286913141204,0.0
1820.9567264407178,16748.789999699035,14927.833273258317,47527.518597187816,49348.47532362853,0.0
28821.203357474536,28902.233671207883,81.0303137333467,9885.246673259217,38706.45003073375,1.0
1789.4275736581496,2847.3739153579095,1057.9463416997598,44486.76673915283,46276.19431281098,0.0
2670.242609497065,2030.9424348453922,-639.3001746516729,4351.678254577712,7021.9208640747775,0.0
795.6877641737562,9671.318934775525,8875.63117060177,1069.4423337539893,1865.1300979277455,0.0
6270.052972439578,1613.4320296809392,-4656.620942758639,8856.772739650127,15126.825712089705,0.0
587.1094477702782,11621.093902616825,11033.984454846548,24390.674090379947,24977.783538150226,0.0
1695.431593007745,17159.74666426295,15464.315071255207,43821.463742121756,45516.8953351295,0.0
199.5639322098422,3857.7882148022086,3658.2242825923663,43520.258497104995,43719.82242931484,0.0
329.86383547325966,4819.1242027629805,4489.260367289721,6019.148238730987,6349.012074204246,0.0
27080.093964975244,27121.001568431853,40.90760345660965,2262.8262729366766,29342.92023791192,1.0
2231.0125066959713,12516.372906335582,10285.36039963961,31416.818264932688,33647.83077162866,0.0
1753.0479342938856,11912.587072442007,10159.539138148122,2830.7486567361707,4583.796591030056,0.0
2953.549264082792,10560.944631245757,7607.395367162964,5057.55289592143,8011.102160004222,0.0
1429.0716202211208,4468.942688395195,3039.871068174074,19706.66214141559,21135.73376163671,0.0
3676.5541862253062,8133.358280492187,4456.804094266881,1737.107296116347,5413.661482341653,0.0
4185.517286459543,16781.988820817765,12596.471534358221,37499.34921899876,41684.8665054583,0.0
59.36702308604403,16803.538565507977,16744.171542421933,33605.25335068824,33664.62037377428,0.0
3167.6334012746165,7338.840865845644,4171.207464571027,2198.582081072742,5366.215482347358,0.0
3845.353204538956,18922.62656409913,15077.273359560173,27135.06236283225,30980.415567371205,0.0
821.6462486628586,4270.115055435017,3448.468806772158,15686.762942232695,16508.409190895552,0.0
1685.8007251188126,8863.304911329105,7177.504186210293,39578.69544650139,41264.4961716202,0.0
591.9433783320467,12606.23633909676,12014.292960764713,49251.69225029799,49843.635628630036,0.0
1521.0944962581557,6248.936147761954,4727.841651503799,9218.41190098469,10739.506397242847,0.0
414.35407050233715,8159.3201034097465,7744.9660329074095,47811.309853807696,48225.663924310036,0.0
2517.9140368486164,6145.208369834533,3627.2943329859168,7567.062934576652,10084.976971425269,0.0
3273.950510194796,10744.529395480211,7470.578885285415,4473.919149120869,7747.869659315666,0.0
5345.8110145983455,4229.221516984367,-1116.589497613979,5034.680055190155,10380.4910697885,0.0
1331.7398381273954,18116.451239324462,16784.711401197066,33859.50469883927,35191.24453696667,0.0
231.414855639529,18954.383740488232,18722.968884848702,49124.13255305535,49355.54740869488,0.0
648.883684960762,5664.892027364643,5016.00834240388,11327.692426314561,11976.576111275323,0.0
337.40601352191095,14778.274523088334,14440.868509566422,1934.247912859577,2271.653926381488,0.0
186.69795908604362,5719.534525288803,5532.836566202759,13478.084662622974,13664.782621709017,0.0
10042.894977205637,10074.304022728995,31.409045523358145,5264.985273282413,15307.88025048805,1.0
82.37501191388588,7909.219069065174,7826.844057151288,42018.07526926594,42100.45028117982,0.0
163.40911090966222,12136.098307071234,11972.689196161571,26686.033067604032,26849.442178513695,0.0
542.4212974639559,12273.9587670793,11731.537469615345,47015.80766196322,47558.22895942717,0.0
945.3790755158132,14875.93970637162,13930.560630855807,35435.21446068232,36380.59353619813,0.0
357.430397931036,18512.762219597134,18155.3318216661,31700.038370799404,32057.46876873044,0.0
3136.1908516638587,1015.7146006545156,-2120.4762510093433,42700.77652277297,45836.96737443683,0.0
1128.5718966261697,8589.528327930642,7460.956431304472,19797.054790698705,20925.626687324875,0.0
628.9303722524986,6686.553899958918,6057.62352770642,39611.117362196426,40240.047734448926,0.0
79.51870336109192,12103.403726013343,12023.88502265225,31345.81396569478,31425.33266905587,0.0
3383.8260059726304,19541.5483923838,16157.72238641117,32080.99993572045,35464.82594169308,0.0
1083.9087133403466,19587.692295975576,18503.783582635228,45740.798788249034,46824.70750158938,0.0
1819.7688054499536,12296.345857356224,10476.57705190627,46051.4758026901,47871.244608140056,0.0
4416.314881074133,5925.235147842031,1508.9202667678983,41374.0479878503,45790.362868924436,0.0
5536.507853677537,16152.599404052422,10616.091550374884,49509.589462583586,55046.097316261126,0.0
2998.5727965169194,504.6995913601237,-2493.873205156796,43490.618290696155,46489.191087213076,0.0
2005.3398389657696,18623.3679350585,16618.02809609273,44432.13346814775,46437.47330711352,0.0
15.183237062831378,5041.585853664892,5026.40261660206,31385.020680036996,31400.20391709983,0.0
1355.0055619910613,18280.462106019215,16925.456544028155,6368.601801668045,7723.607363659106,0.0
1081.7484540587895,17649.5225234819,16567.77406942311,48697.02917866286,49778.77763272165,0.0
4048.6691339530216,12020.688403599359,7972.019269646337,23764.648828275414,27813.317962228437,0.0
3747.487914423375,14560.565887508501,10813.077973085126,34915.666197028004,38663.15411145138,0.0
848.9211523478801,1701.3557132031503,852.4345608552702,18005.88577445019,18854.80692679807,0.0
23300.92131862993,23355.54611539022,54.62479676029034,9377.922867867816,32678.844186497747,1.0
259.0818760099047,8617.556106614917,8358.474230605012,45150.05425757481,45409.13613358472,0.0
502.334676551649,10537.472778257208,10035.13810170556,11616.77729620091,12119.111972752558,0.0
5520.687635608614,10998.080490969944,5477.39285536133,31332.184165587918,36852.87180119653,0.0
930.6922006654967,4634.543084793464,3703.850884127967,18189.302579952855,19119.99478061835,0.0
1520.729257014458,18468.425856222344,16947.696599207888,36441.70735611517,37962.43661312963,0.0
139.77771699224598,7256.15109803401,7116.373381041764,31721.997058417615,31861.77477540986,0.0
2279.5679726983553,13384.184165628454,11104.616192930098,205.07252150835376,2484.6404942067093,0.0
385.2814869166537,4335.426885508656,3950.145398592002,10874.217693148903,11259.499180065557,0.0
115.63130569590999,7838.080430622454,7722.449124926544,15939.91808752756,16055.54939322347,0.0
4204.6848025309755,1951.3541595510555,-2253.33064297992,47890.966190662955,52095.65099319393,0.0
2076.4492232437233,19273.285385292213,17196.83616204849,22305.71535625939,24382.16457950311,0.0
1914.1496743295315,16230.8022510287,14316.652576699167,3351.4039518761365,5265.5536262056685,0.0
116.70033904275844,11800.95919842463,11684.258859381873,49080.53278212164,49197.2331211644,0.0
1556.0967419345106,5271.954141962168,3715.8574000276576,3668.037975845978,5224.134717780489,0.0
3202.744460538693,2239.832277116153,-962.9121834225402,45043.39472007896,48246.139180617654,0.0
753.3998720417655,5402.887967655537,4649.488095613771,12444.919259659599,13198.319131701364,0.0
380.38942560044995,2280.8518195043625,1900.4623939039125,7103.080472153111,7483.469897753561,0.0
30.452027769782227,9881.95099042849,9851.498962658707,30499.07464072358,30529.52666849336,0.0
3172.100222063736,2403.3957431253366,-768.7044789383995,22786.790700424237,25958.89092248797,0.0
966.4707388183562,6556.718942208928,5590.248203390572,18623.347391283663,19589.81813010202,0.0
1808.1213037461946,1472.2728547837028,-335.84844896249183,46876.29933797915,48684.420641725344,0.0
6787.493564859322,9024.388048378176,2236.894483518854,39086.113299397985,45873.60686425731,0.0
37806.570268281284,37831.47226449196,24.90199621067586,4787.016818903501,42593.58708718479,1.0
2056.2639929492893,14112.375654866331,12056.111661917043,23293.565434818418,25349.82942776771,0.0
4173.414546591069,2239.5278969307947,-1933.886649660274,36991.08171827982,41164.49626487089,0.0
2606.635156163371,10524.573564575827,7917.938408412456,40233.58089277792,42840.21604894129,0.0
2451.589879023199,6574.489830772727,4122.899951749529,10702.62281137171,13154.212690394908,0.0
3730.2203064962664,2405.2918700417904,-1324.928436454476,21234.17458484802,24964.394891344287,0.0
19071.203713183044,19163.20379665801,92.00008347496623,4345.0269371930435,23416.23065037609,1.0
880.4135193036124,4089.975805538661,3209.5622862350488,23525.25394961636,24405.66746891997,0.0
325.435547513243,16604.820415322887,16279.384867809644,40910.600068523156,41236.035616036395,0.0
1053.2734996033275,8184.631145945621,7131.357646342293,15542.307775869662,16595.58127547299,0.0
2357.6430164048306,5051.2272544334755,2693.584238028645,17808.34826572215,20165.991282126983,0.0
442.86905970204236,873.8717596230158,431.00269992097344,7796.3126086915745,8239.181668393618,0.0
2242.515314134136,13918.29435452383,11675.779040389694,6853.397127022404,9095.912441156539,0.0
534.257754488062,735.3637383620501,201.10598387398807,8428.45721960564,8962.714974093702,0.0
222.67875642407182,6987.458504007065,6764.779747582993,33917.531472751,34140.21022917507,0.0
1086.944413268481,15288.871624166963,14201.927210898482,33411.850848867194,34498.795262135674,0.0
1259.9748862027845,9426.409947730615,8166.435061527831,19601.47674017956,20861.451626382346,0.0
3587.2505432126136,12629.57484541418,9042.324302201567,20413.338696321294,24000.589239533907,0.0
307.45780434611726,16951.770328467064,16644.312524120945,40837.26397363407,41144.72177798019,0.0
30634.01271173572,30645.937202867644,11.924491131925606,7701.116522302855,38335.12923403857,1.0
124.0536869664351,8424.144902910499,8300.091215944063,13702.71037147739,13826.764058443825,0.0
2934.5654469455467,4340.5957890700665,1406.0303421245198,22474.098259271403,25408.66370621695,0.0
4537.810528861764,14546.296871331919,10008.486342470154,23568.40778507453,28106.218313936297,0.0
3240.9671915494623,7058.306188271504,3817.3389967220414,37607.744612883296,40848.71180443276,0.0
236.6506152223006,4676.436928421944,4439.786313199643,14327.369927690854,14564.020542913155,0.0
1388.7929935427871,16306.77504107314,14917.982047530353,29300.81887391483,30689.611867457617,0.0
1436.3711938048277,7422.404758371866,5986.033564567038,5962.508384073329,7398.879577878157,0.0
1892.6290379403965,16433.491593550993,14540.862555610596,14855.857906392095,16748.486944332493,0.0
1168.8630447439305,13643.026735862144,12474.163691118214,16228.932958263958,17397.79600300789,0.0
3247.6158221323576,16937.436907895844,13689.821085763488,24702.143346786666,27949.759168919023,0.0
1013.6486060182792,2866.7525286980836,1853.1039226798043,35131.355316182606,36145.003922200885,0.0
385.042329104034,3641.450453500234,3256.4081243962,1677.9590823625567,2063.001411466591,0.0
4545.961114944355,15591.754512061609,11045.793397117253,42646.21790892249,47192.17902386685,0.0
1635.7996794564933,11793.031178683457,10157.231499226964,17772.473179023924,19408.272858480417,0.0
2844.0607370986963,7243.657121037081,4399.596383938385,8935.306046630443,11779.36678372914,0.0
16.79770742423358,12299.481633624438,12282.683926200205,31817.215765904468,31834.0134733287,0.0
460.8257604322921,504.6970530983962,43.871292666104125,25327.690794070884,25788.516554503178,0.0
1470.2056235773443,17007.740128487327,15537.534504909981,32874.70296281255,34344.908586389894,0.0
450.1117022047718,10576.352876331257,10126.241174126486,964.9566113492381,1415.0683135540098,0.0
1668.1866820699472,17580.693932630995,15912.507250561048,38574.24374084629,40242.43042291624,0.0
1120.7112188843194,9429.055754977893,8308.344536093573,32385.45373951149,33506.164958395806,0.0
12.130801184774684,950.6580351219478,938.5272339371732,6860.861580503297,6872.992381688072,0.0
3714.253130834183,4487.427493318559,773.1743624843757,26017.31684357871,29731.56997441289,0.0
433.76438892167374,8920.199465325286,8486.435076403612,43151.34740748118,43585.11179640285,0.0
1920.1978331469356,9091.760724153908,7171.562891006973,16140.724885692165,18060.9227188391,0.0
1185.5272044852604,6275.446928400471,5089.919723915211,14940.153204163731,16125.680408648992,0.0
2432.671000088373,18948.47455234221,16515.803552253838,3763.612050180193,6196.2830502685665,0.0
1816.8576799751204,11727.953186885039,9911.095506909918,28466.760088804698,30283.61776877982,0.0
122.73978716393262,17301.68652663758,17178.946739473646,49281.6810043852,49404.420791549135,0.0
2023.5682294082608,14628.879228596956,12605.310999188696,33217.214573235724,35240.78280264398,0.0
31912.39382930543,31939.725065170802,27.331235865371127,2345.3087198527423,34257.70254915817,1.0
803.637602502602,16830.714132566103,16027.076530063501,32789.813994986,33593.4515974886,0.0
2771.468486336635,17871.070564457237,15099.602078120603,19992.934756860774,22764.40324319741,0.0
4166.7168115071745,18805.62282145674,14638.906009949567,19057.382668052534,23224.099479559707,0.0
3525.628944893761,15086.67741716098,11561.048472267219,23789.84074973005,27315.46969462381,0.0
4653.822705668395,19532.271549176487,14878.448843508091,49379.788725664046,54033.61143133244,0.0
288.375601180207,13358.753313573367,13070.37771239316,38083.74526970918,38372.12087088938,0.0
1364.099193146712,8516.711631399547,7152.612438252834,16368.83400576996,17732.93319891667,0.0
14.013503869448922,15437.50504062628,15423.49153675683,42971.12954306522,42985.14304693467,0.0
2738.746922706088,5618.95066442173,2880.203741715642,35086.55203778924,37825.298960495325,0.0
4553.782418741062,17224.291770715634,12670.509351974571,32544.174256193477,37097.95667493454,0.0
1624.7205934233812,6642.661366200594,5017.940772777212,29434.586018170226,31059.30661159361,0.0
633.9009716207856,19177.78843674581,18543.887465125023,9637.716094351978,10271.617065972763,0.0
1102.3866015108204,7445.7818974969,6343.395295986079,13170.180597792225,14272.567199303045,0.0
27381.507208690036,27411.61592673656,30.10871804652197,5420.419845539489,32801.92705422953,1.0
2000.7815450356961,12785.364272067134,10784.582727031438,23762.32632936002,25763.10787439572,0.0
2395.7277638255787,10615.583018736834,8219.855254911256,1862.694030709805,4258.421794535384,0.0
580.1225899844105,2959.248786320506,2379.1261963360957,23465.14981800035,24045.27240798476,0.0
1446.4597382022362,16638.40009630849,15191.940358106254,23348.370458189893,24794.83019639213,0.0
355.0521035142784,8650.406099937278,8295.353996422999,44660.32942754209,45015.38153105637,0.0
11851.565225089196,11926.073242205419,74.50801711622262,2961.171306119089,14812.736531208286,1.0
1791.4922613190258,4234.047490708329,2442.5552293893033,1969.5081444843331,3761.000405803359,0.0
262.31568850462133,13599.695769969885,13337.380081465264,40096.01961279914,40358.335301303756,0.0
1310.110274871182,12929.348383579822,11619.23810870864,34408.72183611317,35718.83211098435,0.0
1125.7380841891486,1355.6812231905003,229.9431390013517,28055.505438420038,29181.243522609187,0.0
622.3163933391319,789.6943888963239,167.37799555719198,30068.81057215802,30691.126965497155,0.0
1903.491728221744,16199.320847590761,14295.829119369017,28946.827970350165,30850.319698571908,0.0
2294.7594012803957,7714.97827621956,5420.218874939164,7304.5349886543045,9599.294389934701,0.0
1468.6197208470303,5570.936784922461,4102.317064075431,21769.46980640067,23238.0895272477,0.0
4797.647216315547,4331.411721856914,-466.2354944586332,13845.084487046883,18642.731703362428,0.0
2180.036761665379,15079.210579017068,12899.17381735169,3540.7350692882255,5720.771830953605,0.0
4141.202704106245,13764.888422442295,9623.68571833605,11126.052208872323,15267.254912978568,0.0
119.16978012496817,515.3954663177664,396.2256861927982,31424.771504453103,31543.94128457807,0.0
468.6181185051916,1908.472291313318,1439.8541728081263,19730.247583062028,20198.865701567218,0.0
9500.0,13987.046338479704,4487.046338479704,47655.55426409652,57155.55426409652,0.0
3707.1782729358424,10439.842445076774,6732.664172140932,26975.328699214773,30682.506972150615,0.0
692.9458572752944,8397.521422457194,7704.575565181899,2107.5208481467103,2800.4667054220045,0.0
32.66611700668129,19036.582335656924,19003.916218650244,42360.47437866943,42393.14049567611,0.0
752.889964252741,14012.949978586514,13260.060014333772,36598.39191763561,37351.281881888346,0.0
99.84078691583852,5686.494260755186,5586.6534738393475,32254.13459833931,32353.97538525515,0.0
514.0636601912665,7637.551182057047,7123.487521865781,47497.7504666102,48011.81412680147,0.0
164.52352064820482,13407.080741202608,13242.557220554403,16685.742423789645,16850.26594443785,0.0
947.3299696049439,1455.5905769398341,508.2606073348902,13277.209240162068,14224.539209767012,0.0
10002.851611361652,10074.386932611673,71.5353212500213,2436.610125418449,12439.4617367801,1.0
705.1430792111017,2204.627753486135,1499.4846742750333,28845.476766137566,29550.61984534867,0.0
1592.1751724957949,4313.6276184797,2721.452445983905,34227.2216515662,35819.396824061994,0.0
716.3409171392776,8702.289619136978,7985.9487019977005,27174.47288543169,27890.813802570967,0.0
3457.350350819875,6532.686960560251,3075.3366097403755,13558.889285560172,17016.239636380047,0.0
1827.480515087411,3676.601762309184,1849.1212472217728,10470.990840014045,12298.471355101456,0.0
1738.3328830727257,13140.07896024684,11401.746077174113,40564.44269730199,42302.77558037471,0.0
2678.2702447450083,17463.165710861256,14784.895466116248,45364.4780726286,48042.748317373604,0.0
9929.600646497935,9937.28735683611,7.686710338175544,3902.891008393338,13832.491654891273,1.0
554.2896271194523,6368.843232816623,5814.5536056971705,20852.76181163528,21407.05143875473,0.0
15.387104540800603,19576.176538824744,19560.789434283943,44561.47205157337,44576.85915611417,0.0
685.1088810554417,18214.532183509167,17529.423302453724,18322.83231699898,19007.941198054425,0.0
1657.4543721485043,2779.1358315233115,1121.6814593748072,17324.75315884125,18982.207530989755,0.0
527.0763300353666,912.4215553136175,385.34522527825095,32333.637657995256,32860.71398803062,0.0
5664.535208962706,13707.42720631375,8042.891997351045,49799.55254730526,55464.08775626797,0.0
1058.7297548125655,19003.866254679942,17945.136499867378,48502.86800190347,49561.59775671604,0.0
1235.7022279929831,5619.729485390004,4384.027257397021,16510.76125800137,17746.463485994354,0.0
675.261320629045,2385.543915857559,1710.282595228514,30954.654763555984,31629.916084185028,0.0
300.14883766143106,2033.2208643002818,1733.0720266388507,43181.15004599767,43481.298883659096,0.0
658.6777563207812,6278.787499171324,5620.109742850543,17677.411128172753,18336.088884493533,0.0
1376.477899894739,13248.669497645049,11872.19159775031,31162.875483656564,32539.353383551304,0.0
3996.5822338664398,6518.336646217038,2521.754412350598,13122.815149244516,17119.397383110954,0.0
1819.1882998802514,4734.2378787346015,2915.0495788543503,12553.951201467267,14373.13950134752,0.0
531.4049992473073,9661.98598218166,9130.580982934354,40031.18282064077,40562.58781988808,0.0
3496.6220481978526,13198.355385859255,9701.733337661402,9316.673817220366,12813.295865418218,0.0
103.7934872196247,13053.526857974271,12949.733370754646,460.28336953214955,564.0768567517742,0.0
2107.777267972054,883.2039135635322,-1224.5733544085215,15552.085252849196,17659.86252082125,0.0
2574.5135858143217,3784.5907470723473,1210.0771612580256,26856.037414337,29430.55100015132,0.0
3654.5238759782965,8484.234783732529,4829.710907754232,33650.45504815262,37304.97892413091,0.0
20299.716164722147,20342.551193103463,42.83502838131608,7463.726747923538,27763.442912645685,1.0
6599.906679954215,16272.741511154523,9672.834831200307,45069.34284053285,51669.249520487065,0.0
14265.89876213461,14347.901544361152,82.00278222654197,8561.495725959416,22827.394488094025,1.0
605.3543652284758,10276.344375858045,9670.99001062957,43502.39983031959,44107.75419554807,0.0
1808.7877327407425,6040.030909934943,4231.243177194201,10599.076039963067,12407.86377270381,0.0
786.9464530842719,14455.421715410072,13668.4752623258,44449.58192781662,45236.52838090089,0.0
20.675493568156902,16216.4175090836,16195.742015515443,20649.60300964438,20670.278503212536,0.0
1368.340453326137,773.2830917581111,-595.057361568026,10691.944474763215,12060.284928089352,0.0
1183.7623701721773,5415.362793578344,4231.6004234061675,47826.387453900454,49010.14982407263,0.0
6022.614176753758,1598.4989170851761,-4424.115259668582,20594.87391810556,26617.48809485932,0.0
1357.9544384679841,6471.665281953808,5113.710843485824,34137.84623667599,35495.800675143975,0.0
35468.585145902,35559.532856738784,90.94771083678643,516.4179722275663,35985.00311812956,1.0
2947.2999182934695,830.8980216515959,-2116.4018966418735,29609.50902146091,32556.80893975438,0.0
4021.2588349879807,5374.200134170163,1352.9412991821828,31269.881494020636,35291.14032900862,0.0
16443.00428122608,16520.816847354734,77.812566128654,3351.2426669622473,19794.246948188327,1.0
847.7088815454528,8380.142030987663,7532.43314944221,38890.607172195865,39738.31605374132,0.0
469.06475121607014,17631.34960953954,17162.28485832347,29949.504531551323,30418.569282767392,0.0
1677.397362746777,8356.355605475948,6678.958242729172,46019.49157500184,47696.88893774862,0.0
2292.6137487128717,2721.932754168599,429.31900545572717,43759.36067293645,46051.97442164932,0.0
4031.3619637414454,1578.9815496852489,-2452.3804140561965,16712.318707856564,20743.68067159801,0.0
977.825146183456,4239.582436726584,3261.757290543128,35326.48161515955,36304.30676134301,0.0
2257.195087758978,8411.43127152848,6154.236183769502,15357.497509497609,17614.692597256588,0.0
3530.819768244315,5918.876956761242,2388.0571885169265,12694.200548053408,16225.020316297723,0.0
4197.217275801589,19450.98337584695,15253.766100045363,41154.37645034402,45351.593726145606,0.0
1862.7933448643319,19608.331439256417,17745.538094392086,14080.03051176257,15942.823856626903,0.0
596.5093598578778,17903.14733206423,17306.63797220635,43647.436520450094,44243.94588030797,0.0
3769.1873358163903,5126.460091314177,1357.2727554977864,24970.228069012228,28739.41540482862,0.0
11716.955254352444,11805.342865551032,88.38761119858827,3424.7255623582882,15141.680816710732,1.0
832.8625342214832,1779.2149164280759,946.3523822065927,37186.84074762228,38019.70328184376,0.0
2369.3247368592774,4605.305524591953,2235.9807877326757,24238.903004522348,26608.227741381626,0.0
1061.9141333481446,12022.00249799804,10960.088364649897,8488.846987906107,9550.76112125425,0.0
1117.8765541061227,16057.191286150914,14939.314732044792,8003.705274336531,9121.581828442653,0.0
2577.1655313470847,15105.48083939666,12528.315308049576,43639.81625397214,46216.98178531922,0.0
232.474908390385,19984.542329397096,19752.06742100671,45485.9155953888,45718.390503779185,0.0
18721.308350148734,18736.289978753346,14.981628604611615,5624.489412714188,24345.797762862923,1.0
4380.6244464074825,19205.09098881453,14824.466542407046,11557.017100492383,15937.641546899866,0.0
3217.428907859801,13136.591202076675,9919.162294216874,1268.5744021157795,4486.00330997558,0.0
200.52324607333796,7050.94999088921,6850.426744815873,1175.1211409162022,1375.6443869895402,0.0
890.9846846298982,17228.226778591034,16337.242093961135,15507.361054540102,16398.34573917,0.0
671.2116964308931,15076.652416556844,14405.440720125951,4959.72650564393,5630.9382020748235,0.0
29270.316221536013,29277.61220792731,7.2959863912947185,9374.671878137444,38644.98809967346,1.0
729.4263726977144,8613.378072969379,7883.951700271665,46327.8557570919,47057.282129789615,0.0
308.6373407604572,18264.80614959479,17956.168808834333,44429.6247311646,44738.262071925055,0.0
2391.1593287439678,1481.297192225947,-909.8621365180209,18391.611216047822,20782.77054479179,0.0
41316.872593132415,41337.91881484661,21.0462217141976,3256.447769498927,44573.32036263134,1.0
285.9169171018889,14190.895173400077,13904.978256298187,28094.90515007132,28380.82206717321,0.0
3258.8578919909587,16879.965353256885,13621.107461265925,31934.95474415863,35193.81263614959,0.0
3528.782639932176,1265.4345348844981,-2263.348105047678,26781.582642361594,30310.36528229377,0.0
4640.724186080744,9897.053258644559,5256.329072563814,28080.80798957275,32721.532175653494,0.0
55.845924845850625,16590.130075397672,16534.284150551823,48602.104708831175,48657.95063367703,0.0
1919.787952419908,6302.628970595902,4382.841018175994,47934.53269558777,49854.32064800768,0.0
10.0,5747.835176441202,5737.835176441202,1948.6181984211537,1958.6181984211537,0.0
672.9256627813775,5372.415572529622,4699.489909748245,34186.53467552695,34859.46033830833,0.0
2560.7787424898193,3868.767706481203,1307.9889639913836,49459.2082183048,52019.98696079462,0.0
1977.1873807345928,16514.558697270488,14537.371316535895,7003.227967946824,8980.415348681418,0.0
273.626231693328,11751.897832965888,11478.27160127256,44314.78723756999,44588.413469263316,0.0
2425.5816251059555,8031.6097083322475,5606.028083226292,18162.30892810886,20587.890553214816,0.0
28.837459476023042,10253.859742694312,10225.02228321829,15670.278073727817,15699.11553320384,0.0
1160.1816851707968,18490.773263332176,17330.59157816138,4986.54861719412,6146.7303023649165,0.0
878.2027410459814,6741.161501579859,5862.9587605338775,34590.92930625254,35469.132047298524,0.0
2467.110138187218,17250.120668883294,14783.010530696076,40739.6000817948,43206.71021998202,0.0
2372.235826668418,10831.276612866055,8459.040786197636,35334.71901712573,37706.95484379415,0.0
1688.224672871311,8634.703440026191,6946.47876715488,43669.208218552376,45357.43289142369,0.0
1059.6906203060057,5814.8761019003105,4755.185481594304,40971.90408966341,42031.59470996942,0.0
9500.0,14852.690308308278,5352.690308308278,44454.619912448004,53954.619912448004,0.0
1009.3976138574236,18999.745905664025,17990.3482918066,39011.34583089473,40020.74344475215,0.0
1047.7475449795832,8263.915123696677,7216.167578717094,8537.72754980982,9585.475094789404,0.0
26813.501815769967,26853.26992928447,39.76811351450306,4824.754444178325,31638.25625994829,1.0
63.25809819111,3902.720484760126,3839.462386569016,31386.636778113287,31449.894876304395,0.0
1050.0289998205296,6351.308116656079,5301.279116835549,19957.08305469757,21007.1120545181,0.0
2651.858563944405,18164.06310498646,15512.204541042056,16159.48924158967,18811.347805534075,0.0
899.5721890978608,7562.5412544859555,6662.969065388094,5001.583553357686,5901.155742455547,0.0
2814.114905325171,5864.428190402927,3050.3132850777556,15488.229159259354,18302.344064584526,0.0
1094.3726367356007,2433.349189413667,1338.9765526780661,30437.91625647765,31532.28889321325,0.0
760.3847902394995,5282.946447000163,4522.561656760664,45468.0163362484,46228.4011264879,0.0
1755.6517236115112,14011.944469883378,12256.292746271867,2472.371833967363,4228.023557578874,0.0
3268.555534352877,3829.981070065069,561.425535712192,25450.10917683691,28718.664711189787,0.0
567.6543150798328,12553.007828453088,11985.353513373255,30145.440571234278,30713.09488631411,0.0
3218.910642808085,4954.304120014193,1735.3934772061084,25920.377236728793,29139.287879536878,0.0
6207.312468137371,9267.178667150878,3059.866199013507,26550.156487148124,32757.468955285494,0.0
4022.461728959879,17027.17884456736,13004.71711560748,32193.39637775632,36215.8581067162,0.0
281.9503318319631,19792.315523819765,19510.365191987803,10777.164255227268,11059.114587059232,0.0
2223.4739670048784,14271.533721369748,12048.05975436487,32436.09400774528,34659.567974750156,0.0
22.733791324836467,11357.836791244432,11335.102999919596,38461.560177071886,38484.29396839672,0.0
1599.9659208405992,1757.5682688890024,157.6023480484032,43794.28606834757,45394.25198918817,0.0
1375.0252252230791,16901.37532701398,15526.3501017909,8713.933925068035,10088.959150291113,0.0
49.78844456502263,8349.26393205777,8299.475487492746,19481.300867900518,19531.08931246554,0.0
246.91084699573062,2462.0895558405064,2215.178708844776,22938.414497829646,23185.325344825378,0.0
171.48981491387218,9804.35433178646,9632.864516872589,12026.75432579735,12198.244140711222,0.0
1012.6292624197287,14528.069033708995,13515.439771289266,10113.659087101518,11126.288349521246,0.0
6012.820262463886,8888.430214664108,2875.6099522002214,16485.60877071018,22498.429033174067,0.0
8791.116834810658,16447.530434540717,7656.413599730058,33787.33801735885,42578.45485216951,0.0
9500.0,11874.99174477609,2374.991744776091,18270.30654507784,27770.30654507784,0.0
2389.4274834967596,1733.6221005031587,-655.8053829936009,42471.113472744495,44860.54095624125,0.0
346.10886152079894,5193.895420438381,4847.786558917582,7779.516219250393,8125.625080771192,0.0
8634.365310458867,7609.045336637357,-1025.3199738215098,30211.975516607115,38846.340827065986,0.0
2027.8152626691149,6660.748536519917,4632.933273850802,36405.22461838712,38433.03988105623,0.0
1124.0891393079776,4592.910424947445,3468.8212856394675,9197.3708923692,10321.460031677178,0.0
8537.547879203968,7282.5357749443965,-1255.012104259572,19712.911774787262,28250.45965399123,0.0
525.523157901862,4483.00112475973,3957.4779668578685,18726.807622552056,19252.330780453918,0.0
4316.6011786545805,6898.870020043839,2582.2688413892583,12878.386282475845,17194.987461130426,0.0
1564.9382023912763,8401.34428021893,6836.406077827653,25120.139674006336,26685.077876397612,0.0
919.9709051183404,3375.3336806905013,2455.362775572161,8992.222341777062,9912.193246895402,0.0
294.93543466777857,8453.937617213713,8159.002182545934,5714.5642918428275,6009.499726510606,0.0
2013.915418987042,1873.9832145056866,-139.93220448135526,13467.845909024705,15481.761328011748,0.0
5267.243008232469,12993.849382180819,7726.60637394835,42770.807731559005,48038.05073979148,0.0
1226.9094089076307,8607.608619298204,7380.699210390573,23298.337409306834,24525.246818214466,0.0
27776.345712536306,27868.878517922723,92.53280538641775,2543.5953880638185,30319.941100600125,1.0
1174.6338152728044,2576.3943840517745,1401.76056877897,9927.620176854645,11102.25399212745,0.0
219.87211720274564,19915.08094514981,19695.208827947063,30010.127354629036,30229.999471831783,0.0
45.64597186000165,8212.03698557962,8166.391013719618,21686.394144798887,21732.04011665889,0.0
2097.6261189371203,15629.368771454343,13531.742652517223,39727.61472108527,41825.240840022394,0.0
316.67010965937504,6780.571218667183,6463.9011090078075,29836.943138995397,30153.613248654772,0.0
720.2747518555784,8068.368406985693,7348.093655130115,42968.01123764107,43688.285989496646,0.0
9500.0,3101.618542702538,-6398.3814572974625,37939.70713521564,47439.70713521564,0.0
22370.309047767987,22390.74942524454,20.440377476552385,4962.351738699511,27332.6607864675,1.0
1559.1869937877605,5952.2279365800705,4393.04094279231,9074.881413542058,10634.068407329818,0.0
345.70132734730623,18230.668347379145,17884.96702003184,45297.760487469124,45643.46181481643,0.0
2227.708880095066,7434.628985522528,5206.920105427462,29549.334248406743,31777.04312850181,0.0
614.776682018198,8239.343165236272,7624.566483218075,878.2727851983474,1493.0494672165455,0.0
1275.9907444939356,10880.050135908257,9604.059391414321,37858.33127062598,39134.32201511992,0.0
1887.221450279832,14586.28339883957,12699.061948559738,21372.526662124274,23259.748112404104,0.0
9500.0,2249.1679207894927,-7250.832079210508,37256.637424919994,46756.637424919994,0.0
80.21146020003086,2000.8990686563386,1920.6876084563078,26827.733550539968,26907.945010739997,0.0
1443.0500561446422,19524.23742355472,18081.18736741008,31500.35677232616,32943.4068284708,0.0
492.33192622348867,10299.67833107945,9807.346404855962,42255.36495027061,42747.6968764941,0.0
875.9751687966058,4678.300281550061,3802.3251127534554,3613.600612761847,4489.575781558453,0.0
1137.7982626046476,3648.2298776419602,2510.4316150373124,35239.79180660933,36377.590069213984,0.0
2774.715964639595,13647.28283272424,10872.566868084647,9074.356242934933,11849.072207574529,0.0
1678.540391108766,9794.098898055538,8115.558506946772,40425.66366302054,42104.2040541293,0.0
175.71104333721016,12124.78166622299,11949.07062288578,45394.530020641636,45570.24106397884,0.0
71.89975462310841,13045.709638860331,12973.809884237224,20872.803554687074,20944.70330931018,0.0
1115.6283878168547,5616.963341541387,4501.334953724532,36040.81582374578,37156.44421156264,0.0
38282.023460684824,38328.07437667564,46.050915990817884,4518.586651342404,42800.61011202723,1.0
801.5972209434284,4066.997056260652,3265.3998353172233,16152.17923093012,16953.77645187355,0.0
2285.8673852523402,17821.30783197437,15535.440446722028,25318.583677257266,27604.451062509605,0.0
3031.677696697999,604.3052795373454,-2427.3724171606536,45187.288530447084,48218.96622714508,0.0
4208.017934861908,10930.018737295728,6722.00080243382,41476.158275037735,45684.17620989964,0.0
3494.080320207032,13905.563678969698,10411.483358762667,18907.74092803709,22401.82124824412,0.0
4566.164020132954,14679.6747899327,10113.510769799746,7052.989974614854,11619.153994747809,0.0
879.096955445707,18001.880367180638,17122.78341173493,8293.896233126774,9172.99318857248,0.0
7953.931471564043,13096.05485668488,5142.123385120836,41776.96396207127,49730.89543363531,0.0
116.05392768967243,8982.784589634355,8866.730661944683,44605.600784554066,44721.65471224374,0.0
2348.425055135438,17762.158134797523,15413.733079662084,38132.62793780705,40481.05299294248,0.0
516.8932109178915,16449.13144823257,15932.238237314677,35275.13303315686,35792.026244074754,0.0
587.350207333354,3797.526058202704,3210.17585086935,37830.12491469273,38417.47512202608,0.0
1954.4649426011679,3810.290715039149,1855.825772437981,48696.778705221375,50651.24364782254,0.0
456.92058626212537,14424.69694235784,13967.776356095714,17728.39105580754,18185.311642069664,0.0
1010.1602625983594,16525.8667936816,15515.706531083239,14840.010252591945,15850.170515190304,0.0
43939.692900142945,44028.28117390012,88.58827375717374,3685.7669383813763,47625.45983852432,1.0
401.49271406896327,1788.0785025321213,1386.585788463158,20457.189395881116,20858.682109950078,0.0
546.4183152254719,1699.3618609434518,1152.9435457179798,26617.55632585695,27163.974641082423,0.0
10841.90521882504,10932.063781446028,90.15856262098714,3446.7314101254774,14288.636628950519,1.0
2235.38608221123,2858.7329136506005,623.3468314393704,45587.71660007385,47823.10268228508,0.0
27699.3178008186,27748.307215031684,48.989414213083364,6085.717243060165,33785.035043878765,1.0
4963.915074167379,14634.981644807669,9671.06657064029,33497.130668188314,38461.045742355695,0.0
2503.895665264673,19487.980349750622,16984.084684485948,4562.528464112264,7066.424129376937,0.0
691.2389358365987,7971.707136902953,7280.468201066354,17591.344854340572,18282.58379017717,0.0
25296.55024499936,25390.32900804524,93.77876304588062,970.5413098337767,26267.091554833136,1.0
2869.274058433911,7068.530178219477,4199.256119785567,16795.692255334478,19664.96631376839,0.0
21226.48128564505,21285.145586889616,58.66430124456383,4507.179855321474,25733.661140966527,1.0
4198.8316281738935,677.1971815487183,-3521.6344466251753,43104.20429201157,47303.035920185466,0.0
471.2056765005264,17105.83730033613,16634.631623835605,31292.919853505857,31764.125530006382,0.0
2335.187262193625,15461.051186104849,13125.863923911224,24530.484415586972,26865.671677780596,0.0
212.45067096326042,7998.058367272198,7785.607696308937,18251.26520194115,18463.71587290441,0.0
1147.5812196301754,6669.3204440598165,5521.739224429641,26071.102117416194,27218.68333704637,0.0
747.5824353715758,16981.898384134427,16234.31594876285,10576.025887211372,11323.608322582948,0.0
1422.1908624366179,15485.12201545061,14062.931153013993,26860.408969744432,28282.59983218105,0.0
382.06739315237064,3981.135890815675,3599.0684976633042,5203.7978209123485,5585.865214064719,0.0
194.39999147721997,16416.443111324603,16222.043119847383,10241.062353792724,10435.462345269943,0.0
1096.4813712874752,9350.007994234777,8253.526622947302,16866.47655517074,17962.957926458213,0.0
2294.8099219144638,6940.736421628615,4645.926499714151,25806.229210124337,28101.0391320388,0.0
445.1435569377867,3780.6132926155915,3335.4697356778047,15632.815717760972,16077.959274698758,0.0
2187.1593678433464,12298.889442036003,10111.730074192656,21689.220110368635,23876.37947821198,0.0
12901.574806260938,12911.767996938996,10.193190678057363,6247.394599064581,19148.96940532552,1.0
3157.9930181237523,16999.32411832468,13841.331100200927,20450.38683681366,23608.37985493741,0.0
1247.173946566477,14778.639324799607,13531.46537823313,4237.973663766093,5485.1476103325695,0.0
383.3122180336847,11118.360211637908,10735.047993604223,46707.767189650316,47091.079407684,0.0
878.0016383423299,17807.479900415732,16929.478262073404,39997.35242924409,40875.35406758642,0.0
11834.529171694434,11907.605401879764,73.07623018533013,1869.3534504167642,13703.882622111198,1.0
7946.326935948816,12703.903302156328,4757.576366207512,35900.3105053824,43846.637441331215,0.0
3178.54900578378,792.4707573541652,-2386.078248429615,889.2570631241714,4067.8060689079516,0.0
50.57748782264078,5418.351117497067,5367.773629674426,44800.77614808112,44851.35363590376,0.0
84.9234660021034,1635.637700995367,1550.7142349932635,47095.248641916456,47180.17210791856,0.0
265.61964660917744,15070.880579227443,14805.260932618266,31980.8366216031,32246.456268212278,0.0
2023.2603726475156,15390.404352476093,13367.143979828577,31056.67034241657,33079.93071506409,0.0
1659.8571454582723,18894.318746290224,17234.461600831954,41472.33198808322,43132.18913354149,0.0
394.6956297242957,2750.2972364761504,2355.601606751855,39908.54013089226,40303.23576061655,0.0
9500.0,16323.585813457794,6823.585813457794,33604.219530303155,43104.219530303155,0.0
51.42829746529406,8604.741749568526,8553.313452103232,45511.085070515604,45562.5133679809,0.0
74.82513167639165,10005.622791547492,9930.797659871101,29958.78176052889,30033.606892205284,0.0
2066.48759490405,5622.5195426601,3556.03194775605,49596.33091540554,51662.81851030959,0.0
3551.253729785318,2537.4067085027755,-1013.8470212825423,21221.694442878954,24772.94817266427,0.0
1033.2882671115647,7106.622813578702,6073.334546467137,43423.267060618426,44456.55532772999,0.0
1313.7167205395892,3892.55929067517,2578.842570135581,35893.39255656318,37207.10927710277,0.0
774.7459817892949,4689.664825287463,3914.918843498168,41768.11770894462,42542.86369073392,0.0
26.361889651318453,8638.96736510923,8612.605475457913,42730.378136668565,42756.74002631989,0.0
2450.026299934873,13450.451916025333,11000.42561609046,39266.5845569392,41716.61085687407,0.0
7827.3061951611835,7564.723055003994,-262.5831401571895,49540.06779729689,57367.37399245807,0.0
1864.987893931179,19544.04392764268,17679.056033711502,7981.496662638205,9846.484556569383,0.0
3690.7419841239434,15985.623953779312,12294.88196965537,41056.18130588622,44746.92329001016,0.0
1520.3725621244198,10333.137485464114,8812.764923339695,10534.019866378141,12054.39242850256,0.0
4463.726041643655,12647.603861575944,8183.87781993229,20589.101374288733,25052.82741593239,0.0
4511.533508661227,11857.48399932177,7345.950490660543,37122.87821067783,41634.411719339056,0.0
2829.7837162434953,8920.952000084579,6091.168283841083,32841.1153257105,35670.899041954,0.0
709.7119801597861,11158.991323441585,10449.2793432818,7906.63228596823,8616.344266128015,0.0
2007.6756542752764,6860.319955500943,4852.644301225667,23716.27852751455,25723.954181789828,0.0
5392.882050795809,10309.832291324548,4916.950240528739,48148.79711822428,53541.67916902009,0.0
2091.881941964144,6934.510458160391,4842.628516196247,14019.708929517526,16111.59087148167,0.0
3270.5097621734694,10473.009922880952,7202.500160707483,22604.67611951921,25875.185881692676,0.0
395.0871203199098,13268.127150043074,12873.040029723164,45434.63831514529,45829.7254354652,0.0
648.3536862573017,5242.009615152406,4593.655928895104,43714.828011108715,44363.18169736602,0.0
339.56720659902123,5536.8583679880485,5197.291161389027,15205.500367141844,15545.067573740866,0.0
1449.6721373955422,18854.93911368256,17405.26697628702,31368.775221768108,32818.44735916365,0.0
45646.712473313135,45704.17668037532,57.46420706218487,7732.6115207998855,53379.32399411302,1.0
2226.8825670382043,1461.5252486415811,-765.3573183966232,43271.47025413431,45498.35282117251,0.0
631.1864928669911,14349.092042167165,13717.905549300174,40739.8086329988,41370.99512586579,0.0
17015.999589733994,17082.27989837157,66.28030863757522,9745.325536623746,26761.32512635774,1.0
750.6077747980845,10270.423866991156,9519.81609219307,38420.52715570171,39171.13493049979,0.0
411.92375494866155,1372.983579425494,961.0598244768325,10262.876486813504,10674.800241762165,0.0
349.57697814660685,3893.203736314422,3543.626758167815,33757.19272219242,34106.76970033903,0.0
2452.6404489001525,8993.988581247826,6541.3481323476735,20186.650205246508,22639.29065414666,0.0
43111.68025497183,43151.00490145103,39.324646479202784,835.822220003557,43947.50247497539,1.0
2135.1683813684185,18225.60898229621,16090.440600927792,741.5081215853936,2876.676502953812,0.0
2142.111846942619,13024.424188388743,10882.312341446122,39688.34035148769,41830.452198430314,0.0
40.55072150062903,11669.020395395442,11628.469673894813,28593.484468586605,28634.035190087234,0.0
3196.3260604345746,2568.7949739850656,-627.5310864495091,6677.913293174176,9874.239353608751,0.0
555.3856065213066,16886.789462975907,16331.4038564546,37754.69836490732,38310.08397142863,0.0
1441.8914294526212,14852.338683124051,13410.447253671431,45111.0143270187,46552.90575647132,0.0
1626.4686655703758,12538.407894267308,10911.939228696932,28391.3045699792,30017.773235549575,0.0
241.71188974132582,15891.167766203542,15649.455876462216,8619.807164922633,8861.519054663959,0.0
938.562159509663,19866.69290920283,18928.130749693166,16303.525116356166,17242.08727586583,0.0
1723.5736818792898,16793.64824926765,15070.074567388361,8860.468991061976,10584.042672941267,0.0
171.70916382021602,15554.619826460917,15382.910662640701,4544.945073727391,4716.654237547607,0.0
841.320043145463,6608.3894395320285,5767.069396386565,23226.92317622096,24068.243219366424,0.0
3853.579535513316,18742.698943797717,14889.119408284401,39911.05907940067,43764.63861491399,0.0
1768.3079213838894,3041.3169606953993,1273.00903931151,16429.608151402743,18197.916072786633,0.0
1336.640659323833,19333.81504174788,17997.174382424048,29745.801045943575,31082.441705267407,0.0
241.07824279693855,2691.742029932253,2450.6637871353146,47653.63843110685,47894.716673903786,0.0
2299.272469969244,11257.915372226003,8958.642902256759,43088.691989467734,45387.964459436975,0.0
3656.9111284295727,6607.049988720885,2950.1388602913125,13500.249823250699,17157.16095168027,0.0
1615.8886703923529,4979.467531823018,3363.5788614306657,3252.297886857031,4868.186557249383,0.0
4417.117608523501,17693.487474710226,13276.369866186724,43728.823835910036,48145.941444433534,0.0
592.8538951673028,7977.881890213329,7385.027995046026,22394.56724222316,22987.42113739046,0.0
1697.4914851826254,8891.170346826622,7193.678861643997,29475.26920877127,31172.760693953896,0.0
1238.149037332752,18668.76278269958,17430.61374536683,5554.860442299525,6793.009479632277,0.0
1471.9339105965726,10144.642528893295,8672.708618296723,21749.00989440226,23220.943804998835,0.0
2637.8105425100857,16199.824570715966,13562.01402820588,12330.8711345337,14968.681677043785,0.0
45572.48312202157,45605.927740709405,33.44461868783401,6225.908979425233,51798.39210144681,1.0
2013.429035666552,1351.3881099036662,-662.0409257628858,43651.78007630684,45665.20911197339,0.0
801.4207107108142,890.2286107611085,88.80790005029428,46304.06733934594,47105.48805005675,0.0
1302.0577624235352,1983.6521719273915,681.5944095038562,32135.8577372779,33437.915499701434,0.0
2706.7042284878567,5761.023128901101,3054.318900413244,22057.179968453827,24763.884196941683,0.0
42607.79579184928,42686.92994425125,79.13415240196628,8378.257199236008,50986.05299108529,1.0
4926.585470505625,17788.611109296766,12862.02563879114,28747.67466148207,33674.26013198769,0.0
653.0962372622911,6655.535382699287,6002.439145436996,10419.18395044127,11072.28018770356,0.0
2117.79949218444,4947.95736909651,2830.1578769120697,3634.1077920405473,5751.907284224988,0.0
147.62826208784324,6362.7849909345105,6215.156728846668,29306.017440274845,29453.64570236269,0.0
223.88829031485426,11911.29831516065,11687.410024845794,32678.03627725964,32901.9245675745,0.0
1126.1187939093156,15051.970439829005,13925.851645919689,27071.723830492243,28197.842624401557,0.0
1805.152095078644,14921.483338169726,13116.331243091083,44726.942612029554,46532.0947071082,0.0
921.3305555735208,19360.657532761234,18439.326977187713,41470.011009946786,42391.341565520306,0.0
1965.1323982046288,3671.718254703062,1706.5858564984333,16441.652344059516,18406.784742264143,0.0
138.64359120726945,19404.067825679627,19265.424234472357,26625.743487826003,26764.387079033273,0.0
702.8293794646111,19010.982849241682,18308.15346977707,13383.337988472133,14086.167367936743,0.0
757.8612512081025,6101.5250501028195,5343.663798894717,15300.305260447161,16058.166511655263,0.0
37693.90996001092,37718.96456590403,25.054605893114058,9927.870182635865,47621.780142646785,1.0
19.637790769126454,14415.343642137695,14395.70585136857,411.8120795980063,431.44987036713275,0.0
2985.48028057035,5644.218461453972,2658.738180883622,38150.96989078337,41136.450171353725,0.0
6182.985979456845,10676.747007585827,4493.761028128983,21117.593635036723,27300.579614493567,0.0
45652.57591108696,45674.299258546205,21.723347459243087,8226.2492767856,53878.825187872564,1.0
274.1513239607699,7649.435151880901,7375.2838279201305,29434.448716800805,29708.600040761576,0.0
3538.7757676884726,6456.162417695393,2917.3866500069203,6855.159403716432,10393.935171404904,0.0
69.07104708842363,2244.725894802551,2175.6548477141273,47650.80880202214,47719.87984911056,0.0
526.3188156001623,4678.8514102961335,4152.532594695971,47551.64623743031,48077.96505303047,0.0
402.07420795770577,19039.5219076471,18637.447699689394,22129.451166222934,22531.52537418064,0.0
45253.63000713364,45274.63529915157,21.005292017929605,3283.122735424637,48536.752742558274,1.0
9500.0,8479.060455440527,-1020.9395445594728,21771.806445101778,31271.806445101778,0.0
568.2841999595918,4850.255359684438,4281.971159724846,14367.683087099836,14935.967287059428,0.0
634.7836286486623,5270.0173440191875,4635.233715370525,1440.0685284666758,2074.8521571153383,0.0
722.3080801031003,17367.402036051637,16645.093955948538,29020.90828900735,29743.21636911045,0.0
40500.00477816325,40556.362612440906,56.35783427765273,3979.6037644511484,44479.6085426144,1.0
2092.4976833979017,11320.741759595474,9228.244076197572,2801.456662445684,4893.9543458435855,0.0
17.805595344570474,12989.424216273137,12971.618620928566,30804.92810746773,30822.7337028123,0.0
634.9046301030229,15650.454573654162,15015.54994355114,6959.830670844281,7594.735300947304,0.0
106.10277608512328,15787.074102907898,15680.971326822775,47243.78209552722,47349.88487161234,0.0
191.681911211672,13435.57091365161,13243.889002439939,21822.41994115564,22014.101852367312,0.0
1355.6418851070982,18288.04763935905,16932.40575425195,21653.725257228256,23009.367142335355,0.0
946.2391316354742,9383.552248807122,8437.313117171649,9758.73075200031,10704.969883635786,0.0
117.12646615524237,868.177132236576,751.0506660813336,46954.065244351004,47071.191710506246,0.0
1840.3659903244875,12999.618117753675,11159.252127429187,33671.040012343525,35511.40600266801,0.0
401.610172417251,5043.869805738278,4642.259633321027,37675.1950553654,38076.80522778265,0.0
3482.2958258889535,9594.304592838696,6112.0087669497425,38350.62649903847,41832.92232492743,0.0
294.2608976390401,15420.402572294648,15126.141674655608,34932.84900406201,35227.10990170105,0.0
2280.2955905507374,4203.727501389891,1923.4319108391533,8911.654945579172,11191.950536129909,0.0
1863.6954051772364,13166.342131760755,11302.64672658352,30624.47535485417,32488.170760031408,0.0
861.9512821461487,17550.76161831245,16688.810336166298,49466.664341413765,50328.61562355991,0.0
169.0388944711171,11023.404883611473,10854.365989140355,16198.805328076949,16367.844222548067,0.0
31884.73759175127,31981.219904298494,96.48231254722486,3951.248847745673,35835.98643949694,1.0
1327.5444019965387,8737.692905602144,7410.148503605605,34546.02850355975,35873.572905556284,0.0
762.3644402267663,14547.277648277957,13784.913208051192,26675.429306725673,27437.79374695244,0.0
1089.4922970904338,9246.579712684957,8157.087415594524,44336.31915724946,45425.8114543399,0.0
787.0641736061737,7266.545540537899,6479.4813669317255,15835.856101260804,16622.920274866978,0.0
5084.415163802003,18676.61135026652,13592.196186464518,4686.243302985821,9770.658466787823,0.0
1379.329232519219,10209.997555354146,8830.668322834927,4671.593342124964,6050.9225746441825,0.0
2570.711503912119,4371.585747929932,1800.874244017813,19360.89285396024,21931.60435787236,0.0
44511.31459652205,44544.253328720704,32.93873219865782,4439.336497031126,48950.65109355317,1.0
734.0752372778347,12384.183297881937,11650.108060604101,30814.58951272305,31548.664750000884,0.0
355.1450875970192,8914.408337029026,8559.263249432008,2774.536053553034,3129.681141150053,0.0
498.5927993408824,17874.409805563162,17375.817006222278,44464.27310371317,44962.86590305405,0.0
492.45051188186665,11258.391254389355,10765.940742507488,6566.162488215871,7058.613000097738,0.0
2985.3956311125175,1586.8427667773415,-1398.552864335176,37463.76684120522,40449.16247231774,0.0
1731.739352196458,18191.241761903035,16459.502409706576,43959.245888954894,45690.98524115135,0.0
21.739896086029432,6522.787535111032,6501.047639025003,17756.660765789533,17778.400661875563,0.0
1571.6539286495154,7970.477955016397,6398.824026366881,47711.567873821085,49283.2218024706,0.0
2003.2173348106555,10027.796054620703,8024.578719810048,24505.9618063391,26509.179141149754,0.0
33237.476703874476,33256.705876197586,19.229172323110106,5944.983657497585,39182.46036137206,1.0
640.5626572055858,8516.981926057895,7876.419268852309,31115.767822713213,31756.330479918797,0.0
3086.7855637511725,9222.403746925713,6135.61818317454,49807.26210620959,52894.04766996077,0.0
1620.264721373016,7586.376673988826,5966.11195261581,43735.099216335606,45355.36393770862,0.0
44240.937959944924,44250.87623784001,9.938277895089414,4977.46816956376,49218.40612950869,1.0
1377.5634780977841,857.9884879848672,-519.5749901129169,14445.715790190588,15823.279268288372,0.0
244.18385460563456,16342.06632366606,16097.882469060425,48503.83094550005,48748.01480010568,0.0
836.6419087816641,18802.419117680853,17965.777208899188,24268.64475845971,25105.286667241377,0.0
43113.2957176904,43120.62736290248,7.331645212078001,5292.555409507501,48405.8511271979,1.0
107.3456765916481,15956.918296656533,15849.572620064884,48712.12627608683,48819.471952678476,0.0
533.6772835701116,11186.419195968134,10652.741912398022,46624.79372568698,47158.47100925709,0.0
515.6501950660977,8510.919713564843,7995.269518498745,20785.178914246448,21300.829109312544,0.0
2419.5678047107594,9780.873242180622,7361.305437469862,5077.830171458942,7497.397976169701,0.0
7224.618812325852,11874.491339591988,4649.872527266137,35339.525219840725,42564.14403216658,0.0
1811.0964008861667,2420.645512748363,609.5491118621965,35241.80987586683,37052.906276753,0.0
1193.3108238122036,2843.105545344628,1649.7947215324243,41121.11550081387,42314.42632462607,0.0
134.1043570213637,12943.728099067252,12809.623742045887,11935.734196753177,12069.838553774542,0.0
5412.256730803273,9687.864907873765,4275.608177070492,11323.234583869746,16735.491314673018,0.0
3773.9667276728023,737.5067906225581,-3036.459937050244,6221.168845360664,9995.135573033465,0.0
2180.125050294198,1665.3643464784961,-514.7607038157018,41978.3353237711,44158.4603740653,0.0
1437.5649625770989,10278.108737109258,8840.54377453216,5288.945344703349,6726.510307280449,0.0
1740.9061365848872,8406.69768844316,6665.791551858273,23894.53304728748,25635.439183872368,0.0
2129.82500239724,16144.337094375816,14014.512091978577,907.8982803539415,3037.7232827511816,0.0
269.24728383328744,5441.2630974077665,5172.015813574479,48207.2897932779,48476.53707711119,0.0
2276.5772693582526,8607.828210349067,6331.250940990814,34527.632019982244,36804.2092893405,0.0
587.8580804979554,19790.958929574506,19203.100849076553,42897.872769875416,43485.73085037337,0.0
2496.8670625373325,13513.347679482722,11016.48061694539,35939.451741001285,38436.31880353862,0.0
2167.4508575489663,13279.972389537339,11112.521531988372,46961.20680856034,49128.657666109306,0.0
2580.2728744407555,17536.7216739346,14956.448799493844,12731.343332644774,15311.61620708553,0.0
463.4048815041002,2993.069871372607,2529.664989868507,49737.684403098574,50201.089284602676,0.0
1457.3263526231574,1484.8956812295014,27.569328606344015,15727.30488016788,17184.63123279104,0.0
38850.73424230729,38853.28898241945,2.55474011215847,2599.1647385772367,41449.89898088453,1.0
6574.759846537204,19260.140729356353,12685.38088281915,2677.2325446337454,9251.992391170948,0.0
1223.8703940999978,12040.254199434856,10816.383805334857,45852.279507723804,47076.1499018238,0.0
898.373521418981,1544.7429123444545,646.3693909254735,49493.37420189467,50391.74772331365,0.0
17306.456421714847,17352.838593591612,46.382171876764914,9933.67500882089,27240.131430535737,1.0
1046.9540696506706,5425.427130352122,4378.473060701452,33993.64369735874,35040.597767009414,0.0
80.27683281876446,8018.273779087552,7937.996946268787,46277.216293111174,46357.49312592994,0.0
830.652026137134,14416.375520687,13585.723494549866,30425.230648539324,31255.882674676457,0.0
2763.2213889676455,11828.887439316053,9065.666050348407,7698.7175582841965,10461.938947251841,0.0
2074.6726637743263,4811.903626335792,2737.2309625614657,10983.73389973537,13058.406563509698,0.0
7448.910046285756,527.852690043946,-6921.05735624181,19964.962801289294,27413.87284757505,0.0
1137.7709682391448,2980.033189729295,1842.26222149015,29622.272039520714,30760.043007759858,0.0
9500.0,14230.035035046918,4730.035035046918,8830.684628706142,18330.68462870614,0.0
101.77490790139755,3150.6885736627523,3048.913665761355,1298.0509176960475,1399.825825597445,0.0
2358.771331422216,7702.96162786041,5344.190296438193,2726.983033757535,5085.754365179751,0.0
2629.70712894599,9136.82491181829,6507.1177828723,23309.511507776693,25939.218636722682,0.0
1059.3050724098018,9394.480574459349,8335.175502049548,9484.818242506415,10544.123314916216,0.0
2256.253583235199,19254.36832773664,16998.11474450144,36461.77547341804,38718.02905665324,0.0
1735.8221097305413,15543.730224762325,13807.908115031783,44168.41490154559,45904.237011276135,0.0
878.5392234594991,11534.8277994843,10656.288576024801,48971.02568387998,49849.56490733948,0.0
944.0419992382513,11123.62116288392,10179.579163645667,23799.084517461015,24743.126516699267,0.0
2845.9605298196957,7937.471793110907,5091.511263291211,13267.123740346658,16113.084270166353,0.0
2438.541297406312,2464.6804572117376,26.139159805425606,32235.84189073715,34674.38318814346,0.0
21398.98216702805,21425.512804040092,26.530637012041552,6973.580668337706,28372.562835365756,1.0
6320.318519001087,9144.746255067625,2824.4277360665374,17804.48368773735,24124.802206738437,0.0
2061.654315689964,4931.590544413415,2869.936228723451,44387.675470699316,46449.32978638928,0.0
724.6572238024186,15538.88389816287,14814.226674360452,20670.828758695436,21395.485982497856,0.0
2299.340255194498,851.5656746987887,-1447.774580495709,28159.90462240806,30459.244877602556,0.0
2074.5011369763392,5090.441352409769,3015.94021543343,4371.634874682123,6446.136011658462,0.0
548.5424366162706,16543.824739130476,15995.282302514206,14723.20494205801,15271.747378674281,0.0
7821.081145434437,18665.115938577143,10844.034793142706,22702.76613047746,30523.847275911896,0.0
3206.7450460462505,8186.714644698205,4979.969598651955,40114.440818184376,43321.185864230625,0.0
9500.0,9849.372073920431,349.3720739204309,8610.916110351634,18110.916110351634,0.0
691.0310240048045,19085.84223068569,18394.811206680883,45465.20732030247,46156.238344307276,0.0
449.699467371748,1168.8090754145776,719.1096080428296,16569.70694713187,17019.406414503617,0.0
893.000524039034,3977.4644923502183,3084.4639683111845,8749.8414375292,9642.841961568234,0.0
5219.954898419831,13075.67331536588,7855.71841694605,3988.1712725535535,9208.126170973384,0.0
5445.437951924127,13949.179929806438,8503.74197788231,45948.96627501993,51394.404226944054,0.0
303.51397474217003,6374.01024848121,6070.49627373904,9328.192981732986,9631.706956475156,0.0
2400.950047314362,8757.056695545953,6356.106648231591,38202.77949262192,40603.729539936285,0.0
1801.7238997760014,5958.77792899218,4157.054029216179,13108.19552043997,14909.91942021597,0.0
1290.795258087159,12476.292581218408,11185.497323131249,27566.52748461506,28857.32274270222,0.0
6204.876787596312,4278.888035455419,-1925.9887521408928,39503.70634816374,45708.58313576005,0.0
250.05246401491254,16102.68286366548,15852.630399650569,25252.890013520435,25502.942477535347,0.0
234.13333916132297,7013.888194189212,6779.75485502789,16737.176589968112,16971.309929129435,0.0
2029.7787178520398,1707.9571122902644,-321.8216055617754,20837.453031202658,22867.2317490547,0.0
1212.984538184019,14568.258563636655,13355.274025452636,9640.095133322962,10853.079671506981,0.0
873.2588975696642,18754.448645032626,17881.189747462962,46758.100537338905,47631.35943490857,0.0
941.8735774551127,3993.696406657942,3051.8228292028293,46276.46608234475,47218.33965979986,0.0
322.2068504292192,10178.294040045388,9856.08718961617,3238.6099762600875,3560.8168266893067,0.0
2741.1954351929453,1826.7276247875589,-914.4678104053864,48701.56124860319,51442.756683796135,0.0
2110.8829642704973,6861.299886128165,4750.416921857668,5932.785159812614,8043.668124083111,0.0
553.9635317830209,10676.314758977485,10122.351227194464,47395.853946724856,47949.81747850787,0.0
678.323341139772,9239.33151691571,8561.008175775938,31865.241321416222,32543.564662555993,0.0
512.6906903662256,16023.33624524028,15510.645554874054,40656.01363107097,41168.704321437195,0.0
4390.316871332612,8189.652353837954,3799.335482505342,45753.8382639403,50144.155135272915,0.0
396.12912156028915,10322.528974504148,9926.39985294386,17474.25911540505,17870.38823696534,0.0
434.429790650477,10340.42711555998,9905.997324909504,39978.93220510015,40413.36199575063,0.0
323.2726846354244,12785.674262077544,12462.40157744212,39520.76251596051,39844.035200595936,0.0
378.25703422643295,13808.978737265903,13430.72170303947,30478.426694923204,30856.683729149638,0.0
321.52748652141094,4350.98249221463,4029.455005693219,20734.50770828932,21056.03519481073,0.0
197.116926148923,17141.21680397036,16944.099877821438,33393.01111198402,33590.12803813294,0.0
1322.5318240263812,16396.014523412836,15073.482699386455,26203.62232533522,27526.1541493616,0.0
93.44696800468242,12639.713226155718,12546.266258151036,20892.80932610657,20986.256294111252,0.0
1861.6660169344186,16350.593944966777,14488.927928032357,44102.409300384934,45964.07531731935,0.0
10383.17512153802,10431.61766862146,48.44254708343942,7534.497102421055,17917.672223959074,1.0
648.1785082066823,10329.366555094275,9681.188046887593,38255.57552199249,38903.754030199176,0.0
31847.1802499612,31937.55274199858,90.37249203738247,6456.853251742407,38304.033501703605,1.0
41337.67563602686,41343.21470902896,5.539073002095392,6495.80944617839,47833.485082205254,1.0
457.1072774603071,2169.1912800439823,1712.084002583675,37338.52223097145,37795.62950843176,0.0
117.33287549123396,13294.848791025122,13177.515915533888,30053.839950319634,30171.172825810867,0.0
4834.337459820498,1311.1211470011554,-3523.216312819343,21155.671549789313,25990.00900960981,0.0
2049.6884174747815,5083.110326832413,3033.4219093576316,10123.377104787502,12173.065522262283,0.0
185.55714478983148,3753.1792465301255,3567.622101740294,12837.080067077466,13022.637211867297,0.0
280.7638779532746,8281.28881494193,8000.524936988656,37388.263857001606,37669.02773495488,0.0
3368.1804575576075,16288.648032717429,12920.46757515982,7620.346001894069,10988.526459451676,0.0
2471.882552134239,2053.080016177934,-418.8025359563053,44783.46063189465,47255.34318402889,0.0
145.37395755986228,7329.613979377997,7184.240021818135,23003.31194789755,23148.685905457412,0.0
567.0003976291038,7581.085510059513,7014.085112430409,2998.963609575822,3565.9640072049256,0.0
10376.39266027913,10447.688541835083,71.29588155595229,4297.008070431598,14673.400730710728,1.0
1627.3008438094844,15300.048221153598,13672.747377344114,14892.36741800109,16519.668261810573,0.0
971.0016285434195,10474.95578757844,9503.95415903502,49645.17454496322,50616.17617350664,0.0
10.655284770946407,15061.494502064115,15050.839217293169,23981.59780997634,23992.253094747288,0.0
1023.9998487558425,3029.272030805524,2005.2721820496815,4098.438879674526,5122.438728430368,0.0
91.90212436336547,13991.346209136465,13899.4440847731,20029.768705263617,20121.670829626983,0.0
144.36981013908866,17793.215019644704,17648.845209505616,43970.865513219804,44115.235323358895,0.0
2368.0109074049524,11377.297451840972,9009.28654443602,46325.03095221107,48693.04185961602,0.0
673.4835557580368,4921.793039310061,4248.309483552024,14396.887408570752,15070.37096432879,0.0
659.685451797517,13415.199314021856,12755.51386222434,46855.6246960736,47515.31014787112,0.0
1864.0930996499812,11097.946357368783,9233.853257718802,16442.26441044948,18306.35751009946,0.0
2718.8624456540524,681.5506698658967,-2037.3117757881557,30746.708895857373,33465.57134151142,0.0
2167.754859597279,15739.701025894808,13571.94616629753,3905.48443755781,6073.239297155089,0.0
4763.4947654238285,5296.994935982506,533.5001705586774,21585.148932820954,26348.64369824478,0.0
580.1673985188198,12122.85011181412,11542.6827132953,45848.93745092513,46429.104849443946,0.0
958.9473995161923,11758.39132378352,10799.443924267329,33945.151042985344,34904.098442501534,0.0
7007.417108751925,13104.943816947736,6097.526708195811,43677.98011363064,50685.39722238257,0.0
3629.4785213858004,3041.644109596902,-587.8344117888983,43487.96247838442,47117.44099977022,0.0
86.696821044225,9769.501819776937,9682.804998732712,14264.88604451141,14351.582865555634,0.0
24719.69354266632,24745.401724851454,25.70818218513523,1088.0739023006558,25807.767444966976,1.0
2075.9135160412147,13877.472366749875,11801.55885070866,26776.294134779975,28852.20765082119,0.0
3908.674591025659,8429.412274256923,4520.737683231264,29066.96084661493,32975.63543764059,0.0
10.0,10194.499409715998,10184.499409715998,43643.664288356296,43653.664288356296,0.0
2368.003418175234,13219.481699959702,10851.478281784468,47952.199843570386,50320.20326174562,0.0
1766.7949817834774,10350.731374693283,8583.936392909805,9066.292805215659,10833.087786999136,0.0
3904.1842302866503,572.5333859521542,-3331.650844334496,32452.2233634107,36356.40759369735,0.0
2532.5694876627817,15765.54805073982,13232.978563077038,29911.887992594828,32444.45748025761,0.0
2022.8043097497089,6772.884189675533,4750.079879925825,8486.171987393647,10508.976297143356,0.0
1540.516726589645,13667.001332459731,12126.484605870086,41347.45125420554,42887.96798079518,0.0
784.6391810717189,9222.982319990662,8438.343138918943,8213.183186031198,8997.822367102917,0.0
358.9396774734222,18552.158014578457,18193.218337105034,14496.854683118892,14855.794360592314,0.0
143.76831060631403,3824.01897584202,3680.250665235706,30315.8473687266,30459.615679332914,0.0
3847.515031146406,16651.334513911774,12803.819482765368,24289.20571776162,28136.720748908025,0.0
1932.6759218279199,6530.728174244059,4598.052252416139,39845.57828713149,41778.254208959406,0.0
4461.626810471122,15276.64292731558,10815.01611684446,4710.51818062469,9172.14499109581,0.0
429.9424294130878,1519.3892593080113,1089.4468298949237,38626.321158129715,39056.2635875428,0.0
9636.843295740697,9673.407512011117,36.56421627042073,7469.7460468677045,17106.5893426084,1.0
3536.8047432098156,11532.072477747346,7995.2677345375305,24557.048456733104,28093.853199942918,0.0
2412.0264116897924,16377.07095756593,13965.044545876137,31366.223476158568,33778.24988784836,0.0
784.1120849682922,1208.6445921667278,424.5325071984356,48491.039262052014,49275.151347020306,0.0
147.63387400605254,17812.44398654847,17664.81011254242,24428.05802924208,24575.69190324813,0.0
473.45352761002545,17000.78039001028,16527.326862400256,13491.672664554715,13965.12619216474,0.0
563.0000672008816,8426.023000065408,7863.022932864526,24268.61856022752,24831.618627428405,0.0
2014.3143753940715,15255.745747173656,13241.431371779585,41789.37182261,43803.68619800408,0.0
128.9865773751668,16820.09274047016,16691.106163094995,16067.615290761267,16196.601868136433,0.0
21592.844629675852,21662.33333825658,69.48870858072769,4212.29733685496,25805.141966530813,1.0
1930.8187606479257,16825.773287694625,14894.954527046699,4937.648434084418,6868.467194732344,0.0
9500.0,5209.371423693195,-4290.628576306805,44140.58994336853,53640.58994336853,0.0
1713.5648911550888,10217.494051737625,8503.929160582536,31688.951977162527,33402.516868317616,0.0
29396.33895384503,29425.446841982593,29.10788813756517,9798.031631041544,39194.37058488657,1.0
6649.439977024297,11096.41411786615,4446.974140841853,5056.259409082913,11705.699386107211,0.0
33677.040611515935,33720.56974466547,43.529133149531845,2340.624925720749,36017.66553723668,1.0
368.5154723787983,11472.430737919223,11103.915265540425,41805.640246384384,42174.155718763184,0.0
5571.098891818748,18483.354704019774,12912.255812201027,35706.07637011528,41277.17526193403,0.0
3286.662235463189,4581.111349837337,1294.449114374148,17243.68918466049,20530.351420123676,0.0
659.8003569110232,1575.5535167348164,915.7531598237932,2976.309843591124,3636.110200502147,0.0
327.9737274428726,9248.335536545816,8920.361809102942,42554.59411160723,42882.5678390501,0.0
998.8543281631888,9286.358609914289,8287.5042817511,8405.127490259001,9403.98181842219,0.0
272.75926105614167,5514.470846627369,5241.711585571227,21684.846655347978,21957.605916404118,0.0
790.4196719957203,4546.47416000514,3756.05448800942,43986.02665301079,44776.44632500651,0.0
13229.2599715066,13309.064629790282,79.80465828368142,1214.42615728375,14443.68612879035,1.0
31188.08975306216,31282.406058308203,94.31630524604407,1015.0385830353548,32203.128336097514,1.0
2295.29345904876,14748.240724803609,12452.947265754849,38253.1715682782,40548.46502732696,0.0
34167.807028351046,34194.15817341593,26.351145064887532,7503.124383797197,41670.931412148246,1.0
1515.0280856678878,4383.5595031428065,2868.5314174749187,20795.8266466358,22310.854732303687,0.0
2109.191717751979,7884.715433832606,5775.523716080627,9337.314229866344,11446.505947618323,0.0
2355.789276632577,5410.386689178068,3054.597412545491,4741.521942205068,7097.311218837645,0.0
2414.4169433061993,14921.832955823982,12507.416012517782,18159.45980454246,20573.87674784866,0.0
3121.585387128522,3068.3359365239244,-53.24945060459777,1844.6644455384076,4966.24983266693,0.0
975.8550547003742,19810.560826406356,18834.70577170598,19012.058320669512,19987.913375369884,0.0
7653.587712928802,1369.115793896301,-6284.471919032501,20007.47769529226,27661.06540822106,0.0
1396.870648777541,8677.026268176123,7280.1556193985825,16530.040498500093,17926.911147277635,0.0
883.8194384601998,9053.779936332303,8169.960497872104,9539.613273791936,10423.432712252135,0.0
1397.039265659277,18035.353906639448,16638.31464098017,25964.00411976357,27361.043385422847,0.0
6142.317643496284,19836.087595451252,13693.769951954968,17955.497148379858,24097.814791876142,0.0
363.5938577944584,9304.170812829161,8940.576955034703,19606.39274933941,19969.98660713387,0.0
21.793613230350957,9147.062505302858,9125.268892072507,29529.482886929247,29551.276500159598,0.0
2988.7558366767435,2273.241273304302,-715.5145633724414,13651.439783792968,16640.195620469713,0.0
2615.7515679154817,15490.569061569002,12874.81749365352,35808.69384782153,38424.44541573701,0.0
321.8938086203602,17533.918152781684,17212.024344161324,6440.653688149406,6762.5474967697655,0.0
1814.0172805756138,7443.312332823324,5629.29505224771,122.729322192211,1936.7466027678247,0.0
2891.5854234776025,9006.181133840884,6114.595710363282,28081.626664218988,30973.21208769659,0.0
1086.638664533173,2693.8305981427843,1607.1919336096114,3331.1043683730722,4417.743032906245,0.0
5284.748548458482,15767.216368427411,10482.46781996893,33836.83493399433,39121.583482452814,0.0
1405.5693378571475,9338.604564254263,7933.035226397115,306.43236568403955,1712.001703541187,0.0
1702.1402022541304,11297.700512268044,9595.560310013914,42806.511017652294,44508.651219906424,0.0
1361.7023364623064,18072.963652738435,16711.26131627613,28755.628346968075,30117.33068343038,0.0
1612.0548629363473,4230.138555582031,2618.083692645683,239.99124086853675,1852.046103804884,0.0
423.1408596176317,15366.04366728987,14942.902807672239,27839.919218658582,28263.060078276216,0.0
814.136321587875,3724.7232975071256,2910.5869759192506,45784.56750258188,46598.70382416975,0.0
887.785344832465,9928.212659582674,9040.42731475021,2842.028535619423,3729.813880451888,0.0
1609.0831747996597,5843.229717518177,4234.146542718517,3747.200634924841,5356.2838097245,0.0
3560.1383086534784,17324.0301604549,13763.89185180142,5225.378132136205,8785.516440789683,0.0
643.9624779228672,19262.6252350901,18618.662757167232,48777.159686197665,49421.122164120534,0.0
29243.842284121332,29296.585892614254,52.74360849292134,2534.6914124289387,31778.533696550272,1.0
37522.356078092256,37545.68151027451,23.32543218225328,6885.121884095631,44407.477962187884,1.0
4486.60666107289,9036.418572268505,4549.811911195615,16954.380663134,21440.987324206893,0.0
147.36819271368208,9417.673892909996,9270.305700196313,12867.099409476612,13014.467602190294,0.0
5560.120535585934,5417.946842106952,-142.17369347898148,27483.483450184554,33043.60398577049,0.0
147.14715699226008,12317.269722753585,12170.122565761325,19458.230825674,19605.37798266626,0.0
3646.3991463165785,5055.376124706619,1408.9769783900401,10123.928207068999,13770.327353385577,0.0
110.25345791138243,6102.941497939164,5992.688040027781,10921.912249434019,11032.1657073454,0.0
749.6720825838912,7076.13614129892,6326.464058715029,16764.41585397353,17514.087936557422,0.0
6427.329870575044,18293.458557492188,11866.128686917144,40725.398406526576,47152.72827710162,0.0
2393.549448913991,13320.164379960564,10926.614931046573,32300.514547334948,34694.06399624894,0.0
654.9982787574946,19837.879737658346,19182.88145890085,1899.8918652371078,2554.8901439946026,0.0
118.56341289747559,9171.899148737548,9053.335735840072,39047.24094752436,39165.80436042184,0.0
930.4878239234654,17425.602721252606,16495.114897329142,32320.086833289984,33250.57465721345,0.0
31489.472486898565,31539.075775892707,49.60328899414162,7646.496115903573,39135.96860280214,1.0
547.5850800686378,8963.952935324523,8416.367855255885,49601.923688929724,50149.50876899836,0.0
4762.531059691951,6652.897022931143,1890.3659632391918,35151.584998706574,39914.116058398526,0.0
2497.988341665501,17715.311568222543,15217.323226557042,29143.46805960214,31641.456401267642,0.0
7881.691544475004,13529.522908179151,5647.831363704147,34671.29210081367,42552.983645288674,0.0
2759.705105791522,19771.111245292144,17011.40613950062,15071.245589927923,17830.950695719446,0.0
2685.4483729981207,14474.322765689612,11788.874392691492,38108.55527418389,40794.00364718201,0.0
720.4089521494758,14585.067782312302,13864.658830162827,38882.12848388445,39602.53743603393,0.0
795.5676306647306,17708.65454882866,16913.086918163932,27457.78453951196,28253.352170176688,0.0
2151.0739873361777,7272.125248961106,5121.051261624929,43467.005395367756,45618.07938270393,0.0
374.9168215421764,8090.694737776442,7715.777916234265,21467.139168538724,21842.055990080902,0.0
1032.3820944966653,2443.4464804971294,1411.064386000464,34141.86330144495,35174.245395941616,0.0
204.87822709239418,15337.383722744184,15132.505495651789,49077.069652215636,49281.94787930803,0.0
34471.80744188548,34533.38642178349,61.57897989801131,5802.31287059956,40274.12031248504,1.0
1036.0992016207988,1458.3936117309522,422.2944101101534,2227.831580882661,3263.93078250346,0.0
244.66564188946967,9348.198324881894,9103.532682992425,21580.775868617457,21825.441510506927,0.0
1955.7782856380472,4860.249692311587,2904.4714066735396,10441.85102259919,12397.629308237238,0.0
31513.37962808812,31584.645750652795,71.26612256467342,6043.6147496120475,37556.99437770017,1.0
1554.2705258093838,10484.456087620807,8930.185561811424,38401.62271270412,39955.893238513505,0.0
5172.380794301447,3107.065260789006,-2065.315533512441,19394.92644758649,24567.30724188794,0.0
2674.50383828549,6418.326228385068,3743.822390099578,282.6052420592362,2957.1090803447264,0.0
256.9362740519941,15329.0598223833,15072.123548331307,10578.640324465116,10835.57659851711,0.0
120.67005215011521,16333.370976620634,16212.700924470519,4541.909053070708,4662.579105220823,0.0
820.7672027608464,11509.58458516127,10688.817382400424,8287.450769422743,9108.21797218359,0.0
2870.1442766129912,3116.9473133638303,246.80303675083906,45662.2809744158,48532.42525102879,0.0
3490.6947078845233,11999.716203491082,8509.021495606557,27435.98027915247,30926.674987036993,0.0
1752.487412013286,11796.611354374987,10044.1239423617,26431.491876830965,28183.97928884425,0.0
2651.269279309732,18886.79787213925,16235.528592829518,31827.22442883621,34478.49370814594,0.0
6549.440418204754,5702.493713959701,-846.9467042450524,8085.6389165054,14635.079334710153,0.0
772.5055633641055,11676.410335634291,10903.904772270185,41846.94224049781,42619.44780386191,0.0
1546.0913741720838,17749.15374763612,16203.062373464036,46311.3725102915,47857.463884463585,0.0
1435.2611690989768,909.6785612340345,-525.5826078649422,25657.075075663855,27092.33624476283,0.0
1169.6553855199988,17725.319169931026,16555.663784411026,15715.74393623461,16885.39932175461,0.0
24694.64413168065,24792.61330632423,97.96917464358194,7898.479084853475,32593.123216534124,1.0
2149.052494663762,4241.527095887779,2092.474601224017,3934.1828470948913,6083.235341758653,0.0
211.2668029374933,6417.337720767321,6206.0709178298275,11936.440595557251,12147.707398494744,0.0
2582.0125543856734,11069.65022939544,8487.637675009766,21452.399698605783,24034.412252991457,0.0
2973.3758493334517,5497.701319699742,2524.3254703662906,49086.36086908295,52059.7367184164,0.0
2415.5573711421625,13819.85671620742,11404.299345065258,11359.562659110805,13775.120030252967,0.0
407.23300053514345,8456.789001254923,8049.55600071978,13375.59286769333,13782.825868228474,0.0
466.10056047963036,12815.115384185126,12349.014823705496,25719.16232555101,26185.26288603064,0.0
2359.3797527607076,19391.886466267188,17032.506713506482,44801.41826624965,47160.79801901036,0.0
4185.471224353278,19568.147023284746,15382.675798931468,30165.393919447153,34350.86514380043,0.0
747.5371593797607,13945.917073655595,13198.379914275834,41797.455545578414,42544.992704958175,0.0
21.546239847182747,6311.82919443144,6290.282954584257,38063.571481268016,38085.1177211152,0.0
717.2905508612841,11605.196541112231,10887.905990250947,38858.05981027975,39575.350361141034,0.0
1453.708378648841,10109.236244366637,8655.527865717795,23490.10378488398,24943.81216353282,0.0
1631.5736993082307,5723.534864940095,4091.961165631864,770.7583038269628,2402.3320031351936,0.0
3483.0063304143036,8344.746222488215,4861.739892073911,45743.91903086852,49226.925361282825,0.0
40192.77486376508,40231.19088207433,38.41601830924628,2359.0086669828834,42551.78353074796,1.0
2299.571453781638,5541.866640984795,3242.2951872031567,38832.003718631146,41131.575172412784,0.0
2587.2080083922688,9547.715640087426,6960.507631695158,13675.143291485354,16262.351299877622,0.0
1386.5274114618255,8342.049445957367,6955.522034495541,9192.28634446489,10578.813755926716,0.0
885.7460287055204,17664.909578992898,16779.163550287376,48668.95978875586,49554.705817461385,0.0
68.51303045515957,5529.820382344561,5461.307351889402,22298.263520220284,22366.776550675444,0.0
624.4260013969706,7141.230779711815,6516.804778314844,45813.54186717657,46437.96786857354,0.0
2005.6119671487047,9120.291155802463,7114.679188653758,47658.876913156964,49664.48888030567,0.0
2000.878713472277,16218.886585234575,14218.007871762298,12737.939759992267,14738.818473464544,0.0
47.986609297617306,5853.6194024386705,5805.632793141053,49884.810933060675,49932.79754235829,0.0
1098.26139730267,10608.79271934477,9510.531322042101,6522.674358868041,7620.935756170711,0.0
528.932183465119,18437.483215545584,17908.551032080464,36239.46505977177,36768.39724323689,0.0
1812.9289152578658,4694.161961309311,2881.233046051445,46631.49828696798,48444.427202225845,0.0
3934.222328310175,18686.637960578333,14752.41563226816,36322.06790537084,40256.290233681015,0.0
4187.334688771876,1812.0499519695338,-2375.284736802342,17677.442710216856,21864.777398988732,0.0
47043.990573465766,47089.83733448034,45.84676101457444,5835.295488659132,52879.2860621249,1.0
1872.5027165496394,17163.051000259617,15290.548283709977,16978.65706040848,18851.15977695812,0.0
446.9922715986941,13788.48194408484,13341.489672486146,32689.975466680837,33136.967738279534,0.0
3117.6620636974835,6534.6562072277175,3416.994143530234,22411.329105411227,25528.99116910871,0.0
233.18432024770166,9969.868819060137,9736.684498812436,35926.5659061123,36159.75022636,0.0
7506.70994469363,1491.6523922579267,-6015.057552435703,7034.771193037314,14541.481137730945,0.0
1350.9907071279492,7582.187912466388,6231.197205338439,2563.516623157663,3914.5073302856126,0.0
816.5297726014823,10186.496846116697,9369.967073515216,21487.269053783337,22303.79882638482,0.0
2666.660241579668,17530.54179790804,14863.881556328373,21059.568991269538,23726.229232849204,0.0
6974.316083642288,1042.9004996204326,-5931.4155840218555,30253.57425903834,37227.89034268063,0.0
1363.2771081697285,9139.279544385636,7776.002436215907,6470.150029928395,7833.427138098124,0.0
706.647637809341,5658.652581407813,4952.004943598472,33691.898058348845,34398.54569615819,0.0
201.22042252560195,14282.670126104851,14081.449703579248,7579.395595115973,7780.616017641575,0.0
9500.0,2165.3484436720396,-7334.651556327961,24084.99190061705,33584.99190061705,0.0
177.20786933695706,6068.802516653409,5891.594647316452,43601.48674214334,43778.69461148029,0.0
37501.151031208254,37582.25264223452,81.10161102626444,8448.056670360005,45949.20770156826,1.0
263.0609815461368,3401.371535058481,3138.3105535123445,3845.531936766733,4108.59291831287,0.0
2809.2659737100344,17407.673556389473,14598.407582679438,24590.566116122798,27399.83208983283,0.0
571.0584063926764,16564.134123450487,15993.07571705781,2261.481546010746,2832.5399524034224,0.0
1416.1640594394921,19353.878230721177,17937.714171281685,30724.050410149117,32140.21446958861,0.0
39.81476258427881,7495.478955586328,7455.66419300205,19364.558683766496,19404.373446350775,0.0
35010.28999868358,35059.04653501147,48.75653632789181,1692.8621027278946,36703.15210141147,1.0
1758.1238645753365,6120.133384738067,4362.009520162731,46622.521054032164,48380.644918607504,0.0
1154.698162069319,1231.808821870161,77.11065980084186,13693.59098526855,14848.28914733787,0.0
333.7415769212756,558.9069914451443,225.16541452386866,34733.60018220997,35067.34175913125,0.0
29910.614082928434,29958.484303013513,47.87022008507847,5220.484161712585,35131.09824464102,1.0
354.0314889653688,6012.013530552601,5657.982041587232,30669.521403180246,31023.552892145613,0.0
225.43782952935598,19227.15210513154,19001.714275602182,43934.87919130379,44160.31702083315,0.0
22.837178865083338,7650.2381542081375,7627.400975343055,12589.422667344219,12612.259846209303,0.0
1008.9340703773348,19034.81945098813,18025.885380610795,17171.529400974654,18180.463471351988,0.0
5989.912507479552,7452.89896294933,1462.9864554697779,40958.22500481149,46948.13751229104,0.0
185.54774320512345,15178.179187606533,14992.63144440141,49668.63940800874,49854.18715121387,0.0
72.47800582298397,17111.815658172472,17039.337652349488,40295.2823509451,40367.76035676808,0.0
414.1559642921417,13095.593913949268,12681.437949657126,12165.096399148357,12579.252363440499,0.0
4385.734271136216,13482.795828642984,9097.061557506768,32295.8263202757,36681.560591411915,0.0
777.4495225122715,16480.165865028022,15702.71634251575,44715.14466593241,45492.59418844468,0.0
1126.0960271957222,16300.053045087096,15173.957017891373,33172.91615080462,34299.01217800035,0.0
3768.303403508251,17206.233956865,13437.930553356748,9784.92696515198,13553.230368660232,0.0
2661.061813819402,638.3823836503,-2022.6794301691018,34717.79444976355,37378.85626358295,0.0
3264.33499098281,17226.42819326262,13962.093202279812,44379.44953594291,47643.78452692572,0.0
157.18534897710217,9872.636552091973,9715.451203114872,41042.66523473317,41199.85058371027,0.0
4398.756420399307,16520.76498933634,12122.008568937035,41642.79043089606,46041.54685129537,0.0
5834.753448618278,12221.111975167705,6386.358526549428,5698.099067907614,11532.85251652589,0.0
2966.8609042562243,1151.8173953178218,-1815.0435089384025,7911.963133710676,10878.8240379669,0.0
5836.464601468577,7871.605713547306,2035.1411120787288,25203.74734200442,31040.211943472998,0.0
2927.0535772460016,14590.928634271766,11663.875057025765,16298.952188440608,19226.00576568661,0.0
48162.00354591419,48228.679152044926,66.67560613073874,2003.6030400345028,50165.60658594869,1.0
2241.680262698221,9679.866651558257,7438.1863888600365,41712.77517925859,43954.455441956816,0.0
348.87734097824756,18892.319069022287,18543.44172804404,35911.899749064214,36260.77709004246,0.0
2098.4334542304596,8515.420274343134,6416.986820112675,31817.406263352826,33915.83971758329,0.0
3288.418366486839,17336.915766893,14048.497400406159,44661.80736049733,47950.22572698417,0.0
1431.9125312281242,17291.7136411978,15859.801109969674,3708.631514246119,5140.544045474243,0.0
42295.025556144385,42295.784697761774,0.7591416173891048,4326.601076907168,46621.62663305155,1.0
1131.3343680919618,5791.937204051899,4660.602835959938,26866.741242153887,27998.075610245847,0.0
1466.3209868152987,883.8226999375673,-582.4982868777314,38670.91054526815,40137.231532083446,0.0
1071.0022290732138,5111.260788654544,4040.25855958133,42765.723218146915,43836.72544722013,0.0
519.2074508369674,17425.992041954254,16906.784591117288,36897.65601264693,37416.863463483896,0.0
2498.252688633199,1528.507067163239,-969.7456214699598,8070.849384378697,10569.102073011896,0.0
38429.877809720114,38511.1865061315,81.3086964113827,2821.786456492331,41251.66426621244,1.0
965.1203132196539,10851.751168625278,9886.630855405625,49869.05634069065,50834.176653910305,0.0
3689.479741964257,1256.8524823301411,-2432.627259634116,13752.012947036668,17441.492689000926,0.0
22733.61991334275,22764.13083236396,30.510919021209702,5753.700648257169,28487.320561599918,1.0
1989.8413147100437,10917.297993659322,8927.456678949278,13140.713727647086,15130.55504235713,0.0
679.8731336657689,11358.46605612397,10678.592922458201,2488.3598294287767,3168.2329630945455,0.0
5011.791791832372,14811.44722061016,9799.655428777787,25566.227183056322,30578.018974888695,0.0
1409.2121423115366,6310.605995914256,4901.393853602719,1781.4897695069665,3190.701911818503,0.0
3883.3593527448847,12166.968476072367,8283.609123327482,3038.463419812043,6921.822772556928,0.0
9500.0,5559.258835827488,-3940.741164172512,9450.853366727713,18950.853366727715,0.0
212.89578398062665,8814.91810159347,8602.022317612844,42870.74233254004,43083.63811652066,0.0
168.76265840149892,12858.77405257211,12690.01139417061,15478.467611911572,15647.230270313072,0.0
4081.963372748363,16385.188592505387,12303.225219757023,20316.151592278962,24398.114965027326,0.0
5403.883667534351,5938.0025620888155,534.1188945544645,4268.438966328264,9672.322633862615,0.0
251.88892897206804,10861.129088113878,10609.24015914181,48390.60684957615,48642.49577854822,0.0
2259.0997088735066,2150.650694900265,-108.44901397324156,9594.377485904764,11853.477194778272,0.0
2389.1257150661622,2136.0102322637313,-253.11548280243096,12717.004378880209,15106.13009394637,0.0
309.73060325925684,17576.48221289932,17266.75160964006,40681.80119009153,40991.53179335078,0.0
49.23296216137723,13396.182239422127,13346.94927726075,16633.64932651619,16682.88228867757,0.0
318.3742688866944,14496.330623916501,14177.956355029806,26869.192121968405,27187.5663908551,0.0
3809.6422645025577,12296.525256380233,8486.882991877676,30341.57144568666,34151.213710189215,0.0
497.3925223608329,2010.9307178319125,1513.5381954710797,33943.911619529834,34441.304141890665,0.0
805.6313391458367,1553.928733319668,748.2973941738313,37757.15250580708,38562.783844952915,0.0
2980.2323994633007,16093.991309054429,13113.758909591128,5739.313933030621,8719.546332493923,0.0
5368.8744881094,14093.277196084791,8724.40270797539,32974.50855438259,38343.383042491994,0.0
1534.7704999046975,9636.861394527126,8102.090894622429,19583.32714394044,21118.09764384514,0.0
1668.246492189989,8334.976571500592,6666.730079310603,770.7479224203839,2438.994414610373,0.0
13693.51466408775,13744.139837537483,50.625173449732756,7144.961527843495,20838.476191931244,1.0
16622.244193305796,16623.191706431964,0.9475131261679053,9095.689433445876,25717.93362675167,1.0
551.9423978812442,8282.631341369808,7730.688943488563,23985.008126677287,24536.95052455853,0.0
947.5837569686868,17855.368572400912,16907.784815432224,20886.809725578132,21834.39348254682,0.0
341.1323385678021,13594.480241980229,13253.347903412427,32158.93084349479,32500.06318206259,0.0
2700.0684967073403,10495.997260012398,7795.928763305058,2098.6363121753006,4798.704808882641,0.0
567.3237925914544,4142.0643005070215,3574.740507915567,4001.628488296832,4568.952280888287,0.0
2891.0075984474315,1515.41192131476,-1375.5956771326714,47043.17739473487,49934.1849931823,0.0
2432.764161320476,14768.252818101455,12335.488656780979,8420.3974505015,10853.161611821975,0.0
1357.7769792850536,3705.657344404076,2347.8803651190224,39529.60643252064,40887.38341180569,0.0
7229.635072557551,3041.8577544384398,-4187.777318119111,28721.68786481792,35951.32293737547,0.0
108.41667349013096,2896.768059573777,2788.351386083646,6162.780997544087,6271.197671034218,0.0
2038.4192271370018,5731.600408341566,3693.1811812045644,387.98241687122425,2426.401644008226,0.0
2779.569432990922,8192.348121357722,5412.7786883667995,25131.990248776765,27911.559681767685,0.0
1132.487199282571,3828.2099883935566,2695.7227891109856,8035.77924457528,9168.26644385785,0.0
4605.5430577063635,638.2903491002343,-3967.252708606129,46455.81763456628,51061.36069227265,0.0
336.431693726194,7709.88731201743,7373.4556182912365,41968.54317689452,42304.97487062072,0.0
1473.9850823934305,11010.12705177735,9536.14196938392,44271.93821811528,45745.923300508715,0.0
10571.407471957178,10643.126160929705,71.71868897252716,1226.1922045743845,11797.599676531563,1.0
18275.711881554605,18362.87555860661,87.16367705200537,8254.144375738108,26529.85625729271,1.0
502.9865293233661,10740.246609507778,10237.260080184413,13523.455280825441,14026.441810148808,0.0
2758.112535258224,9362.413292629455,6604.300757371231,13327.506022714348,16085.618557972572,0.0
4063.6658187358225,8891.691886936913,4828.02606820109,1248.5450217065597,5312.2108404423825,0.0
848.2786315896104,19465.080595169868,18616.801963580256,12701.057454778136,13549.336086367746,0.0
721.697939964626,3224.5510560896046,2502.8531161249784,46309.446071972496,47031.14401193712,0.0
1367.0944562683003,12038.48089340181,10671.38643713351,7038.522888560667,8405.617344828966,0.0
2435.330695595753,7148.758486038276,4713.4277904425235,5893.005433988507,8328.33612958426,0.0
18069.076450104898,18156.09075066007,87.01430055517267,7899.117002228051,25968.193452332947,1.0
540.8197321442336,12321.224523304936,11780.404791160703,25614.237152510654,26155.05688465489,0.0
924.5747929947335,18243.63808411451,17319.06329111978,15908.760475435158,16833.33526842989,0.0
347.49824079036654,9984.63674773343,9637.138506943063,19366.67104283462,19714.169283624986,0.0
62.26423304723896,6082.457311182848,6020.193078135609,20176.13832536147,20238.402558408707,0.0
1302.2008132675517,10013.59381696216,8711.39300369461,21006.72770915502,22308.92852242257,0.0
307.60011101690213,10928.619049923776,10621.018938906875,30633.42648697397,30941.026597990873,0.0
4517.5810290918525,17963.336947040756,13445.755917948904,7655.672288609921,12173.253317701774,0.0
2233.1581678090724,14595.36447605414,12362.206308245066,11194.86166528425,13428.019833093324,0.0
9221.139495692634,16616.059885097566,7394.9203894049315,34005.48492166386,43226.62441735649,0.0
735.6766328764053,2314.0923074474663,1578.4156745710611,35074.895028289175,35810.57166116558,0.0
43198.51491854311,43297.48720758974,98.97228904662916,6963.758498705658,50162.27341724877,1.0
2894.7214686636753,1918.3571046553318,-976.3643640083435,32674.446602912376,35569.16807157605,0.0
128.63292759905417,2248.2185090957405,2119.5855814966862,20524.655727067086,20653.28865466614,0.0
781.9715404344604,13179.9738863264,12398.002345891939,37766.94647519861,38548.91801563307,0.0
1379.7760856056354,16029.619091084323,14649.843005478688,25334.560050314936,26714.33613592057,0.0
88.26689223517215,8160.361991387346,8072.095099152174,4063.955242044387,4152.222134279559,0.0
1722.0859223471002,1915.2085618718604,193.1226395247602,32779.69756224196,34501.78348458906,0.0
2638.7602079855374,9727.657144245775,7088.896936260238,42352.34594352774,44991.106151513275,0.0
1123.0920710735472,9483.356982901609,8360.26491182806,17386.989114796288,18510.081185869836,0.0
68.38304987589966,5384.417461620387,5316.034411744487,47991.719069943836,48060.102119819734,0.0
4768.425913537777,17122.558270016525,12354.132356478749,43391.42510824663,48159.85102178441,0.0
1353.0359315944665,16308.329621583041,14955.293689988575,6327.2229356704065,7680.258867264873,0.0
182.07651520840312,19032.405153900818,18850.328638692416,37336.0800842031,37518.15659941151,0.0
781.2659858951616,12129.675194002999,11348.409208107838,41823.65958329856,42604.92556919372,0.0
151.77940442768775,18768.6418867748,18616.86248234711,41189.880771751705,41341.66017617939,0.0
1331.5718160826023,16275.066117467319,14943.494301384717,42396.20811392055,43727.77993000315,0.0
15938.08630791654,16019.845762611694,81.759454695155,8342.3842964064,24280.470604322938,1.0
1985.2565807623748,16326.726781674644,14341.47020091227,12575.65198382004,14560.908564582414,0.0
1059.3086121827655,9245.461946051359,8186.153333868593,6077.831475913454,7137.140088096219,0.0
554.0834454184227,10039.716849417768,9485.633403999345,39950.51856761793,40504.602013036354,0.0
213.88092278387373,4144.692280777304,3930.8113579934306,3473.9992441765953,3687.880166960469,0.0
383.8886612122792,14465.208494463417,14081.319833251138,15173.934900690949,15557.823561903228,0.0
51.35082950555548,4088.8001790182116,4037.449349512656,47331.936360747626,47383.287190253184,0.0
17049.4192697585,17108.835205546464,59.41593578796528,5421.699104457149,22471.118374215646,1.0
1723.7554508414623,14331.628748667927,12607.873297826463,12712.620130727193,14436.375581568656,0.0
5114.938715691253,3692.714678643834,-1422.2240370474187,4847.569631335735,9962.508347026987,0.0
2673.919756049582,19514.199809299786,16840.280053250204,12849.296892689055,15523.216648738637,0.0
101.75709418153679,10872.258589185398,10770.50149500386,25575.418238281938,25677.175332463474,0.0
1628.553930414228,7784.542577762071,6155.988647347844,33611.26902735875,35239.82295777298,0.0
853.2049910342016,12278.097455920251,11424.89246488605,40843.02402705112,41696.22901808532,0.0
3247.1845775590705,14245.767088261055,10998.582510701985,1338.5292851563925,4585.713862715463,0.0
6337.594882863896,4432.276619704398,-1905.3182631594973,17595.25278793304,23932.84767079694,0.0
9500.0,14845.031870221623,5345.031870221623,12167.624701679935,21667.624701679935,0.0
38260.746243782385,38341.67082745773,80.9245836753471,7852.946667226733,46113.692911009115,1.0
1577.6287211526403,14051.91759586878,12474.28887471614,43385.2729883344,44962.90170948704,0.0
3933.9750088062046,18603.26476362544,14669.289754819236,4498.363943048045,8432.33895185425,0.0
932.0516832576722,17381.681123582475,16449.629440324803,47361.35136733554,48293.40305059321,0.0
1196.948537647552,3740.910467770537,2543.961930122985,29567.129489932086,30764.07802757964,0.0
47459.112813502536,47489.020834668074,29.90802116553823,6369.4357542687885,53828.54856777132,1.0
19931.940691168973,19956.421864297386,24.481173128413502,2527.078597091249,22459.01928826022,1.0
2273.0433360437946,10342.709309528063,8069.665973484269,26666.34213764682,28939.385473690614,0.0
92.72464804106946,5523.8239758888185,5431.099327847749,46371.14182413811,46463.86647217918,0.0
93.31371426792876,14676.107491243401,14582.793776975474,31537.74990203838,31631.06361630631,0.0
19420.031350593083,19431.1056626122,11.074312019118224,7567.7980697853745,26987.829420378457,1.0
103.06245899209291,2711.0483632751643,2607.9859042830712,33909.1292294534,34012.19168844549,0.0
2052.961321342224,4938.834448478151,2885.873127135927,10042.560802555816,12095.52212389804,0.0
23881.33803770919,23883.572531085818,2.2344933766289614,5669.504756388102,29550.84279409729,1.0
321.1433026728379,5614.3492753922055,5293.205972719367,26504.424845721198,26825.568148394035,0.0
667.5243605234078,13685.817053952514,13018.292693429106,21605.858780794722,22273.38314131813,0.0
442.90141221458936,18701.55974876632,18258.658336551733,49122.36785235373,49565.26926456832,0.0
10634.215438634566,10653.80265714248,19.58721850791335,8755.566543496063,19389.78198213063,1.0
343.8432231786367,19200.971431472837,18857.1282082942,48972.53815564119,49316.381378819824,0.0
1433.5582244168017,4138.506889026767,2704.948664609965,10994.149485367454,12427.707709784256,0.0
731.8143537444645,12042.330886171867,11310.516532427402,48197.67126941436,48929.48562315882,0.0
977.2820856047518,11604.90656866354,10627.62448305879,6711.920954687178,7689.20304029193,0.0
699.970390780318,5909.821328619093,5209.850937838775,17328.89939378896,18028.86978456928,0.0
2262.920267964171,19619.180556769887,17356.260288805715,14608.840169102245,16871.760437066416,0.0
452.0302134673321,15725.31692562679,15273.286712159457,43744.09837210721,44196.128585574545,0.0
1003.6403077421554,19565.39985009725,18561.759542355092,24896.902669780313,25900.54297752247,0.0
27538.91985740231,27563.29157061906,24.371713216751232,1517.066155038984,29055.986012441295,1.0
4564.296577655907,10876.300462946263,6312.003885290356,22075.337164458553,26639.63374211446,0.0
3514.935483794706,11086.123581035701,7571.1880972409945,40335.73840223638,43850.67388603108,0.0
98.82599778860138,1579.5164302989856,1480.6904325103842,1605.9878033907237,1704.813801179325,0.0
49155.70620993529,49173.42982971253,17.72361977723631,5594.021158982408,54749.7273689177,1.0
3260.9713920670956,4184.131368416571,923.1599763494751,48564.81137142728,51825.782763494375,0.0
4103.039461041626,12800.023193366102,8696.983732324476,8584.69965642456,12687.739117466186,0.0
258.82017811420235,10646.310710732021,10387.49053261782,32836.135322836526,33094.95550095073,0.0
1849.8991906369124,19337.418453039067,17487.519262402155,27301.229666037514,29151.128856674426,0.0
148.82625955254906,13966.998591539408,13818.17233198686,26402.92109460623,26551.74735415878,0.0
479.3201627577158,11304.93596771861,10825.615804960893,5529.317198197737,6008.637360955452,0.0
4243.14107860472,12618.556241807299,8375.415163202579,30164.57553060087,34407.716609205585,0.0
24.353911775400665,18840.47737150748,18816.12345973208,48071.56561916685,48095.91953094225,0.0
38.66100824128207,4792.52026185177,4753.859253610488,7772.614607822864,7811.275616064146,0.0
47874.680712325135,47940.26560718252,65.58489485738392,2101.8510362154375,49976.53174854057,1.0
2279.7485834577296,1726.6957823514667,-553.0528011062629,20783.050075022456,23062.798658480187,0.0
1433.6811182721733,1973.3126283740066,539.6315101018333,46211.88504070665,47645.56615897882,0.0
40425.9765461013,40430.406089201,4.4295430997008225,2894.4919430436935,43320.468489144994,1.0
436.2693892625349,5896.705573050518,5460.436183787983,38759.53846469529,39195.80785395782,0.0
701.7607567778857,3140.667571447647,2438.906814669761,39149.23247880146,39850.99323557934,0.0
4229.395038479039,6993.648844518762,2764.2538060397237,17298.6243903513,21528.01942883034,0.0
593.1690497306481,5526.226704748138,4933.05765501749,27524.62347329589,28117.79252302654,0.0
37876.64206995809,37901.863909284926,25.221839326834015,6826.985047758369,44703.62711771646,1.0
4353.742119624095,11481.70557485212,7127.963455228025,35428.95625324996,39782.69837287406,0.0
1577.9772657063343,11967.681794166605,10389.70452846027,25160.233503748197,26738.21076945453,0.0
502.2525594610194,14687.796781631409,14185.544222170389,30560.716559941502,31062.96911940252,0.0
1233.699649605991,3056.0573032417105,1822.3576536357195,40284.23944384461,41517.93909345061,0.0
2605.497856984632,4902.896266937268,2297.3984099526356,41695.83002305184,44301.32788003648,0.0
4079.967246365241,10194.761973994871,6114.794727629631,17472.382039181415,21552.349285546657,0.0
1031.2518624321754,10255.950548913039,9224.698686480864,19286.616394991663,20317.868257423837,0.0
900.5896097459647,19859.67757462728,18959.087964881313,12358.73722972588,13259.326839471845,0.0
928.7343284015575,1862.3074533509027,933.5731249493452,39035.89978532612,39964.634113727676,0.0
2455.004851186646,7060.781860441448,4605.777009254802,43311.68114294612,45766.68599413277,0.0
876.1684168737984,15609.73884254814,14733.570425674341,7583.348017881014,8459.516434754813,0.0
3320.1412275397975,2517.7637411084006,-802.3774864313968,26903.977143702712,30224.118371242508,0.0
1098.8856460398192,14296.694970071834,13197.809324032016,8853.546095796988,9952.431741836808,0.0
1072.7848878708444,7249.091195256704,6176.306307385859,45710.439484040595,46783.22437191144,0.0
1437.7035051848823,11492.873478185289,10055.169973000407,16615.495536997983,18053.199042182867,0.0
228.67820421549735,18690.501316525835,18461.823112310336,40663.115067532715,40891.79327174821,0.0
1178.6746511199115,14955.519812839864,13776.845161719953,37215.185866868305,38393.860517988214,0.0
17428.892012232016,17451.019012094603,22.126999862586672,4538.378812569805,21967.27082480182,1.0
11.07484075187095,9957.850756718804,9946.775915966933,31779.67410040936,31790.74894116123,0.0
1933.0078377851705,4600.385469086296,2667.377631301126,4921.877450049539,6854.88528783471,0.0
252.58676521613387,11892.383382218504,11639.79661700237,41576.74862234376,41829.33538755989,0.0
325.15236743584893,15960.380882833779,15635.22851539793,21585.844251330556,21910.996618766407,0.0
1397.2056313911921,19836.674687743947,18439.469056352755,26332.113176259874,27729.318807651067,0.0
437.0442489310927,10823.996940554893,10386.9526916238,47812.95990136906,48250.004150300156,0.0
2150.4754303408054,19265.59212088353,17115.116690542727,47432.80788532824,49583.28331566905,0.0
2683.387507570942,17483.86819731958,14800.48068974864,16062.758670695626,18746.14617826657,0.0
139.45185478952263,14099.916536125254,13960.464681335732,30381.178794196938,30520.630648986462,0.0
1032.372452757735,11698.724024317184,10666.35157155945,26214.299168737558,27246.671621495294,0.0
111.72751945183273,3945.3051264379515,3833.5776069861186,23794.625541474536,23906.35306092637,0.0
1600.8295631397975,15841.098787304045,14240.269224164247,36123.0655169477,37723.8950800875,0.0
2997.554609348595,2349.559268436544,-647.9953409120512,43712.59383421681,46710.148443565406,0.0
475.5904763751266,13253.450014345828,12777.859537970702,45644.799015311706,46120.38949168683,0.0
3341.2029265036554,2593.5418097880215,-747.6611167156339,17681.893157005517,21023.096083509172,0.0
36777.419362620414,36856.31708140564,78.89771878522879,6837.648247778045,43615.06761039846,1.0
1106.2517362328724,1460.8362448640437,354.5845086311713,13041.758140198817,14148.00987643169,0.0
6000.981306245525,9963.16736420345,3962.1860579579243,12858.856801221364,18859.838107466887,0.0
43446.12478777241,43514.092374521475,67.96758674906596,5022.944086937836,48469.06887471025,1.0
1816.9024668376626,931.621795075193,-885.2806717624696,38927.29107113445,40744.19353797212,0.0
823.0032226832859,2326.3203258457524,1503.3171031624665,26063.540344593457,26886.54356727674,0.0
2054.2853760991748,5778.330283883756,3724.0449077845815,45871.29264022506,47925.57801632423,0.0
18970.858947961846,19025.93552059906,55.07657263721558,6819.974472807336,25790.83342076918,1.0
85.71317461821808,4346.231990256827,4260.518815638609,16985.727191804217,17071.440366422434,0.0
1110.6742418329052,6989.958041287603,5879.283799454698,10011.046789433303,11121.721031266208,0.0
42510.4966226457,42543.63593141535,33.13930876964878,6475.78490806859,48986.281530714296,1.0
577.7097862495095,10039.332100622003,9461.622314372493,2012.2385309625345,2589.948317212044,0.0
18242.589105209285,18266.40131235206,23.81220714277515,2450.9691752863614,20693.558280495647,1.0
177.3077355556134,9476.41648753392,9299.108751978305,34687.06493491643,34864.37267047205,0.0
28030.58899862319,28056.528159365273,25.939160742083914,931.8878597231284,28962.476858346316,1.0
119.16601666553696,7374.320205360088,7255.1541886945515,13627.382394651455,13746.548411316991,0.0
2862.899715513481,12654.631458301621,9791.731742788139,40533.28867417562,43396.1883896891,0.0
352.1808232836884,2688.700903835978,2336.5200805522895,4025.827929575593,4378.008752859281,0.0
1380.0728436977702,11824.741981585352,10444.669137887582,33969.67440562131,35349.74724931908,0.0
3279.7174348707185,11403.164801027884,8123.447366157166,25460.57926230213,28740.29669717285,0.0
1871.7254553234798,9311.446370719417,7439.7209153959375,21617.386916906577,23489.112372230054,0.0
1727.835455255585,501.0301251797876,-1226.8053300757974,48478.60259182791,50206.438047083495,0.0
6012.891757812204,18874.868289073533,12861.976531261329,44346.6198158586,50359.5115736708,0.0
1316.070172929693,6915.611728413541,5599.541555483847,3705.9587192979025,5022.028892227596,0.0
1897.6063366165858,1065.4365145509862,-832.1698220655996,49250.487391472314,51148.0937280889,0.0
1295.7315783879726,5422.0693530429235,4126.33777465495,7293.456347694804,8589.187926082777,0.0
2498.9837499120517,15254.607712371777,12755.623962459726,27754.130071882555,30253.113821794606,0.0
167.27142518400032,12988.72184286843,12821.45041768443,10229.68071458879,10396.952139772791,0.0
1917.6153788615604,2179.6475452062077,262.0321663446473,42610.71033614897,44528.325715010535,0.0
707.5788948270115,13756.453441789414,13048.874546962403,8006.412009232011,8713.990904059023,0.0
1212.2555113539017,9203.364019737945,7991.108508384043,38474.26936577935,39686.52487713325,0.0
8810.266326762652,13548.50603292959,4738.239706166938,31977.69131886556,40787.95764562821,0.0
525.5389105660968,7893.6368476088965,7368.0979370427995,22560.765663919814,23086.304574485912,0.0
9927.968472364939,10004.113230577652,76.14475821271299,1408.3342765301231,11336.302748895061,1.0
2778.755413183913,680.2109739075302,-2098.544439276383,47060.97643728287,49839.731850466786,0.0
225.42613756539208,19001.414704992403,18775.98856742701,31356.919703055875,31582.345840621267,0.0
395.35292135102264,19604.819528090266,19209.466606739243,21384.64545581023,21779.998377161253,0.0
817.0544017175703,10788.676908354802,9971.622506637232,48462.1065229019,49279.16092461947,0.0
2909.380389352871,2460.3419944908,-449.0383948620711,13594.416095926232,16503.796485279105,0.0
12839.552158350132,12925.11461496772,85.5624566175884,1792.098495610257,14631.650653960389,1.0
1534.2618257453887,11984.252439969683,10449.990614224294,30065.418190735203,31599.68001648059,0.0
1915.7910963019935,12767.792783368202,10852.00168706621,48755.09505501002,50670.886151312014,0.0
3463.0281073094616,12367.146066892497,8904.117959583036,9123.816554961468,12586.844662270929,0.0
885.7548572133684,18374.540502531363,17488.785645317996,19392.254984292344,20278.00984150571,0.0
3501.321168237226,15353.98277615556,11852.661607918335,47253.9598903916,50755.281058628825,0.0
408.7771990158115,10626.597506524911,10217.8203075091,49260.36629555469,49669.143494570504,0.0
2789.575316116947,4915.377299209174,2125.8019830922276,15364.682162114657,18154.257478231604,0.0
617.1207844024639,11681.331705005225,11064.21092060276,6456.820203316715,7073.940987719179,0.0
1664.088207352361,889.4721852715484,-774.6160220808126,40703.34529756334,42367.4335049157,0.0
4430.165814299269,11250.689117924876,6820.523303625607,11703.81019920576,16133.97601350503,0.0
86.00956187469465,3792.756142657189,3706.746580782494,18413.13949359566,18499.149055470356,0.0
2625.102726921015,3305.4253436949307,680.3226167739158,12116.286512316072,14741.389239237087,0.0
864.0877579596332,2135.5379017642354,1271.4501438046022,8775.572623274807,9639.66038123444,0.0
2433.8262852702487,12262.831645330292,9829.005360060044,1442.8956668062265,3876.721952076475,0.0
25634.29586420694,25636.695458786948,2.399594580008852,3493.270359759112,29127.566223966052,1.0
1835.5553404415841,11659.534383569022,9823.979043127438,42917.802757954836,44753.35809839642,0.0
1613.9860375263631,5398.244089787111,3784.2580522607477,47514.20250852428,49128.18854605064,0.0
4606.8345386430865,7670.315908487092,3063.4813698440057,41611.28902521893,46218.12356386202,0.0
1030.6840179089843,8871.793931231807,7841.109913322823,4711.11893737537,5741.802955284354,0.0
581.546319580913,10849.636746568774,10268.090426987861,30745.504290097037,31327.05060967795,0.0
39503.11514625067,39541.23264634718,38.11750009651587,7294.439883265498,46797.55502951617,1.0
56.494940917444666,7874.828815800271,7818.3338748828255,44751.63758025847,44808.13252117592,0.0
214.93235284125527,4225.5114398193155,4010.5790869780603,2726.127943913986,2941.0602967552413,0.0
514.8969362601057,19990.351199316072,19475.454263055966,22895.958359981043,23410.85529624115,0.0
1356.6565723792548,6273.277445759469,4916.620873380214,43100.88580650084,44457.54237888009,0.0
23628.91491919606,23701.21836228114,72.30344308507847,9030.130391680925,32659.045310876987,1.0
3114.5720325381567,7613.95287800321,4499.380845465053,47945.23024226026,51059.802274798414,0.0
2471.0702467136553,5618.91778319761,3147.847536483955,32897.54140597071,35368.61165268437,0.0
1459.9439243495772,7246.015598332458,5786.07167398288,29909.693925894677,31369.637850244253,0.0
2655.4913419744175,13591.676173487516,10936.1848315131,24084.116122759602,26739.60746473402,0.0
95.96998472250435,4164.119981569122,4068.1499968466173,30182.22622529939,30278.196210021895,0.0
786.6484087778541,12755.826051629572,11969.177642851719,24071.767297880277,24858.415706658132,0.0
166.99307154142983,10860.950457126926,10693.957385585496,49462.81193075294,49629.80500229437,0.0
2453.64521391869,17210.527532453067,14756.882318534377,27274.4074028481,29728.052616766792,0.0
4104.2256897538255,3539.1049627531474,-565.120727000678,13259.043756516143,17363.26944626997,0.0
1760.6620272718433,10485.727245623946,8725.065218352103,25299.166457853175,27059.828485125017,0.0
550.6974485483729,4275.664291011485,3724.9668424631122,3151.6826249880783,3702.380073536451,0.0
147.84585373802418,2411.8684931633265,2264.0226394253023,6629.109009058959,6776.9548627969825,0.0
2202.792634344614,18530.84288685381,16328.050252509196,9133.152442850684,11335.945077195298,0.0
1118.8342788054822,10130.016787460447,9011.182508654965,46551.42981387813,47670.26409268361,0.0
3304.6631456257533,7904.87939402215,4600.216248396397,17239.346432726827,20544.00957835258,0.0
4751.214149805555,9568.188832248119,4816.974682442564,44454.812135811975,49206.02628561753,0.0
2208.6932776818353,5721.599134780291,3512.9058570984557,40601.664651299696,42810.35792898153,0.0
66.40854301125658,17145.78360629516,17079.375063283904,25605.19277318996,25671.601316201217,0.0
2467.2540548133334,1068.828037194452,-1398.4260176188814,9327.895609780784,11795.149664594117,0.0
306.6220204150312,17569.583178064833,17262.961157649803,23191.486590831606,23498.108611246636,0.0
4730.774202420149,15252.50237815848,10521.728175738332,49027.01520156771,53757.78940398786,0.0
657.1118298280387,5428.9342690477,4771.822439219661,44911.175941608104,45568.287771436146,0.0
3512.4234834392723,585.0118091533184,-2927.411674285954,44110.62059086567,47623.04407430494,0.0
9500.0,13838.4848029954,4338.484802995399,21371.553558010713,30871.553558010713,0.0
2311.218223272914,2347.9851851745825,36.76696190166831,23527.074302298763,25838.292525571676,0.0
2873.513891818843,4947.2054295503885,2073.6915377315454,41818.46465050432,44691.978542323166,0.0
183.93783420810144,17420.6014796993,17236.6636454912,47364.21615448839,47548.1539886965,0.0
1966.249989565457,14011.72376498297,12045.473775417513,24379.921902478047,26346.171892043505,0.0
750.1957583088328,15620.485534553645,14870.289776244812,3883.2930889176773,4633.48884722651,0.0
2629.782587521185,12712.05585591732,10082.273268396135,30398.558379908125,33028.34096742931,0.0
1808.3867759270336,17681.550392953035,15873.163617026,36703.20175115539,38511.58852708243,0.0
493.61724733901116,9305.166944939776,8811.549697600765,921.7104850370972,1415.3277323761083,0.0
1020.0478390565761,3290.087210637621,2270.039371581045,49776.01141321894,50796.05925227552,0.0
7427.180604254166,5047.157311221518,-2380.0232930326474,11839.90172980594,19267.082334060105,0.0
285.4552087000837,18552.876715144084,18267.421506444,15598.577121621038,15884.03233032112,0.0
1173.075679514347,1133.4886354582168,-39.58704405613025,22195.834902326988,23368.910581841334,0.0
15812.344887276624,15859.503146886047,47.15825960942311,5425.7020340806785,21238.0469213573,1.0
250.10924469232566,10377.72499821667,10127.615753524346,23126.747164785305,23376.85640947763,0.0
4207.047536486472,16250.196196359111,12043.148659872639,7223.784829730268,11430.83236621674,0.0
8093.541389859675,4556.478973298354,-3537.0624165613217,18579.29204562675,26672.833435486424,0.0
1558.572038139779,6716.9377960235915,5158.365757883813,1539.3284430373299,3097.9004811771088,0.0
7945.440415750776,5054.818467336004,-2890.6219484147723,33701.30895630664,41646.74937205741,0.0
1017.1996313391356,13702.2373901992,12685.037758860064,38607.625240373236,39624.82487171237,0.0
25381.460578662394,25393.683997947846,12.22341928545211,6561.370440820199,31942.831019482594,1.0
198.41002331150827,8920.238354601657,8721.82833129015,25161.41726930588,25359.82729261739,0.0
6917.907138612632,8253.882221788685,1335.975083176053,29337.739834569406,36255.64697318204,0.0
4845.874629137138,9354.883570861964,4509.008941724826,44735.70523778064,49581.579866917775,0.0
4346.551358926028,7897.6291649816385,3551.0778060556104,43702.82815694894,48049.37951587497,0.0
1095.3974027080496,9434.99370241821,8339.596299710161,46104.63267861658,47200.03008132463,0.0
1511.3312553729447,16316.539042953704,14805.207787580759,14524.080280447182,16035.411535820127,0.0
1751.2181092731971,5757.7851709600645,4006.5670616868674,10999.556344846535,12750.774454119732,0.0
6605.740212503822,7513.6734438498215,907.933231346,26201.883493379348,32807.62370588317,0.0
6564.019729082796,11725.472433449684,5161.452704366888,1592.8381264130044,8156.8578554958,0.0
1239.8150126423266,19987.330859207905,18747.515846565577,35806.38202383687,37046.1970364792,0.0
656.8245227779919,19976.462248405263,19319.63772562727,1431.5596917826413,2088.384214560633,0.0
6985.614265472453,4352.340160730326,-2633.274104742127,40495.65601530452,47481.270280776975,0.0
858.0866034079496,13697.990850785916,12839.904247377966,48625.72410798713,49483.81071139508,0.0
1137.2425917662588,1551.0166626788814,413.7740709126226,10054.174420302297,11191.417012068556,0.0
996.6685537683462,11582.223446019547,10585.5548922512,42700.04117481845,43696.70972858679,0.0
600.4134180842747,11369.78252106777,10769.369102983495,25393.10188079969,25993.515298883965,0.0
43236.40856069643,43282.26343784437,45.85487714793999,1957.8380686040487,45194.246629300476,1.0
1408.5003495115673,5003.362459675516,3594.862110163949,6588.5444298518005,7997.0447793633675,0.0
2019.2549910306882,597.9973156235827,-1421.2576754071056,2141.8660594499206,4161.121050480609,0.0
28606.569621567854,28641.45629374737,34.88667217951661,8410.276377574117,37016.84599914197,1.0
1014.5495477286919,8548.787245409172,7534.23769768048,12083.561298630053,13098.110846358744,0.0
293.75648496137507,13034.639978160609,12740.883493199233,41796.20365139067,42089.96013635205,0.0
985.9769081203424,19349.133307474098,18363.156399353757,13463.521215260382,14449.498123380725,0.0
813.5100218697903,6802.2842738245545,5988.774251954765,27212.695467543148,28026.20548941294,0.0
3285.5876521475147,3565.475729360608,279.8880772130933,2617.4383404801215,5903.025992627636,0.0
2252.9307700499658,11528.370922914546,9275.44015286458,12855.733150207248,15108.663920257215,0.0
2562.1896261940637,14514.635686469523,11952.446060275459,42774.29773479788,45336.487360991945,0.0
302.9321641893651,9210.430074020966,8907.4979098316,44005.33336032023,44308.265524509596,0.0
1337.4079675752444,1410.3539880358383,72.9460204605939,5044.440105292947,6381.848072868192,0.0
81.87148408785734,14339.873153619896,14258.00166953204,43133.703516594454,43215.575000682315,0.0
938.5770084815598,13172.346473200212,12233.769464718653,34137.19198135206,35075.76898983362,0.0
17222.375843569054,17261.723898627915,39.348055058861064,1656.6316747641274,18879.007518333183,1.0
69.98744288695816,4244.455698158719,4174.468255271761,11244.840286520362,11314.827729407321,0.0
1311.2795092716115,4409.146431444,3097.8669221723885,17623.772079784972,18935.051589056584,0.0
961.2929247672663,19471.44059306005,18510.147668292786,36493.700632132044,37454.99355689931,0.0
1809.2345942582926,9022.15764627053,7212.923052012238,12357.253501514664,14166.488095772957,0.0
2313.1855740636515,16126.365136269847,13813.179562206196,47664.619818314495,49977.80539237815,0.0
5596.0093187021075,10583.857318209944,4987.847999507837,15913.82730597402,21509.83662467613,0.0
2029.0748964092318,17919.437628868392,15890.362732459162,49895.75672061439,51924.83161702362,0.0
2511.409721959483,2637.749790867075,126.34006890759201,16611.388203314193,19122.797925273677,0.0
7007.114950316624,14278.780515387247,7271.6655650706225,36451.6871414747,43458.80209179132,0.0
214.68600924977372,12556.557909767536,12341.871900517763,29447.182425367435,29661.86843461721,0.0
226.29403459165812,3830.8672729711093,3604.573238379451,48848.552731313044,49074.8467659047,0.0
986.6425748892519,1882.865733052106,896.223158162854,27463.75040641243,28450.39298130168,0.0
917.0546303766779,15111.649425277472,14194.594794900793,14717.408325768905,15634.462956145584,0.0
319.0527684537657,4959.079651999766,4640.026883546,13622.322055441582,13941.374823895349,0.0
2892.3247930051725,16741.425100300974,13849.100307295801,826.9724644938303,3719.2972574990026,0.0
1035.5001572974054,19394.415744898677,18358.91558760127,21653.80512933963,22689.305286637038,0.0
1742.7412983477275,12731.538812401575,10988.797514053847,20034.964062162646,21777.705360510372,0.0
644.2190399602586,2034.6046663102816,1390.385626350023,37546.419675836114,38190.63871579637,0.0
1640.8508834277513,13590.436259503456,11949.585376075705,13708.69287557333,15349.54375900108,0.0
3961.6214134707166,17557.938219802872,13596.316806332155,7469.227338561396,11430.848752032112,0.0
3970.306984861358,16853.125025862108,12882.81804100075,1232.8027853446445,5203.109770206002,0.0
1848.4044379702311,18969.48225212392,17121.077814153687,26183.61999994926,28032.024437919492,0.0
3613.6559977619395,8303.027820875279,4689.371823113339,39181.13712217149,42794.79311993343,0.0
1133.9698253218858,16915.26982606197,15781.300000740084,43343.67913995895,44477.64896528084,0.0
813.081269565668,15558.685379918894,14745.604110353226,31936.962814461895,32750.044084027562,0.0
16329.442540846363,16385.516860447904,56.07431960154099,64.88083780526455,16394.32337865163,1.0
1818.4083319542306,9521.075802707726,7702.667470753496,19637.5091769355,21455.91750888973,0.0
1337.1869842074734,4560.520267860182,3223.3332836527084,48962.41393509926,50299.60091930674,0.0
3523.4219905348477,12547.357294491085,9023.935303956237,12583.221752273537,16106.643742808385,0.0
4520.775019978245,16352.103905181773,11831.32888520353,965.2208358933323,5485.995855871577,0.0
257.9976473282346,13257.5977089337,12999.600061605464,39661.48391366611,39919.48156099435,0.0
1721.3198575291383,12402.680399559045,10681.360542029906,47095.52724257399,48816.84710010313,0.0
4194.405334588665,13812.087473023807,9617.682138435142,10496.591583674219,14690.996918262885,0.0
2589.9211258333685,8940.37846061486,6350.457334781491,12929.21107763869,15519.13220347206,0.0
7007.2607804584195,5742.800127090629,-1264.4606533677907,14812.787665839205,21820.048446297624,0.0
1932.4874602968364,7750.817299045179,5818.329838748343,2667.0081502591756,4599.495610556012,0.0
923.4781689040748,1928.2892800941072,1004.8111111900324,14254.974969149704,15178.45313805378,0.0
1293.8090248233634,11100.113710770196,9806.304685946832,21750.59637187376,23044.405396697122,0.0
697.5999505246663,19699.229979334206,19001.63002880954,5319.420270703868,6017.020221228534,0.0
42951.933618131225,43001.96006887897,50.02645074774773,3093.2677421681187,46045.20136029935,1.0
2856.132445656417,3790.614048765476,934.481603109059,27750.926210264555,30607.058655920973,0.0
42203.69863209476,42224.48743762108,20.788805526317446,5719.826853440127,47923.52548553489,1.0
5563.311877148783,11430.517372127033,5867.20549497825,34172.63717105252,39735.949048201306,0.0
3289.772604701704,5354.398733539019,2064.6261288373153,8926.645226985742,12216.417831687446,0.0
385.47832588140705,16458.032507206728,16072.55418132532,5777.834941816939,6163.313267698346,0.0
356.738973198894,15931.378111220522,15574.639138021628,48103.768901861156,48460.50787506005,0.0
10.0,9194.789087266252,9184.789087266252,2760.881337520282,2770.881337520282,0.0
4091.0614245027814,11960.042155860589,7868.980731357808,5140.428086792697,9231.489511295478,0.0
1333.6686071984282,18455.03156790347,17121.36296070504,39963.2982979984,41296.96690519683,0.0
1005.2299731690821,10492.356751844798,9487.126778675716,28567.578285347267,29572.80825851635,0.0
138.86410165650832,3668.965773300398,3530.1016716438894,25048.465092943417,25187.329194599926,0.0
483.9205539850999,16685.637330747457,16201.716776762358,45059.456097730086,45543.37665171519,0.0
409.46056382693166,13141.010604517529,12731.550040690598,26651.528074412778,27060.98863823971,0.0
3786.8723067421765,4904.687552204729,1117.8152454625529,993.9954348640201,4780.867741606196,0.0
1252.2370270944937,17506.06824305833,16253.831215963835,35958.59614210626,37210.833169200756,0.0
318.6376718259087,938.8343848593861,620.1967130334774,43068.13594782834,43386.77361965425,0.0
1131.0741335606733,11415.020896006661,10283.946762445988,5040.359856954263,6171.433990514936,0.0
330.7306906448056,11953.71243722375,11622.981746578946,31181.297364863207,31512.028055508013,0.0
5335.598921177709,15016.622272832297,9681.023351654589,41652.84706321068,46988.44598438838,0.0
416.808322872129,5855.984460864155,5439.176137992026,6886.415075857055,7303.223398729184,0.0
349.8085402564379,6319.7878923813305,5969.979352124893,42084.58840485019,42434.39694510663,0.0
389.7980582094168,10590.489682993679,10200.691624784262,9864.415435853423,10254.21349406284,0.0
927.3713010945941,19610.10653233793,18682.735231243336,7244.932965367301,8172.304266461895,0.0
141.60301282717757,9398.355514536772,9256.752501709594,20713.84237949413,20855.445392321308,0.0
735.4113746625786,11388.497312619327,10653.085937956748,10254.687686180498,10990.099060843077,0.0
1464.7100020383289,4458.374404228345,2993.6644021900165,2331.795023079519,3796.505025117848,0.0
175.7565865992188,17339.751561213343,17163.994974614125,4674.618079199488,4850.374665798708,0.0
1290.5271028441664,5361.259325089921,4070.732222245754,18555.583188829405,19846.110291673573,0.0
1119.6887015603572,11433.542386825762,10313.853685265405,18774.86206608105,19894.550767641405,0.0
656.9500616213016,18279.80969144454,17622.85962982324,3560.335877061627,4217.285938682929,0.0
506.7355079392861,18504.077409771744,17997.341901832457,1519.8707405763068,2026.606248515593,0.0
563.0085598475739,16040.476328305094,15477.46776845752,41372.28679898066,41935.29535882823,0.0
532.394615368412,18763.119252381362,18230.72463701295,1669.6602432928698,2202.0548586612817,0.0
12.970684466760604,18615.90727147762,18602.93658701086,26205.577061347758,26218.547745814518,0.0
288.69865366386324,5420.293513143032,5131.594859479169,49102.2311393192,49390.929792983065,0.0
1344.4353323424828,5437.378686749799,4092.9433544073163,17849.184607005645,19193.61993934813,0.0
4196.848405608286,14017.586073267921,9820.737667659636,5712.422662902816,9909.271068511101,0.0
8851.70061872906,3926.4472938181043,-4925.2533249109565,48553.622931390986,57405.32355012005,0.0
1871.644445744388,7105.292637601413,5233.648191857025,2000.656526756217,3872.300972500605,0.0
3118.4261951886947,8469.641464283213,5351.215269094519,5731.997179285342,8850.423374474038,0.0
17247.373555185342,17293.696518926245,46.322963740902196,5067.117639327983,22314.491194513324,1.0
1031.6099294845992,5437.422685714545,4405.812756229946,30844.203598319742,31875.81352780434,0.0
663.0925871897281,12619.39256719264,11956.299980002912,15847.264431779273,16510.357018969,0.0
167.01289951632532,7554.482082490034,7387.469182973709,5408.017611759108,5575.030511275433,0.0
2146.8239473125027,13157.071739368246,11010.247792055743,30902.140604087785,33048.964551400284,0.0
207.22229139925517,18524.90975077911,18317.687459379853,47554.533978353815,47761.75626975307,0.0
1083.0672782256706,6610.70342539198,5527.6361471663095,43081.63031227737,44164.69759050304,0.0
1372.1888291937,9678.76597266078,8306.57714346708,8761.214618305763,10133.403447499462,0.0
2146.4869396002728,6880.81307164835,4734.326132048078,45799.60006810387,47946.08700770415,0.0
1016.6732291664138,19234.55290404143,18217.879674875017,45253.906389724056,46270.57961889047,0.0
4799.352994087427,3833.425424567923,-965.9275695195038,4450.80623669481,9250.159230782236,0.0
2332.085311466282,11553.739449234847,9221.654137768564,1889.1484032297567,4221.233714696038,0.0
275.9504394248317,9645.986324498728,9370.035885073896,44782.56152009593,45058.51195952076,0.0
7941.819778852892,4776.74782362195,-3165.071955230942,8717.835382543582,16659.655161396477,0.0
2536.795913644499,682.2265929817619,-1854.569320662737,44552.53084652673,47089.32676017123,0.0
27.553763355231688,6134.271824822861,6106.71806146763,28135.100268553382,28162.654031908613,0.0
668.6650827980435,12909.267761337016,12240.602678538973,16762.391785016556,17431.0568678146,0.0
2355.6392854516453,7913.802460515962,5558.163175064316,9751.511589457717,12107.150874909363,0.0
1797.098987465365,15432.384760427029,13635.285772961663,49575.3844139251,51372.48340139047,0.0
4694.3235675168135,12187.58925889618,7493.265691379366,13612.376818523564,18306.70038604038,0.0
1192.1816630487554,16309.244071993047,15117.062408944292,43078.21421249782,44270.39587554657,0.0
454.98785724017023,10452.658066299779,9997.670209059608,11720.28722041295,12175.275077653121,0.0
2266.5077958457023,2613.807267974143,347.2994721284408,10809.42869352377,13075.936489369473,0.0
1526.9996917856938,4343.567757061217,2816.568065275523,7264.585598289081,8791.585290074774,0.0
3147.737268911849,16429.120724928765,13281.383456016916,29059.267136605675,32207.004405517524,0.0
2769.80531392246,4581.468478767067,1811.6631648446069,24403.007813483146,27172.813127405607,0.0
786.6284263682627,10345.773299377715,9559.144873009453,30615.564442019837,31402.192868388098,0.0
558.058688555547,19624.842900582607,19066.78421202706,35466.19263879837,36024.251327353915,0.0
944.6955231665257,16255.16789812587,15310.472374959345,31013.940855042143,31958.63637820867,0.0
992.1418127269471,10836.020614641426,9843.878801914478,37774.732850710745,38766.874663437695,0.0
1069.3524982577571,17590.208400287607,16520.85590202985,13584.730808462964,14654.08330672072,0.0
2079.5101731210348,4853.480320852538,2773.9701477315034,3615.528738639573,5695.038911760608,0.0
532.6575917358913,11750.703427359093,11218.045835623201,44934.65269010804,45467.31028184394,0.0
2445.463126391458,9371.659154690875,6926.196028299417,43748.85293120588,46194.31605759734,0.0
13.952818363301294,7193.872036756741,7179.91921839344,30036.98872251967,30050.94154088297,0.0
2641.860030253711,9381.578654124054,6739.718623870343,12204.728624630117,14846.588654883828,0.0
2422.044883554692,10176.279850053526,7754.234966498834,25488.842235175624,27910.887118730316,0.0
1054.1568738232675,9780.173385727414,8726.016511904147,17434.89476808183,18489.0516419051,0.0
4573.157099590866,7109.913560370017,2536.756460779151,34856.990697289155,39430.14779688002,0.0
3871.6726749078593,11931.592226224851,8059.9195513169925,4594.804603855313,8466.477278763172,0.0
600.972144984639,13219.14811590352,12618.175970918881,47770.708237304825,48371.680382289465,0.0
805.7873813985314,12109.436588951081,11303.64920755255,16638.18576678397,17443.9731481825,0.0
1794.6942438818185,13635.391723935554,11840.697480053735,29488.980038903923,31283.67428278574,0.0
780.0394282119576,8089.568063157057,7309.528634945099,11784.355716535472,12564.39514474743,0.0
1450.0165040908792,9116.147307775747,7666.130803684868,49930.57135187271,51380.58785596359,0.0
3505.547102752768,9472.001217874915,5966.454115122147,2452.678629389693,5958.22573214246,0.0
2608.737875791016,8332.235952405415,5723.4980766144,4973.079872609493,7581.817748400508,0.0
2630.4756699738414,11755.140186354523,9124.664516380682,22748.01586965055,25378.491539624392,0.0
2674.445317139281,6664.045314847465,3989.599997708184,35447.706171421094,38122.151488560376,0.0
794.5261872182059,18960.80434316082,18166.278155942615,2561.9770573212354,3356.5032445394413,0.0
1996.1891354474199,16057.14625806785,14060.957122620432,24184.022287893324,26180.211423340745,0.0
1524.508526131865,8265.87957983655,6741.3710537046845,34075.72677211689,35600.23529824876,0.0
3740.5853493576096,12022.863810130923,8282.278460773312,47292.22045313575,51032.805802493356,0.0
24965.233821484217,25010.39748995254,45.1636684683217,3396.7843772922547,28362.01819877647,1.0
281.38797185516495,3752.353036081646,3470.9650642264814,23718.63199873095,24000.019970586116,0.0
280.1738346040231,8428.072254157074,8147.898419553051,9038.495965045156,9318.66979964918,0.0
639.3823251168141,8344.07806682907,7704.695741712256,1240.4665021282901,1879.848827245104,0.0
415.82626466386694,4923.323495347156,4507.497230683289,48496.278678297174,48912.10494296104,0.0
787.2698178361688,9169.183270853855,8381.913453017685,31125.7934206358,31913.06323847197,0.0
9500.0,5801.284171155357,-3698.7158288446426,44726.062177496744,54226.062177496744,0.0
4323.128194874785,10336.210274446654,6013.082079571869,5501.062149573832,9824.190344448616,0.0
410.4243565216768,17932.474620518842,17522.050263997164,13972.121111794711,14382.545468316388,0.0
436.555100891286,16928.050083293714,16491.49498240243,571.6338336102023,1008.1889345014882,0.0
910.4057992925538,12273.225304833453,11362.8195055409,33321.33070744565,34231.736506738205,0.0
1392.3687551023984,4935.89127202403,3543.522516921631,24011.835673551333,25404.20442865373,0.0
4419.3516569069725,18344.419862555584,13925.068205648611,16092.331760066014,20511.683416972985,0.0
2383.355899376474,5095.809424229757,2712.4535248532825,47259.48805635033,49642.84395572681,0.0
1053.0091516908465,8109.651716887904,7056.642565197057,22007.210326896842,23060.21947858769,0.0
35488.30357297939,35562.73166690881,74.42809392941854,8631.873483680562,44120.17705665995,1.0
574.4790310802402,12723.241636093811,12148.762605013571,33802.80025066266,34377.2792817429,0.0
30709.784643988016,30801.26615890714,91.48151491912358,5638.17480575171,36347.95944973973,1.0
28041.45282842731,28077.765672711917,36.3128442846064,5550.852504728197,33592.305333155506,1.0
49978.092221049286,50072.01196433186,93.91974328257493,1040.1029772814074,51018.19519833069,1.0
698.0355170098412,4879.356461751071,4181.32094474123,2684.859396968714,3382.8949139785555,0.0
6741.664717753158,16181.956692306729,9440.291974553571,17747.098224462086,24488.762942215246,0.0
1307.3746085703826,17012.307536460034,15704.932927889651,8352.08906690763,9659.463675478013,0.0
2011.0207540195452,17265.082210858804,15254.06145683926,43042.751402172435,45053.77215619198,0.0
191.74906003761322,1979.497003868927,1787.747943831314,5171.758332438115,5363.507392475728,0.0
2749.3503887127013,15221.333903087414,12471.983514374713,10737.969998123603,13487.320386836303,0.0
824.9648142753084,9961.993887424445,9137.029073149137,18736.551126787992,19561.5159410633,0.0
1966.4181728043252,3636.775722959409,1670.3575501550838,35619.70142364608,37586.11959645041,0.0
1494.7956279175392,14608.924179956228,13114.128552038688,30105.091506367487,31599.887134285025,0.0
34355.11251490786,34448.47416683089,93.36165192303451,2849.6827757731157,37204.79529068097,1.0
1671.2870614114045,18761.6199605494,17090.332899137997,32874.7114992471,34545.99856065851,0.0
791.4099051033852,17228.839112301677,16437.429207198293,683.882555232207,1475.2924603355923,0.0
160.37837492673825,6545.663468242777,6385.285093316038,24217.145113606242,24377.52348853298,0.0
959.2718178613466,7189.358112963699,6230.086295102352,19932.964375920605,20892.23619378195,0.0
1309.8036830042165,12021.892214204732,10712.088531200516,6938.794205631538,8248.597888635755,0.0
2758.7144804286168,4253.616437398628,1494.9019569700108,8639.48259412316,11398.197074551776,0.0
6747.974504950287,2134.181102353685,-4613.793402596602,23676.982344944525,30424.956849894814,0.0
2933.3166523403834,11618.650708096187,8685.334055755804,15373.108651676304,18306.425304016688,0.0
538.5070869954404,2218.7737461204465,1680.266659125006,548.1826565771674,1086.6897435726078,0.0
51.04405730478545,609.8105985870477,558.7665412822622,1996.6094632804632,2047.6535205852485,0.0
439.97330378772955,9252.601630214058,8812.628326426327,40703.41436933404,41143.38767312177,0.0
1582.3908267671313,11593.967413971968,10011.576587204836,40551.08446461134,42133.47529137847,0.0
5527.902601784148,8650.385906270798,3122.48330448665,30434.37639414004,35962.278995924185,0.0
3001.609087680057,9239.13703069554,6237.527943015482,47662.74278604171,50664.35187372177,0.0
1896.4580877856865,10177.754947262474,8281.296859476788,12633.981386967453,14530.439474753139,0.0
36.341292828328925,5710.592961978445,5674.251669150116,49579.88877649926,49616.23006932759,0.0
3445.082910662892,14972.919677862084,11527.836767199193,15853.68846815291,19298.771378815803,0.0
6615.109958936734,11238.465621548496,4623.3556626117615,20010.954776940558,26626.06473587729,0.0
45879.49288883039,45933.98021725896,54.487328428571345,4814.936785493943,50694.42967432433,1.0
2057.604619605745,11044.929810360587,8987.325190754842,33923.177453858036,35980.78207346378,0.0
3365.369125322815,1286.3421745585388,-2079.026950764276,14865.029961281967,18230.399086604782,0.0
6107.35918769201,7032.667114175068,925.3079264830576,3634.195550131153,9741.554737823164,0.0
3236.231745193452,7663.140047906959,4426.9083027135075,7114.3109305467915,10350.542675740244,0.0
574.1543771272133,15451.982948597546,14877.828571470332,38683.96732396253,39258.121701089745,0.0
352.74550002481107,8133.854741513307,7781.109241488496,40446.36536088957,40799.11086091438,0.0
5972.3808307493355,3002.8235689865487,-2969.5572617627868,45048.17480193819,51020.55563268753,0.0
23.55134522896405,14237.625910027851,14214.074564798888,38741.38833273107,38764.939677960036,0.0
3913.713386326608,4213.911442085895,300.19805575928694,24637.444806466883,28551.15819279349,0.0
839.9284160453319,17880.011964141137,17040.083548095805,21868.064578130736,22707.992994176067,0.0
2047.8984087949855,18633.474381340464,16585.575972545477,47474.771586958086,49522.66999575307,0.0
24.36476001959194,10772.934737983061,10748.569977963469,19753.816269409628,19778.18102942922,0.0
451.9305084635853,1140.0972269751824,688.1667185115971,9879.229291415913,10331.159799879499,0.0
225.89109439286202,5430.672085869896,5204.780991477034,22780.126875083108,23006.017969475968,0.0
1925.4848699225731,16623.92301988056,14698.438149957987,13124.222735823838,15049.707605746411,0.0
1689.2751848263606,16184.246358894865,14494.971174068505,20594.914880496828,22284.19006532319,0.0
1207.6693005872435,10601.299303716136,9393.630003128892,16976.445956534662,18184.115257121906,0.0
677.1683160907346,1909.298325721354,1232.1300096306195,3098.5503489705134,3775.718665061248,0.0
2675.0720860313218,2655.5917430173204,-19.48034301400139,18181.38743855785,20856.459524589172,0.0
203.34896740472178,11339.480876879707,11136.131909474985,17144.604567448983,17347.953534853707,0.0
290.8703990557495,2125.891548490811,1835.0211494350617,1889.211090612314,2180.0814896680636,0.0
2424.954405754175,965.741730723284,-1459.2126750308908,37320.96164220525,39745.91604795942,0.0
695.1241685341903,6445.610925508739,5750.486756974548,22566.836257704865,23261.960426239057,0.0
581.8732437647944,2281.3882331093387,1699.5149893445441,26234.42060467387,26816.293848438665,0.0
4291.057132688894,3265.9657535312112,-1025.0913791576827,8483.054062835943,12774.111195524838,0.0
1214.5702305755585,9017.154801804734,7802.584571229176,26494.958790250377,27709.529020825936,0.0
243.177722913626,7370.023242078976,7126.84551916535,17129.938560905972,17373.1162838196,0.0
369.79375405542334,2705.562251783537,2335.7684977281133,12739.61778656521,13109.411540620633,0.0
2596.9828468404285,5860.465336013211,3263.482489172782,21305.00769904301,23901.99054588344,0.0
106.1301918206188,15778.279300464223,15672.149108643604,45561.71551573357,45667.84570755419,0.0
333.9605696223046,14800.549537275823,14466.588967653519,38040.377071553856,38374.337641176164,0.0
252.98199186234243,19115.993959141844,18863.0119672795,26199.65837323336,26452.640365095704,0.0
3641.7417231952913,9942.156217279013,6300.414494083721,20731.003119823894,24372.744843019187,0.0
4215.93820191668,13126.636013618181,8910.697811701502,49928.01242425343,54143.95062617011,0.0
140.13338543903262,14725.66772854055,14585.534343101517,19801.21731511731,19941.35070055634,0.0
47290.3099609491,47377.700684827614,87.39072387851775,2677.516655395417,49967.826616344515,1.0
44.62649584848536,15223.82998056669,15179.203484718204,20542.158874045486,20586.785369893973,0.0
36632.016857533585,36726.24297489944,94.22611736585532,5566.956708208532,42198.97356574212,1.0
4488.438228368265,4229.908735229243,-258.52949313902263,41002.96828731268,45491.406515680945,0.0
1444.0583100662554,1530.1203841120787,86.06207404582324,44639.79697949429,46083.855289560546,0.0
3802.470988526221,15787.451084858994,11984.980096332773,31175.390497811106,34977.86148633733,0.0
461.2933486386267,16688.456238491955,16227.162889853329,10261.696339015458,10722.989687654084,0.0
361.328637886097,11475.189625684756,11113.860987798658,15673.764496705078,16035.093134591176,0.0
900.0691660794565,8513.379770827143,7613.310604747687,44496.552794504896,45396.62196058435,0.0
1429.7523186771116,17114.944108191514,15685.191789514402,34091.65160164294,35521.40392032005,0.0
1713.0231612243638,14945.207409633113,13232.184248408748,31620.044756759824,33333.06791798419,0.0
135.20087752385032,5204.264552741543,5069.063675217693,22447.771873911875,22582.972751435726,0.0
24284.551491273996,24352.578054146852,68.02656287285572,4592.373913640909,28876.925404914906,1.0
3361.8143349759935,10094.033723925613,6732.219388949619,15900.485240714906,19262.2995756909,0.0
1396.0271532276165,11909.872388078931,10513.845234851315,24280.41589984235,25676.44305306997,0.0
256.49322333182624,3198.3819695674083,2941.888746235582,48466.50626758302,48722.999490914845,0.0
251.50023965821526,4875.468106096012,4623.967866437797,39429.08825542355,39680.58849508176,0.0
3385.0623755494407,18664.06254491906,15279.000169369618,44465.23619141092,47850.29856696036,0.0
593.5171261563438,19971.935728419758,19378.418602263413,37823.88394202062,38417.401068176965,0.0
89.44893251182512,7777.543697549974,7688.0947650381495,7632.64900003035,7722.097932542175,0.0
737.6925195779662,12760.06704699885,12022.374527420885,1812.6158757397425,2550.308395317709,0.0
625.4084119078702,19225.193990595297,18599.785578687428,49942.24135923156,50567.649771139426,0.0
143.00831413790925,2540.882361203977,2397.8740470660678,5696.909156399266,5839.917470537175,0.0
2782.035379456148,18908.804926478086,16126.769547021937,32986.576613037854,35768.611992494,0.0
147.69925389285405,9941.374127186446,9793.674873293592,49875.68728309479,50023.386536987644,0.0
4564.871852436246,8106.288282078751,3541.416429642505,13941.879178880417,18506.751031316664,0.0
3897.701664515891,3908.3409433805805,10.639278864689459,28708.099980479146,32605.801644995037,0.0
16436.94676983213,16474.22776875245,37.28099892031969,1937.1594227956034,18374.106192627736,1.0
1718.4813377363118,5985.048989284165,4266.5676515478535,1013.9986883709984,2732.48002610731,0.0
12736.561928537572,12761.612071007166,25.050142469593993,3374.7469503667303,16111.308878904303,1.0
1320.5635662165137,5310.424380007948,3989.860813791434,41251.94553116808,42572.509097384594,0.0
723.0463370161655,11178.433690784785,10455.38735376862,2123.545524420567,2846.5918614367324,0.0
421.7078822306674,5637.732191030041,5216.024308799373,21749.208958523148,22170.916840753816,0.0
885.7055923731125,4771.653874667724,3885.948282294612,745.5132077403947,1631.2188001135073,0.0
385.9359645019424,686.0096034981264,300.07363899618394,21100.262542286153,21486.198506788096,0.0
19238.045328874327,19274.21441000435,36.169081130025006,9805.921238047873,29043.9665669222,1.0
3382.8733539966343,8251.015852241242,4868.142498244608,34148.07967710324,37530.953031099874,0.0
295.3766216438141,6080.526980559192,5785.150358915378,30131.64606428174,30427.022685925553,0.0
359.94388683480327,3519.4322915944344,3159.488404759631,43172.15667551667,43532.10056235147,0.0
4144.086327474715,17044.145665394964,12900.05933792025,30107.715306322712,34251.801633797426,0.0
4000.8522800066207,6206.774404514453,2205.922124507832,1539.1551118820068,5540.007391888627,0.0
922.7196279414428,8659.765194921434,7737.045566979991,46595.13422103017,47517.85384897161,0.0
7091.353475526076,18695.707812788733,11604.354337262655,34949.255408724275,42040.60888425035,0.0
18694.789288431883,18703.155629437002,8.366341005119466,9059.87906258915,27754.668351021035,1.0
1521.2135981105798,11962.069762747853,10440.856164637273,22197.248016335947,23718.461614446525,0.0
689.6694301489164,12945.376093291923,12255.706663143006,13224.643667373926,13914.313097522843,0.0
2157.525478087829,18856.020659344584,16698.495181256756,24739.71774709367,26897.243225181497,0.0
821.9701596103332,19817.53337485749,18995.563215247155,39393.2359792772,40215.20613888753,0.0
49154.04287466449,49186.73075364102,32.687878976532375,7154.509636491239,56308.55251115573,1.0
6516.831249001762,4935.240954263592,-1581.59029473817,28063.77574281061,34580.60699181237,0.0
149.62885926925267,6600.470246110529,6450.841386841276,23839.76119501916,23989.390054288415,0.0
7030.330315879624,14329.023723990891,7298.693408111267,36392.79340250734,43423.12371838697,0.0
197.21278744357392,910.2195979791384,713.0068105355645,27250.420786197028,27447.633573640604,0.0
1490.862172380171,9623.059074194838,8132.196901814667,18561.382387871527,20052.244560251696,0.0
22423.361264856016,22472.81988997628,49.458625120263605,8434.824928142858,30858.186192998874,1.0
259.95791904280105,5381.995226631681,5122.03730758888,42571.93481655572,42831.892735598514,0.0
6813.153637805498,1461.3434169788138,-5351.810220826685,5827.230499931629,12640.384137737128,0.0
3526.992501954175,10643.124348975716,7116.131847021541,47745.395446750175,51272.38794870435,0.0
80.8500327954063,11213.530725188808,11132.680692393402,5688.123124032591,5768.973156827997,0.0
80.51833273152043,13190.372256514585,13109.853923783065,6834.753724451814,6915.272057183335,0.0
136.91143620456035,4847.525166876195,4710.613730671635,14547.921525898084,14684.832962102644,0.0
905.962231021837,17871.226891647853,16965.264660626017,43559.352317515884,44465.314548537724,0.0
598.4072929120996,18763.02942733112,18164.62213441902,34443.324221277806,35041.73151418991,0.0
3035.1909864478603,14323.550121905857,11288.359135457997,34478.22055259825,37513.41153904611,0.0
3498.1435983227507,6458.740956892601,2960.5973585698507,10837.885566099249,14336.029164422,0.0
957.364112895157,18972.484535120762,18015.120422225606,33975.40113682777,34932.76524972293,0.0
966.2215986557369,12639.666314014492,11673.444715358755,42937.56295954459,43903.78455820033,0.0
2087.2112369509678,14257.184712725166,12169.973475774197,5053.824618587133,7141.035855538101,0.0
1170.5011099140665,13731.673157654133,12561.172047740067,36199.769207236895,37370.270317150964,0.0
2306.016037643558,8439.887902678067,6133.871865034509,1451.9391329887221,3757.95517063228,0.0
542.2617517608701,4592.361206942863,4050.0994551819927,36919.581846802874,37461.84359856374,0.0
835.0307818644346,1884.9790691618693,1049.9482872974347,19563.842770347277,20398.873552211713,0.0
425.3791345688852,15910.068126863029,15484.688992294143,43842.39991257282,44267.77904714171,0.0
3502.66511504666,5328.817039893054,1826.1519248463942,9783.314781267121,13285.979896313782,0.0
1465.3810670480857,8932.524750971808,7467.143683923723,20753.906450389954,22219.28751743804,0.0
34596.398140598205,34674.827611077075,78.42947047886992,381.316140914727,34977.714281512934,1.0
1123.0340328371808,16644.536613633594,15521.502580796414,45851.08559402783,46974.11962686501,0.0
542.6663446716116,9746.079944642053,9203.413599970441,45069.99706146166,45612.66340613327,0.0
2856.649363428756,19860.22656779852,17003.577204369765,12203.172552146263,15059.82191557502,0.0
724.6460494479172,10098.215574105603,9373.569524657685,44505.273672135205,45229.91972158312,0.0
3228.2851394126924,7626.303950738835,4398.018811326143,28961.05947855534,32189.344617968032,0.0
400.4060065805455,3022.9220308506674,2622.5160242701218,39493.40536898714,39893.81137556769,0.0
2149.9495281099958,6106.468387983301,3956.5188598733052,5344.168754351569,7494.118282461564,0.0
4490.5050136962645,11781.996679447411,7291.491665751147,39798.66217761506,44289.167191311324,0.0
20408.508101974723,20491.9530977095,83.44499573477515,9447.090508254123,29855.598610228844,1.0
3419.218429222009,18942.64169630377,15523.423267081762,30068.38134950332,33487.59977872533,0.0
3351.1508065653543,1916.9789578325558,-1434.1718487327985,13332.809606625224,16683.96041319058,0.0
15884.259451235714,15911.639250375905,27.379799140191608,2548.176236443814,18432.43568767953,1.0
299.9536412328516,18248.82442082158,17948.870779588728,7703.786623654174,8003.740264887026,0.0
432.88836412282717,574.6906647562902,141.802300633463,32219.808114093285,32652.696478216112,0.0
355.9468558803035,12922.427293320736,12566.480437440432,46310.70526992844,46666.652125808745,0.0
9232.228930835943,17837.827436685136,8605.598505849193,9466.687674853525,18698.91660568947,0.0
12315.065758865327,12366.217272473648,51.15151360832169,3779.8811620996166,16094.946920964943,1.0
786.9598386292707,13132.822252860416,12345.862414231146,43544.528501333334,44331.488339962605,0.0
163.4103371673398,12493.860203286611,12330.449866119272,14063.00101902373,14226.411356191069,0.0
79.43274665532945,724.7572740332125,645.3245273778831,34499.55981771531,34578.99256437064,0.0
1469.2208483720754,5520.844721603151,4051.623873231076,14825.078551196952,16294.299399569027,0.0
8612.391544339625,2560.1817362541487,-6052.209808085477,2398.377928973794,11010.76947331342,0.0
65.96280417710608,9026.992140770042,8961.029336592936,43824.280654368275,43890.24345854538,0.0
27265.6767184877,27299.641902989395,33.96518450169606,4523.141747634776,31788.818466122473,1.0
2615.027202630076,1105.8285397668983,-1509.1986628631776,47339.55861408103,49954.5858167111,0.0
1153.1425935417963,11397.396983615998,10244.254390074202,43817.60565135958,44970.74824490138,0.0
1452.5822384607125,9801.176156044248,8348.593917583536,45401.743816786075,46854.326055246784,0.0
968.4935922987208,5064.1266128412335,4095.633020542513,5278.7821109731685,6247.275703271889,0.0
243.96654428827088,15219.13543806546,14975.168893777189,44137.10381035402,44381.07035464229,0.0
4654.848231963549,19706.117614609087,15051.26938264554,40557.81307937528,45212.66131133883,0.0
764.131150929663,6798.085300594256,6033.954149664593,37083.044435904434,37847.1755868341,0.0
601.3207589087683,13889.683255403726,13288.362496494958,39909.14947874215,40510.470237650916,0.0
1311.5983237872229,13158.502314202018,11846.903990414796,1051.2403609801102,2362.838684767333,0.0
5300.770189919911,3312.6804118030186,-1988.0897781168924,21972.411164646015,27273.181354565924,0.0
1959.6011545043716,19724.239588013283,17764.63843350891,38719.92685086278,40679.52800536715,0.0
1957.5986077146615,13890.232928620524,11932.634320905863,768.3125367361654,2725.911144450827,0.0
689.1001068077179,12326.988393802769,11637.88828699505,30642.76807826594,31331.868185073658,0.0
2536.948823692528,6254.622773593563,3717.6739499010346,41981.4693784496,44518.41820214213,0.0
1850.303785007891,12075.40561670508,10225.10183169719,1946.6853644685589,3796.9891494764497,0.0
996.7849941714344,19637.71778597949,18640.932791808056,33709.96874714303,34706.75374131447,0.0
1571.3964555638556,12131.254262107072,10559.857806543216,27261.78591627872,28833.182371842577,0.0
757.3720829147271,13684.764877728414,12927.392794813686,17358.341983714632,18115.71406662936,0.0
283.7463837159826,10578.316970822734,10294.570587106751,20777.976606165827,21061.722989881808,0.0
4021.347135269835,3333.0771900428394,-688.2699452269953,1299.1146862890157,5320.461821558851,0.0
2541.319689494188,9985.626549266553,7444.306859772365,5702.5148852699385,8243.834574764127,0.0
1771.454534529418,2557.5161048234213,786.0615702940033,35093.12134121079,36864.57587574021,0.0
193.16935264161353,5513.810827974543,5320.641475332929,14410.879147793348,14604.048500434961,0.0
936.5575857042948,8418.601584915534,7482.043999211239,175.54254553253102,1112.1001312368257,0.0
2179.331846185357,15930.558929097004,13751.227082911646,19535.872112731206,21715.20395891656,0.0
477.375250497894,12888.80526081226,12411.430010314365,16632.829991044575,17110.20524154247,0.0
1050.9791352144925,16683.822067642646,15632.842932428153,14044.163653379986,15095.14278859448,0.0
4654.022664495011,5633.3004091956145,979.2777447006038,40710.5449191434,45364.56758363841,0.0
1198.7285926072352,12778.830107554457,11580.101514947222,38819.568432636304,40018.29702524354,0.0
216.43577162810854,11755.395055239947,11538.959283611839,17260.201551989212,17476.63732361732,0.0
92.54587730624557,2571.169637974896,2478.6237606686504,32347.33541686527,32439.881294171515,0.0
4255.502339802167,12474.769390526182,8219.267050724015,26755.33900003017,31010.841339832336,0.0
191.45122109695052,10758.83325840507,10567.38203730812,7698.706487191454,7890.157708288404,0.0
126.83039022147821,5962.615316119905,5835.784925898427,3039.058431470171,3165.8888216916494,0.0
48119.72826519804,48137.49024714356,17.761981945521256,4243.767670138782,52363.495935336825,1.0
27535.44453806195,27576.077285366624,40.6327473046731,3006.2055985564207,30541.650136618373,1.0
822.9581380848579,15979.800286898018,15156.84214881316,41790.3184808918,42613.27661897666,0.0
2178.324774580482,8973.353784437659,6795.029009857177,8359.79272736342,10538.117501943902,0.0
8990.93565423557,11722.644230839418,2731.708576603847,1251.2550781933307,10242.190732428902,0.0
115.90086213185155,19540.9023239905,19425.00146185865,1011.8116319975223,1127.712494129374,0.0
3793.9116164693696,10063.757386351024,6269.845769881655,37476.33044039549,41270.24205686486,0.0
1847.3502413695446,6081.37399117989,4234.023749810345,49298.597197517185,51145.94743888673,0.0
697.5521363443206,8027.993245210798,7330.441108866477,34951.37070210475,35648.92283844907,0.0
684.2806077741142,19416.451905000784,18732.17129722667,13144.0350994663,13828.315707240414,0.0
5656.377740795594,7322.303037338331,1665.9252965427368,19757.45542488184,25413.83316567743,0.0
2839.6069509625413,2097.7995612438494,-741.8073897186919,26616.53012935513,29456.137080317672,0.0
232.76004659411555,1570.6453727600995,1337.885326165984,20991.939117753835,21224.69916434795,0.0
2863.600759171052,9576.995962574138,6713.395203403086,7.887228902836441,2871.487988073888,0.0
1231.6332441827726,16563.017007289844,15331.383763107071,20442.18308625341,21673.816330436184,0.0
863.4957821673652,8926.266617637622,8062.770835470257,17115.364241375984,17978.860023543348,0.0
5305.112096441561,6380.943962534255,1075.8318660926934,1877.8034870094773,7182.915583451038,0.0
1500.1863849741453,4533.323657023866,3033.1372720497207,37387.2910466314,38887.47743160554,0.0
1605.508238042975,18888.164289387147,17282.656051344173,28785.965266560215,30391.47350460319,0.0
2238.2368186639583,10825.90549293792,8587.668674273962,39290.023259398724,41528.26007806268,0.0
220.13158695666166,6753.887217193731,6533.755630237069,46201.72462151273,46421.85620846939,0.0
5458.442943068541,18340.279927369327,12881.836984300786,4878.9584788134725,10337.401421882014,0.0
626.2828971717277,19043.35636138377,18417.07346421204,5613.637916445479,6239.920813617207,0.0
519.2955419278339,7932.364199677344,7413.06865774951,27551.56763400785,28070.863175935683,0.0
15691.99824861425,15715.276217057999,23.27796844374825,7957.277149698383,23649.275398312635,1.0
195.20501797971207,1271.3713779709562,1076.1663599912442,43544.58952339031,43739.79454137002,0.0
226.72267708132676,4092.8487056671474,3866.1260285858207,18201.373460728315,18428.09613780964,0.0
27690.157382605335,27729.35549389603,39.198111290694214,4637.87455755353,32328.031940158864,1.0
1051.7192889302837,5934.539160606253,4882.819871675969,23893.85385613653,24945.573145066814,0.0
6089.288491029815,4378.877867875882,-1710.4106231539336,9226.752536832206,15316.041027862022,0.0
13896.491989792263,13964.994984719182,68.5029949269192,6533.399244188108,20429.891233980372,1.0
2150.032410683037,9600.321538701852,7450.289128018814,41846.2164954646,43996.24890614764,0.0
4373.237328441603,5211.2248904973785,837.9875620557759,41932.85772462286,46306.09505306446,0.0
493.6277136002178,6922.393722874116,6428.766009273898,9345.598239528796,9839.225953129013,0.0
573.4776459665967,2579.160569263659,2005.6829232970622,11130.181827061886,11703.659473028483,0.0
7058.735170451548,5731.3823988443555,-1327.3527716071922,32055.973252598968,39114.70842305051,0.0
1375.3185569276945,11843.569785732796,10468.251228805102,46231.14089212643,47606.45944905413,0.0
786.3933938392205,5214.407895853791,4428.014502014571,18114.64991582431,18901.04330966353,0.0
2236.153787377161,10593.959245943974,8357.805458566812,29275.702124053983,31511.855911431143,0.0
1278.1322667526197,2824.6036353911804,1546.4713686385608,11350.06496692103,12628.19723367365,0.0
1098.541158774451,2718.3581966887136,1619.8170379142625,2798.277863100351,3896.8190218748023,0.0
6430.903523012014,15957.716412724652,9526.812889712637,34681.742036382406,41112.64555939442,0.0
70.57108699065301,18158.85168267608,18088.280595685424,2648.6453023050417,2719.2163892956946,0.0
146.19961320134337,12942.80815303082,12796.608539829478,10968.403253263503,11114.602866464846,0.0
1837.146698423506,6854.857796176034,5017.711097752528,14124.941842367023,15962.08854079053,0.0
2782.0280581350166,2059.6584145367187,-722.3696435982979,41393.51897530869,44175.547033443705,0.0
3683.3396900686166,14136.601962528423,10453.262272459806,11558.794156869712,15242.133846938328,0.0
6765.585882081083,6869.127162086171,103.54128000508808,36095.4786996152,42861.064581696286,0.0
1138.3908344384663,892.3735761349437,-246.01725830352257,36092.65802665562,37231.04886109409,0.0
942.8517928431852,17685.30213947479,16742.450346631602,511.6928204378757,1454.544613281061,0.0
42196.22918114661,42286.45997849082,90.23079734420753,5480.330722215929,47676.55990336254,1.0
1337.5612173375064,13010.803784246187,11673.24256690868,46500.33599165831,47837.89720899581,0.0
6020.242861835042,9731.995357812917,3711.752495977875,16645.604811570163,22665.847673405206,0.0
1079.7998238785835,2216.117536473319,1136.3177125947354,33953.454948848426,35033.25477272701,0.0
1775.1744011429362,11641.120804835004,9865.946403692067,38111.628102209645,39886.80250335258,0.0
32431.295352039386,32526.119805611634,94.82445357224788,8467.00723350401,40898.302585543395,1.0
498.492443961226,9738.579204031246,9240.08676007002,6578.535593946311,7077.028037907537,0.0
635.7529434578657,14785.947635187775,14150.194691729908,9602.099677950204,10237.85262140807,0.0
33068.71748098421,33130.60971660768,61.89223562346888,4396.172300088649,37464.88978107286,1.0
4576.587498444517,11304.13847747411,6727.550979029592,28013.50377984865,32590.091278293166,0.0
6888.8182995067555,14994.991814530305,8106.17351502355,15906.626566674542,22795.444866181297,0.0
25.962728569670773,2959.647832767421,2933.68510419775,41624.473720972426,41650.436449542096,0.0
334.2257695870137,18903.44445313428,18569.218683547268,32788.86508920901,33123.09085879602,0.0
3216.710641753563,15171.84784752961,11955.137205776047,7517.293736588326,10734.00437834189,0.0
2048.168102151613,10743.706156789067,8695.538054637454,31292.3333025305,33340.501404682116,0.0
529.2492139763533,11056.039962674711,10526.790748698359,23033.18723553519,23562.436449511544,0.0
141.2147254082204,14947.222531078716,14806.007805670495,16742.84754994906,16884.06227535728,0.0
12873.754616027754,12967.614647607226,93.86003157947198,292.9370500537065,13166.69166608146,1.0
3034.0066119482235,10440.262804566992,7406.256192618768,27902.448781474377,30936.4553934226,0.0
139.9969312954665,15089.155081059575,14949.158149764107,6268.944205409382,6408.941136704849,0.0
118.75191561676161,13191.145034541898,13072.393118925136,34748.26344093195,34867.01535654871,0.0
47.844919863147986,18440.744200126526,18392.899280263377,32357.97805634787,32405.82297621102,0.0
508.34133448117257,7837.056921943228,7328.715587462056,10474.311135979986,10982.652470461158,0.0
627.1257420216655,8270.789561677617,7643.663819655952,49545.87373972562,50172.99948174728,0.0
507.899734616049,15245.74856508222,14737.848830466171,28519.36626837654,29027.26600299259,0.0
2546.1923439833895,16548.569701715227,14002.377357731837,39708.13544188048,42254.32778586387,0.0
5516.762410803933,8783.48653596253,3266.7241251585965,15269.074098423185,20785.83650922712,0.0
3975.5024493082415,19888.61572234065,15913.11327303241,46386.613989150195,50362.11643845843,0.0
2023.4591018550989,11763.455072424107,9739.995970569009,30877.865660480926,32901.32476233602,0.0
243.8130126825958,3436.913584836123,3193.100572153527,22664.98693232714,22908.799945009738,0.0
1660.565681903547,2810.003249342396,1149.4375674388489,4195.1270914099005,5855.692773313447,0.0
141.79088025243024,2929.977050296663,2788.1861700442328,37915.285675664665,38057.0765559171,0.0
756.434777625117,5783.782553488781,5027.347775863664,8521.6600939998,9278.094871624919,0.0
1825.40930518779,7280.887793406654,5455.478488218864,22825.58783608951,24650.9971412773,0.0
200.82403458225158,11422.261668682293,11221.43763410004,24772.95964514722,24973.783679729473,0.0
3607.289588492594,19700.762313021372,16093.47272452878,6280.635176015104,9887.924764507698,0.0
30189.520781033818,30201.311412215848,11.790631182029756,9095.385699133887,39284.9064801677,1.0
1707.9824391296545,18421.24640205909,16713.263962929435,11338.477667538327,13046.460106667982,0.0
581.5388055631174,2986.2446701037215,2404.705864540604,24425.91769654131,25007.456502104425,0.0
29054.10852119165,29136.326811773324,82.2182905816735,7285.652116332708,36339.760637524356,1.0
2597.8059576357778,16578.08286109862,13980.276903462844,43580.84231644251,46178.64827407829,0.0
299.8915980928901,4234.6657799778895,3934.7741818849995,42380.56871078246,42680.46030887535,0.0
4889.231923673273,15710.937697280848,10821.705773607575,4431.648737479038,9320.88066115231,0.0
3371.245360764361,10361.974817931165,6990.7294571668035,15484.028217572793,18855.273578337154,0.0
443.0788810117719,14942.939830799207,14499.860949787435,40368.54698962447,40811.62587063624,0.0
263.1438371228678,13895.084627098899,13631.94078997603,1907.68029676886,2170.824133891728,0.0
252.73501897861394,2211.571825407091,1958.8368064284773,37080.44169716691,37333.17671614553,0.0
365.5247785135971,4516.769591675227,4151.24481316163,28000.199461445918,28365.724239959516,0.0
833.4673418615063,14501.27647347653,13667.809131615024,2560.3174595164537,3393.78480137796,0.0
797.2320642009996,14179.232478570737,13382.000414369737,27691.80412511103,28489.036189312028,0.0
4794.50641257849,3703.273764390597,-1091.2326481878931,49068.85521630974,53863.36162888823,0.0
38767.312945614685,38831.68699145241,64.3740458377215,4317.675381985579,43084.988327600266,1.0
12332.732410614566,12411.124103499222,78.39169288465564,4720.0748211732935,17052.80723178786,1.0
1045.4809461012621,16678.054204382104,15632.573258280841,32146.560408038,33192.04135413926,0.0
80.45020241075818,10286.455854977823,10206.005652567064,12683.472956084823,12763.923158495581,0.0
18873.1835337687,18941.94404386808,68.76051009937873,407.73274341371456,19280.916277182416,1.0
353.29061038668846,15530.883172454263,15177.592562067575,40856.364108507245,41209.65471889394,0.0
1960.9871499531323,18490.161895663103,16529.17474570997,18433.871192457234,20394.858342410367,0.0
16895.18380902752,16958.38201832585,63.19820929833077,9558.117431743745,26453.301240771267,1.0
1133.0215820164997,15035.25591326002,13902.23433124352,24775.458866531913,25908.480448548413,0.0
1803.4482604314715,16769.33351711327,14965.8852566818,26709.49459043096,28512.942850862433,0.0
1339.8034712596925,6061.138622195932,4721.335150936239,12434.590473556756,13774.39394481645,0.0
1562.8082899075898,8976.223892171169,7413.415602263579,46838.69747615009,48401.50576605768,0.0
1744.4108646499012,4701.526691876736,2957.1158272268344,13731.843990849145,15476.254855499046,0.0
3096.4218443843693,13399.724320850411,10303.302476466042,36136.36390223136,39232.78574661573,0.0
1284.6086116333793,19377.41380673873,18092.80519510535,28272.174978267132,29556.78358990051,0.0
1833.838909455822,6221.098673868078,4387.259764412256,38451.16193913239,40285.00084858821,0.0
3535.5406390448097,18127.08477120284,14591.544132158031,26753.68748896073,30289.22812800554,0.0
3711.3120927748614,1101.08006463772,-2610.2320281371412,44864.13360677609,48575.44569955095,0.0
362.4399522301358,7322.961541124274,6960.521588894138,21938.111032581488,22300.550984811623,0.0
1071.669872654698,12959.778928479049,11888.10905582435,29127.691852099702,30199.3617247544,0.0
1854.4977053136843,16689.878759237006,14835.381053923322,39505.47561335473,41359.97331866841,0.0
7681.775244505231,9634.994123198187,1953.2188786929555,9973.134341652602,17654.90958615783,0.0
1442.4944870901518,12686.403522952724,11243.909035862573,26395.491397196212,27837.985884286365,0.0
47.09400636142302,7170.35397582233,7123.259969460906,25653.4711431719,25700.565149533322,0.0
3724.3541128698675,18895.46732484269,15171.113211972825,6143.778994707633,9868.1331075775,0.0
4605.6327074257115,19125.915629323583,14520.282921897871,42429.38285154391,47035.01555896962,0.0
1416.969925289397,13826.873595566774,12409.903670277377,47754.9278082843,49171.8977335737,0.0
968.4743405698264,13021.149582997661,12052.675242427835,9810.782558514764,10779.25689908459,0.0
41720.31618134192,41762.17669990911,41.86051856719132,9364.464228117573,51084.78040945949,1.0
938.768009310123,9273.901648242763,8335.13363893264,26049.569432467855,26988.337441777978,0.0
6495.34733191931,949.4182239288444,-5545.929107990465,12604.932978114997,19100.280310034308,0.0
131.51246430506302,13536.660554722714,13405.148090417651,1658.7078877886906,1790.2203520937537,0.0
3045.519884508178,3318.0468661855302,272.52698167735207,23126.699268915025,26172.219153423204,0.0
865.3213169686854,8480.366688815247,7615.045371846562,33051.35291171836,33916.67422868704,0.0
2100.793678649239,18113.835633658826,16013.041955009587,29950.631855730615,32051.425534379854,0.0
4154.115533208341,10513.598401464515,6359.482868256174,1154.274027588509,5308.38956079685,0.0
298.9201321350331,6577.231874765654,6278.311742630621,38838.413567503645,39137.33369963868,0.0
326.0190198689594,13056.205162821412,12730.186142952452,35296.830885580996,35622.849905449955,0.0
918.8308494395579,10541.086422783106,9622.255573343547,4190.421674358214,5109.252523797772,0.0
381.1011659453449,3301.9086910921483,2920.8075251468035,18663.08660146344,19044.187767408785,0.0
3653.9407060259396,18241.560996225176,14587.620290199236,18713.22339253671,22367.16409856265,0.0
170.18990307420444,1158.8884434908484,988.6985404166439,43370.20566122838,43540.395564302584,0.0
3126.15658285647,748.9258170989986,-2377.230765757471,18716.80768483698,21842.96426769345,0.0
4225.885920281707,5535.422858569668,1309.5369382879617,30901.876233847852,35127.76215412956,0.0
3222.444084318504,10968.753356801059,7746.309272482555,8355.004388281695,11577.4484726002,0.0
1693.8114009570274,8653.566195975643,6959.754795018616,27867.25323582334,29561.064636780367,0.0
46905.90805310567,46989.59839763733,83.69034453166387,9962.420986170206,56868.32903927587,1.0
690.3714639934428,9943.190863139647,9252.819399146205,43877.277127973655,44567.648591967096,0.0
3224.7514382215186,17427.914117407727,14203.162679186207,2116.7472951246045,5341.498733346123,0.0
207.15898238867896,6671.141289199222,6463.982306810543,5266.694712248215,5473.853694636894,0.0
2069.8402744452833,11085.406799514456,9015.566525069173,20544.995249590327,22614.83552403561,0.0
1764.889218217108,13425.76585887598,11660.876640658873,16946.810996851313,18711.70021506842,0.0
1409.9888815863546,19326.248374712115,17916.25949312576,40966.68761494305,42376.676496529406,0.0
1697.8388461896127,19783.076386682096,18085.237540492482,41317.960508750206,43015.799354939816,0.0
581.3491448292308,6876.631985673991,6295.28284084476,6000.137480844403,6581.486625673634,0.0
28281.135305218493,28318.7518162616,37.616511043106584,2802.653001744283,31083.788306962775,1.0
411.8390253811239,4285.511023696457,3873.6719983153334,7091.441434383744,7503.280459764868,0.0
118.93142557536306,12013.309010603882,11894.377585028518,1233.1844149005399,1352.115840475903,0.0
930.9820694561635,10650.150406009532,9719.168336553368,2609.249598318142,3540.2316677743056,0.0
1491.7890939441738,19766.27226027572,18274.483166331545,38757.303886429734,40249.092980373905,0.0
1750.5489955395312,727.0755403103763,-1023.473455229155,1749.093675807678,3499.642671347209,0.0
49732.29008893226,49743.63613908474,11.346050152475073,6286.8433342460485,56019.13342317831,1.0
302.40061536884815,17352.496744100365,17050.096128731515,16309.253063895463,16611.653679264313,0.0
745.921391506905,11315.099578617328,10569.178187110423,48570.09243043231,49316.01382193922,0.0
460.9437007411471,1431.7366112874047,970.7929105462576,5981.521975803516,6442.465676544663,0.0
366.6227067879234,10979.630302696236,10613.007595908313,27913.82622019579,28280.448926983714,0.0
26.634186152748892,5411.140565741325,5384.506379588576,25062.023871267662,25088.65805742041,0.0
9843.683489379442,9878.960335965137,35.27684658569524,9981.74737892465,19825.430868304094,1.0
1371.307540439471,7870.382935005041,6499.07539456557,1641.77145419388,3013.0789946333507,0.0
131.33613160956577,5176.48906802851,5045.152936418944,24851.182388860332,24982.518520469897,0.0
1011.6501686837389,11503.87076106169,10492.220592377951,32869.65197473316,33881.3021434169,0.0
3957.8986565922805,16356.269087393646,12398.370430801366,26255.119907112203,30213.018563704485,0.0
1661.2897333471885,11640.740300945503,9979.450567598315,9584.963558081721,11246.25329142891,0.0
2021.730619852085,6921.764910908833,4900.034291056749,32807.48572515827,34829.216345010354,0.0
1892.7417477995973,13505.085225444274,11612.343477644677,8852.16472641987,10744.906474219466,0.0
565.7925075170632,13485.969738569052,12920.17723105199,43502.75965546414,44068.55216298121,0.0
861.3746215431589,14648.58082741899,13787.206205875831,35975.08275238829,36836.45737393145,0.0
949.1134416342683,1325.5226041069152,376.4091624726469,4862.71079277662,5811.8242344108885,0.0
1800.6425275232357,513.9787447783058,-1286.66378274493,47621.03473767281,49421.67726519604,0.0
934.0086422926958,9110.172133156693,8176.163490863997,8598.520092177148,9532.528734469844,0.0
35640.3942439316,35649.142204506694,8.747960575092293,4598.22430909179,40238.61855302339,1.0
2140.227503807789,15571.041759446136,13430.814255638346,39532.97630228054,41673.20380608833,0.0
3033.0385915848974,4084.351344895392,1051.3127533104944,43488.42840069629,46521.46699228119,0.0
317.27673493772164,8098.319734618251,7781.042999680529,18466.508440982238,18783.78517591996,0.0
3662.6845470288836,19533.52748321412,15870.842936185236,5315.291065647571,8977.975612676455,0.0
2095.7755621064075,4034.3799832552627,1938.6044211488552,3115.8862524592823,5211.66181456569,0.0
483.99122648809464,17077.58832635822,16593.597099870123,33418.035105869705,33902.0263323578,0.0
329.80790310889284,2421.6636025523767,2091.855699443484,42813.38267620406,43143.190579312955,0.0
1398.8636655681364,8444.402796421302,7045.539130853165,25455.68462444396,26854.548290012095,0.0
399.078430580872,19426.17998623353,19027.101555652654,44702.73063510723,45101.8090656881,0.0
18351.212691582798,18439.247511167996,88.03481958519842,9083.82547371264,27435.03816529544,1.0
3024.481515145593,4364.829535222529,1340.3480200769354,36567.25475926358,39591.73627440917,0.0
470.6607129365835,14985.019280904884,14514.3585679683,26091.65242474249,26562.313137679073,0.0
1721.3458868909274,16504.34889590674,14783.003009015812,22486.365416189095,24207.711303080025,0.0
2115.3981778411535,11534.109854508102,9418.71167666695,2774.1971033955315,4889.595281236685,0.0
38230.32518267071,38272.71097208764,42.385789416926855,7147.222018094264,45377.54720076498,1.0
328.4108531283636,13442.237339061992,13113.826485933629,8591.72784584581,8920.138698974173,0.0
731.9027259094274,3825.3425931786182,3093.439867269191,3193.7891930944206,3925.691919003848,0.0
44688.45544794714,44741.937264441454,53.481816494313534,5844.69931644613,50533.15476439327,1.0
1559.0422672726518,13895.572607016047,12336.530339743396,43233.88762928252,44792.92989655517,0.0
39305.86166979051,39352.572039021936,46.71036923142674,822.0158948193368,40127.877564609844,1.0
53.44163373302273,15629.606462159014,15576.164828425992,24706.28705706353,24759.728690796554,0.0
28530.541275678304,28570.366916594005,39.825640915700205,2478.7557232395075,31009.296998917813,1.0
3392.1653256961395,5688.976686477517,2296.811360781378,24320.454949554325,27712.620275250465,0.0
1690.7781841380115,6745.825478686479,5055.047294548467,19975.323763028213,21666.101947166226,0.0
1408.451687456386,8557.292336654555,7148.840649198169,10822.154170583575,12230.605858039962,0.0
7008.223472904364,17611.040213764016,10602.816740859653,21150.72231208813,28158.945784992495,0.0
3847.776381785572,8592.456288229707,4744.679906444135,33270.2396319127,37118.016013698274,0.0
282.47062022898547,2777.680100812064,2495.209480583079,19175.451224636952,19457.921844865938,0.0
351.96504213663667,18672.910723260255,18320.94568112362,37519.44635453508,37871.41139667172,0.0
44566.57975450766,44606.75427505015,40.174520542495884,8600.167529095454,53166.74728360311,1.0
3401.391806038957,9214.046806408558,5812.655000369601,23690.421748006935,27091.81355404589,0.0
1795.0094426195212,14658.654603935085,12863.645161315564,32695.057318462867,34490.06676108239,0.0
1156.602923894953,6875.370954966552,5718.768031071599,47827.44543646032,48984.04836035528,0.0
753.6582709810525,13442.8200335318,12689.161762550748,13367.235607942668,14120.89387892372,0.0
571.3392370976759,18844.641755071993,18273.302517974316,35251.72611316664,35823.06535026431,0.0
1059.3288935422117,2524.868029163088,1465.5391356208763,33921.33335043684,34980.66224397905,0.0
1726.8280532188694,9476.929776129124,7750.1017229102545,5449.9994931488045,7176.827546367674,0.0
1695.455122917173,10262.080880511654,8566.62575759448,22795.796851105686,24491.25197402286,0.0
4138.168226475087,11116.995976908787,6978.8277504337,16359.580291445647,20497.748517920736,0.0
110.66715366031704,13915.275382314825,13804.608228654508,21686.35313230081,21797.020285961127,0.0
300.46905745467734,8990.228306295154,8689.759248840477,1426.0012419324119,1726.4702993870892,0.0
601.9533891974343,2999.667419804004,2397.71403060657,8660.181537995604,9262.134927193038,0.0
393.3554189035707,9974.769320697456,9581.413901793885,34727.0987018637,35120.454120767274,0.0
5930.534442304407,13494.942441550918,7564.407999246511,24758.579612333313,30689.11405463772,0.0
1550.847028800099,12074.71746107881,10523.87043227871,28721.424150157225,30272.271178957322,0.0
150.41044461339573,10267.093814847183,10116.683370233788,44745.53212823329,44895.94257284668,0.0
2450.8832161549785,19727.54459983038,17276.6613836754,9966.19294752869,12417.076163683669,0.0
2099.4381497756003,6988.2247919523925,4888.786642176792,41509.148330884695,43608.58648066029,0.0
1547.421172007841,13137.991481590892,11590.57030958305,3716.543617679008,5263.964789686849,0.0
1968.1775008471277,12330.965938415075,10362.788437567946,38665.20200571877,40633.3795065659,0.0
4969.059101986354,19748.451675520275,14779.392573533922,25037.7637370493,30006.822839035653,0.0
3061.7434754394035,1772.896772546046,-1288.8467028933576,42270.960085038496,45332.7035604779,0.0
60.86396183994254,11461.822699637907,11400.958737797964,25389.20934755605,25450.073309395993,0.0
4931.637556142718,15720.175153761924,10788.537597619206,30929.848075055073,35861.48563119779,0.0
66.13382669997142,16049.700801862455,15983.566975162483,17557.184527840604,17623.318354540574,0.0
7229.533665998486,9160.203600920426,1930.6699349219398,41556.7382701848,48786.271936183286,0.0
1970.1699841706043,12384.621385649129,10414.451401478524,39642.2266918561,41612.39667602671,0.0
3783.543976100559,1921.5198114972725,-1862.0241646032866,43845.94659354235,47629.49056964291,0.0
106.70994701689867,3054.785063684079,2948.0751166671803,46528.101351778634,46634.81129879553,0.0
3068.71165245739,2691.4680111098337,-377.24364134755615,6454.817492981668,9523.529145439057,0.0
384.35261690915854,15907.561787659111,15523.209170749953,13979.7185261616,14364.071143070758,0.0
19.9202666945551,5232.9422425723715,5213.021975877817,25832.720036430135,25852.640303124692,0.0
168.07128414664675,6412.55977831366,6244.488494167013,29463.588061854334,29631.659346000983,0.0
271.77808259485596,15602.469260835922,15330.691178241066,24201.94701139242,24473.72509398728,0.0
1598.0224999872223,10304.277116010271,8706.254616023049,47252.527669730174,48850.5501697174,0.0
4738.250236290968,5953.640202655642,1215.3899663646735,44296.18352084016,49034.433757131126,0.0
274.03684813401424,18606.83289143565,18332.796043301634,40133.790626314345,40407.82747444836,0.0
2224.3525705882053,9559.363906565299,7335.011335977093,48045.87157790307,50270.224148491274,0.0
745.6594510565666,8388.130726935582,7642.471275879016,13439.854808348879,14185.514259405445,0.0
1115.4490627004504,18929.887750525297,17814.438687824848,23175.574017927545,24291.023080627994,0.0
1509.792362960929,2604.5288218173805,1094.7364588564515,19941.830741987786,21451.623104948714,0.0
2350.425171093756,9776.229524686596,7425.80435359284,25384.191231754223,27734.61640284798,0.0
3401.0005742683293,8665.800314411772,5264.799740143442,4043.4872916053023,7444.487865873632,0.0
3759.7121426573453,18360.888577104022,14601.176434446677,16632.725045252562,20392.43718790991,0.0
47.755566831033,19717.720598476753,19669.96503164572,2921.5495427287574,2969.3051095597903,0.0
44627.49294043556,44674.01031010122,46.517369665663864,2078.8587191937545,46706.35165962931,1.0
20531.575460163225,20532.224412301926,0.6489521387011337,4895.395420941543,25426.970881104768,1.0
287.7759107805979,2693.811045269319,2406.0351344887213,5241.132047038277,5528.907957818875,0.0
1566.251367505949,7015.788936485313,5449.537568979364,30270.018597667207,31836.269965173156,0.0
2803.7752752665433,2251.6021751556386,-552.1731001109047,8182.092066396185,10985.867341662728,0.0
119.03416284884737,2242.128094691403,2123.093931842556,3798.014348245843,3917.04851109469,0.0
10.0,6743.532764854553,6733.532764854553,41033.76917005352,41043.76917005352,0.0
2690.068636387124,17960.54786828727,15270.479231900146,25954.586516986412,28644.655153373536,0.0
1157.8937812530967,9457.247198370043,8299.353417116947,7419.268910873883,8577.16269212698,0.0
3906.351705137117,2962.5277153990946,-943.8239897380222,42611.82624879555,46518.17795393267,0.0
1627.8223038618903,3476.8342085452828,1849.0119046833925,48113.90300762316,49741.72531148505,0.0
1127.6977413996185,11442.4291424859,10314.731401086281,24478.045311380287,25605.743052779904,0.0
1458.4261871453666,11591.84836046052,10133.422173315153,9986.425956120249,11444.852143265616,0.0
1162.012984942744,8824.65375240792,7662.6407674651755,9637.175360618421,10799.188345561164,0.0
827.4688570439317,8961.737367811787,8134.268510767855,25648.94209571709,26476.410952761024,0.0
5578.405011178065,8177.523808234232,2599.118797056167,17904.26509466891,23482.670105846977,0.0
203.2789707668261,6069.718693829753,5866.4397230629265,17623.13921996199,17826.41819072882,0.0
9478.77361572874,6382.413711807402,-3096.3599039213377,44987.980768412875,54466.75438414162,0.0
456.53245256457404,8746.091135102188,8289.558682537614,40941.64496070589,41398.17741327047,0.0
868.886742813942,12769.774263661697,11900.887520847755,27361.87139396418,28230.75813677812,0.0
335.5590070503998,3668.719101751608,3333.160094701208,30006.196996974828,30341.75600402523,0.0
380.6130722842175,19198.001527212997,18817.38845492878,11174.715712792,11555.328785076217,0.0
902.7731396626518,13396.093219806147,12493.320080143496,17252.543466102845,18155.316605765496,0.0
554.2020460528032,6451.683337512753,5897.48129145995,26281.55140001848,26835.753446071285,0.0
7569.013434215007,2595.3377206167875,-4973.675713598219,14441.471495980435,22010.484930195442,0.0
4113.387045081393,16004.65050927113,11891.263464189738,17043.826979196823,21157.214024278215,0.0
673.0677859034276,10208.449020029224,9535.381234125796,29106.068540991804,29779.136326895234,0.0
126.62441790106277,5025.532268390219,4898.907850489156,5873.103639819199,5999.728057720262,0.0
1629.8938077110076,6998.213940739189,5368.320133028181,9258.25227081013,10888.146078521137,0.0
726.5757199375166,12535.28742878085,11808.711708843333,44682.43245452404,45409.00817446155,0.0
1053.2720785596223,8669.010683461915,7615.7386049022925,44505.756815490466,45559.02889405009,0.0
643.827166873361,5862.0942434859835,5218.267076612623,38267.59969598269,38911.426862856046,0.0
2008.668554180705,5736.864242102501,3728.1956879217955,23358.706667622326,25367.37522180303,0.0
63.35935764851569,6138.431521855943,6075.072164207428,37007.46968487954,37070.82904252806,0.0
156.22101158449402,1369.4678083158078,1213.2467967313137,17844.43311402006,18000.654125604553,0.0
2656.2409994769237,13117.868242048042,10461.627242571118,35783.68884276698,38439.9298422439,0.0
1203.6864966038618,15357.720326990393,14154.033830386532,37892.906103605004,39096.59260020887,0.0
872.1209568470294,5182.956122429277,4310.835165582247,20703.430972022124,21575.551928869154,0.0
32.75362834868103,11268.334463390009,11235.580835041328,15442.190457122957,15474.944085471638,0.0
4133.812682535534,19384.173044757954,15250.36036222242,6669.430854662977,10803.243537198512,0.0
48347.33620157012,48354.46147010226,7.125268532137852,5170.483546901332,53517.819748471455,1.0
1141.2479982577147,18679.204236458958,17537.956238201245,2150.698219002767,3291.9462172604817,0.0
29.604811388883412,12490.608784055254,12461.00397266637,19872.696283351343,19902.301094740225,0.0
1552.8711975982455,15248.94306750087,13696.071869902624,49309.01558043476,50861.886778033004,0.0
1011.4217070711898,3284.3199150237515,2272.8982079525617,29383.452573663017,30394.874280734206,0.0
268.17462978226644,16259.062455972147,15990.88782618988,42475.8833096339,42744.05793941617,0.0
357.11459523526275,12210.42798002509,11853.313384789826,21271.559712817278,21628.67430805254,0.0
1850.0962654148234,3010.711528677082,1160.6152632622584,8131.4148157858535,9981.511081200677,0.0
2787.24344925305,9036.656801846595,6249.413352593545,34962.136762273694,37749.380211526746,0.0
1173.6842584557928,19274.303755624278,18100.619497168485,26882.42319938396,28056.107457839753,0.0
441.5368302685593,13500.822680230907,13059.285849962347,25119.926392176785,25561.463222445345,0.0
3546.5019999511287,10101.157449674354,6554.6554497232255,41722.71074458481,45269.21274453594,0.0
3753.1610677507515,3070.3022832004535,-682.858784550298,10532.279881776834,14285.440949527587,0.0
2633.4913870908986,17163.674167442518,14530.182780351619,8807.695625143002,11441.1870122339,0.0
8211.394244563477,8610.316258801435,398.92201423795814,9297.672269551333,17509.06651411481,0.0
1809.6386481778914,10367.871502030814,8558.232853852922,2681.419518572459,4491.05816675035,0.0
1572.6415532925794,4568.712306589405,2996.0707532968254,29432.18348580308,31004.82503909566,0.0
1005.5090433803937,16814.094102169332,15808.585058788938,10883.293803296912,11888.802846677307,0.0
1190.628121020739,6191.409952209795,5000.781831189056,45746.59508851482,46937.22320953556,0.0
640.8531849000523,2791.2858841412794,2150.432699241227,25748.990532417236,26389.84371731729,0.0
918.7115365375602,4699.506015664865,3780.794479127305,45980.170971071835,46898.88250760939,0.0
26659.45223575013,26752.454919538945,93.00268378881447,3122.318396207352,29781.770631957483,1.0
9495.288966719887,18335.020863046233,8839.731896326346,11652.504926230778,21147.793892950664,0.0
301.1164928283852,4345.068148377292,4043.951655548907,18623.446945605414,18924.5634384338,0.0
4504.303995068393,2156.8426528445952,-2347.461342223798,20492.3836559175,24996.687650985892,0.0
2519.840759965853,19251.423123961715,16731.58236399586,11252.019952209968,13771.860712175821,0.0
2136.610077830608,14782.86526810773,12646.255190277121,6550.7277216807215,8687.33779951133,0.0
5901.059970123997,9564.668225858779,3663.608255734782,33121.49867106759,39022.55864119159,0.0
3146.16487231249,1237.4926627646887,-1908.6722095478012,27936.17041062762,31082.33528294011,0.0
37.12377482153202,13852.140695679589,13815.016920858057,45221.26711585751,45258.390890679046,0.0
18652.12457853493,18717.803978997934,65.67940046300282,2813.385860456368,21465.5104389913,1.0
1541.7660482477636,3892.292265115104,2350.5262168673403,34873.063361336346,36414.82940958411,0.0
199.45932369610935,18664.93345852761,18465.4741348315,32941.73501794191,33141.194341638016,0.0
1209.5018443294757,11516.575849223229,10307.074004893753,20343.953131233546,21553.45497556302,0.0
1226.571159979007,9962.973983648866,8736.40282366986,20232.770895233327,21459.342055212335,0.0
3218.036854592483,9863.578547606812,6645.541693014329,25682.63359106648,28900.67044565896,0.0
282.5022803053705,11772.405989242045,11489.903708936674,31437.261291403553,31719.76357170892,0.0
41.598615998277246,3727.245605941285,3685.6469899430076,44303.69835477626,44345.296970774536,0.0
1670.2543416064918,1435.175782521259,-235.07855908523288,22971.93733091893,24642.19167252542,0.0
2144.9846369317133,5726.920153883436,3581.9355169517225,16818.43559418549,18963.4202311172,0.0
5447.3537715249495,7173.397733188639,1726.0439616636895,14563.626112786847,20010.979884311797,0.0
283.5411294480137,15432.793707956625,15149.25257850861,6614.185400480272,6897.726529928285,0.0
2240.7276851896745,1094.6826831287121,-1146.0450020609624,39935.22869213195,42175.95637732162,0.0
648.4279191409288,17688.973481983754,17040.545562842824,21327.642712081986,21976.070631222916,0.0
43039.070270204495,43105.825097437926,66.75482723343157,2244.8050123272833,45283.87528253178,1.0
24035.976135420242,24113.17504244571,77.19890702546763,4086.049707232401,28122.02584265264,1.0
2204.064359026824,7101.803535022501,4897.739175995677,23654.72690496874,25858.79126399556,0.0
986.2845138503767,15550.802686987143,14564.518173136767,17695.291312842935,18681.57582669331,0.0
10.0,6848.832084120723,6838.832084120723,3209.7742998907165,3219.7742998907165,0.0
130.94451754504976,18348.153837395843,18217.209319850794,4812.3245570358185,4943.269074580869,0.0
2866.8610941581874,2227.2776229145593,-639.5834712436281,4146.357625486302,7013.218719644489,0.0
75.16895553104507,17656.836084858624,17581.66712932758,38990.933781157175,39066.10273668822,0.0
7151.482261816231,11941.974202969528,4790.491941153297,27194.684824632055,34346.16708644829,0.0
2344.4499315906583,14961.25888487557,12616.808953284912,44436.78946933127,46781.23940092193,0.0
3407.1348443171446,10034.543065549815,6627.40822123267,26697.827346746693,30104.962191063838,0.0
675.2004821541354,8777.610237192435,8102.409755038299,11299.338283074623,11974.538765228759,0.0
1226.088241213405,17625.923120780757,16399.834879567352,13888.202473862753,15114.290715076158,0.0
255.4192434996594,882.4053832479451,626.9861397482857,682.8918213039992,938.3110648036586,0.0
947.4388211190321,10511.972693953492,9564.53387283446,15488.624236202453,16436.063057321484,0.0
1558.5874382785216,19973.0377237055,18414.450285426978,41680.37793441202,43238.96537269054,0.0
5643.690807170789,6138.975950200641,495.2851430298515,15222.1724495187,20865.86325668949,0.0
682.8543456586711,9648.961173809048,8966.106828150378,33951.85827112199,34634.712616780664,0.0
743.1767943603876,3553.9498904066727,2810.773096046285,30615.66924234611,31358.846036706498,0.0
3074.388403788928,17465.48604764323,14391.097643854302,5517.752827893773,8592.1412316827,0.0
138.7356072830493,13207.756000129326,13069.020392846276,47286.8979701147,47425.63357739775,0.0
3322.6563981740574,3016.8893151521884,-305.767083021869,21616.694993933266,24939.351392107325,0.0
31.154630743888767,14486.606579382249,14455.45194863836,13335.171531860713,13366.326162604602,0.0
1246.9903363446438,11922.676283155428,10675.685946810783,37850.59338736801,39097.583723712654,0.0
1557.9061683206585,2025.7209223104433,467.8147539897848,4715.632573137379,6273.538741458037,0.0
5072.615881926552,5988.807397792928,916.191515866376,41660.47284551312,46733.088727439674,0.0
2355.3840839154077,4459.876561941212,2104.492478025804,40288.19162715035,42643.57571106576,0.0
30944.056736365455,30948.163373740117,4.106637374661659,455.0423779029611,31399.099114268418,1.0
860.6529013337602,8948.393180026043,8087.740278692283,49740.65146518861,50601.30436652237,0.0
4245.780000493593,7661.91517497383,3416.135174480237,38111.53948210846,42357.319482602055,0.0
886.8409245942122,1967.9349747076358,1081.0940501134237,20473.53709443886,21360.378019033073,0.0
1120.537168926944,13708.16599858957,12587.628829662626,5016.552660603435,6137.089829530379,0.0
1156.5497622277608,1260.6252048749534,104.07544264719263,11237.501908867875,12394.051671095636,0.0
1155.9668625466027,7048.4191105099235,5892.452247963321,48820.66111920281,49976.62798174941,0.0
1266.390364339936,8775.585852413953,7509.195488074017,12168.485670318802,13434.876034658737,0.0
1369.8649678353072,15248.046891115735,13878.181923280428,14407.47445166875,15777.339419504056,0.0
32051.01227776042,32126.583691120526,75.57141336010682,6520.146153391313,38571.158431151736,1.0
1387.4088123936774,10791.558076843101,9404.149264449423,30136.49002538009,31523.89883777377,0.0
2276.4970525465124,14520.94499845522,12244.447945908707,17958.196931697657,20234.69398424417,0.0
4057.0098554386477,2634.9061383453827,-1422.103717093265,35839.88583496853,39896.89569040718,0.0
2874.7286970940117,15374.581531078205,12499.852833984194,8485.670819745534,11360.399516839545,0.0
80.37737706170833,17136.873083611088,17056.49570654938,17535.925472712548,17616.302849774256,0.0
2305.5015261973235,14688.807185143929,12383.305658946605,28135.577167110143,30441.078693307467,0.0
3397.9392020186506,4784.593627152739,1386.6544251340883,46044.30789150976,49442.24709352841,0.0
12629.50491382067,12661.474482487296,31.96956866662549,5103.754066288621,17733.25898010929,1.0
2109.0363271708566,14009.62337328322,11900.587046112363,37922.297849993214,40031.33417716407,0.0
38.62858463429933,18007.018224644507,17968.38964001021,44860.20654658957,44898.835131223874,0.0
2002.7273946900461,2768.468679098594,765.7412844085477,39779.01248971633,41781.73988440638,0.0
4136.269396976181,8715.367191850612,4579.09779487443,19477.458224076123,23613.727621052305,0.0
41989.96341833772,42079.0446077691,89.08118943138106,9739.407666667817,51729.371085005536,1.0
7559.726225124457,10993.359695776357,3433.633470651899,6669.96175887447,14229.687983998927,0.0
240.50505031108503,1299.0753338728637,1058.5702835617785,47678.61119175793,47919.116242069016,0.0
376.70972732014786,8093.100703504033,7716.390976183885,21654.010180106558,22030.719907426705,0.0
982.002725260163,14425.32324803586,13443.320522775697,18333.358893731656,19315.361618991818,0.0
1114.1058086194473,3149.7799274880867,2035.6741188686394,30142.23733931754,31256.343147936986,0.0
290.55406667915094,9996.81279006667,9706.258723387518,2005.8289144257724,2296.382981104923,0.0
850.3542217815801,12927.392052491467,12077.037830709887,1281.6124942211293,2131.9667160027093,0.0
5449.457846000236,4630.063922689303,-819.3939233109331,893.9242017409033,6343.382047741139,0.0
1786.310046599916,16525.128455456907,14738.81840885699,22605.110288215714,24391.42033481563,0.0
888.2712809725026,18594.71692412192,17706.445643149418,10245.801625799988,11134.07290677249,0.0
74.74590464295693,11156.289039994841,11081.543135351883,10416.347343001986,10491.093247644943,0.0
5576.856071809165,13951.510890910857,8374.654819101692,4812.529161886281,10389.385233695446,0.0
9314.009780280461,3219.2796060006235,-6094.730174279837,44318.81923121976,53632.82901150022,0.0
45429.25094711282,45437.705280650836,8.454333538014907,3612.2273523428626,49041.47829945568,1.0
174.4407933309361,5417.548645475754,5243.107852144818,3874.3645067874754,4048.8053001184117,0.0
217.67503761343605,5257.908395873209,5040.233358259773,8589.455473888342,8807.130511501779,0.0
2154.743559713528,3591.4550907485086,1436.7115310349805,14867.187377002283,17021.930936715813,0.0
747.0931633152474,10050.824425770694,9303.731262455447,11606.695640007809,12353.788803323056,0.0
35848.279039928515,35912.55322996866,64.27419004014519,5320.346868333901,41168.62590826242,1.0
37525.697143298145,37609.32813079971,83.63098750156496,5639.244579209632,43164.94172250778,1.0
1262.4831985153423,5871.210255914927,4608.727057399585,32254.872282132663,33517.355480648,0.0
127.60230226034267,8374.314602326234,8246.712300065892,49523.28660307882,49650.88890533916,0.0
12602.446460705258,12691.63328114339,89.18682043813169,3835.018811159071,16437.46527186433,1.0
47.25815416240113,13956.469406681555,13909.211252519155,21721.006905916474,21768.265060078877,0.0
1532.7700905297163,6104.349409986909,4571.579319457193,26666.905744628606,28199.675835158323,0.0
40170.87661106246,40177.36397484597,6.487363783511682,2424.1591254486384,42595.0357365111,1.0
5676.576474346846,3626.0262705535924,-2050.550203793254,31530.42358253047,37207.00005687732,0.0
2899.434381334317,15610.226928932501,12710.792547598185,25716.323945492943,28615.75832682726,0.0
1285.5691888257847,18237.110126663414,16951.540937837628,17523.510115896395,18809.07930472218,0.0
541.6475181056119,12360.121846945709,11818.474328840097,39203.08899142394,39744.736509529546,0.0
71.07105312942996,10210.537900454168,10139.466847324738,34388.65177727408,34459.72283040351,0.0
1242.1106037468778,13082.134068789966,11840.023465043088,8494.333740331,9736.444344077878,0.0
28609.640480923357,28675.03484814135,65.39436721799211,8098.764150385693,36708.40463130905,1.0
2629.782391641272,689.1569209993233,-1940.6254706419488,27647.34467889462,30277.12707053589,0.0
544.0024013938879,16629.583894338655,16085.581492944768,25636.823514261258,26180.825915655147,0.0
569.322584548127,10453.972561255605,9884.649976707478,43623.27616292695,44192.59874747508,0.0
1696.0775242450718,11585.207942057981,9889.13041781291,504.52025109407606,2200.597775339148,0.0
35490.350314967945,35491.95619723596,1.6058822680133744,7192.878001522802,42683.22831649075,1.0
4198.7995235610415,5969.032871990722,1770.2333484296805,26103.678556866656,30302.478080427696,0.0
39719.09540498491,39805.89479831852,86.79939333361108,9106.777399183047,48825.87280416796,1.0
1872.5033352635053,9905.946067363682,8033.442732100177,7016.175988391305,8888.67932365481,0.0
669.6630465509614,19218.375448020775,18548.712401469813,38220.005569465306,38889.668616016264,0.0
1657.5139865625436,2365.9572631310225,708.443276568479,5078.607182233063,6736.1211687956065,0.0
485.8639960360479,1301.106116633328,815.2421205972801,45254.40616941321,45740.270165449256,0.0
33.45389511694124,11525.610825174492,11492.15693005755,6995.948861349704,7029.402756466646,0.0
6619.787569969955,9788.596723140141,3168.8091531701857,40597.11256509026,47216.90013506022,0.0
995.8773481472859,8432.781181458562,7436.903833311276,39330.65306089509,40326.53040904238,0.0
3963.94700031567,5851.046316895794,1887.0993165801242,42522.645889189516,46486.592889505184,0.0
907.7014893743982,8350.923047633172,7443.221558258774,25887.032855223115,26794.734344597513,0.0
25705.891425024645,25771.93006905178,66.03864402713589,3929.373050278067,29635.264475302713,1.0
1911.2109539649484,15602.309675881676,13691.098721916727,11973.238976723338,13884.449930688286,0.0
250.562087692406,5160.454764125251,4909.892676432845,1290.3584095615538,1540.9204972539599,0.0
984.2605835884372,18690.919957469345,17706.659373880906,12907.908382923915,13892.168966512352,0.0
4059.371009459821,18435.955149699006,14376.584140239185,11548.31741080158,15607.6884202614,0.0
924.8081524660025,1356.1399657974262,431.33181333142363,13586.925824224083,14511.733976690086,0.0
3255.2397689072163,18195.531938755295,14940.292169848079,17449.746765095548,20704.986534002765,0.0
1330.5650977988232,1799.8666815544689,469.30158375564565,28519.30497881134,29849.87007661016,0.0
1344.5442189472724,15327.801312105912,13983.25709315864,2656.0312099500547,4000.575428897327,0.0
2379.8024762335485,6231.376829846208,3851.5743536126597,34733.58647984788,37113.38895608143,0.0
5865.749504970396,10777.883301012438,4912.133796042042,8656.271958257788,14522.021463228184,0.0
206.46463217324765,3699.239971174036,3492.7753390007883,28264.447997699106,28470.912629872353,0.0
248.6292317155595,5250.488443652788,5001.859211937229,21322.190285715158,21570.81951743072,0.0
4509.833796118041,17557.567933035007,13047.734136916966,43540.5212387809,48050.355034898945,0.0
1459.45855114414,7651.665490305832,6192.2069391616915,8380.712807331469,9840.171358475609,0.0
34518.49027531242,34550.67302612933,32.18275081690808,2032.8955543595616,36551.38582967198,1.0
2620.5133406482214,16290.876309418041,13670.36296876982,40667.16645225541,43287.67979290363,0.0
9500.0,10419.7666922172,919.7666922171993,36488.63186680787,45988.63186680787,0.0
1322.7553130236508,7773.6384476319345,6450.883134608283,8025.7707640345625,9348.526077058214,0.0
214.73323740758357,10165.25145722332,9950.518219815736,16710.76466853799,16925.497905945576,0.0
3398.9681452784425,13694.036054273876,10295.067908995434,42456.61239942553,45855.580544703975,0.0
3810.3972460884097,8504.724917098898,4694.327671010488,15496.49546145832,19306.89270754673,0.0
2105.214668628117,18042.443542760146,15937.228874132028,6194.028264778095,8299.242933406213,0.0
762.3528276288257,17274.83231406056,16512.479486431734,44261.44921055863,45023.80203818746,0.0
105.70217476078496,12658.353569323075,12552.65139456229,42897.597270116814,43003.2994448776,0.0
3142.273655573616,8162.5399173313845,5020.266261757768,33687.53231294294,36829.80596851656,0.0
613.2187642673616,9340.726809281068,8727.508045013707,18616.89091926905,19230.109683536415,0.0
1454.2287179901732,4277.482490137809,2823.2537721476356,17005.446825143437,18459.67554313361,0.0
3440.526860311973,19486.996629578876,16046.469769266903,20276.0577601768,23716.58462048877,0.0
2969.78338141433,11366.410749709008,8396.627368294678,2219.76324846635,5189.5466298806805,0.0
29272.88404756916,29293.989636495848,21.105588926686323,9951.821206249388,39224.70525381855,1.0
9500.0,11942.998678934491,2442.998678934491,2080.1616677660672,11580.161667766068,0.0
1974.1182238451738,13891.736545497224,11917.618321652051,49915.15778669791,51889.276010543086,0.0
883.1664585052856,14965.226267300355,14082.05980879507,44452.105884508055,45335.27234301334,0.0
2226.309937390083,10726.508744226112,8500.19880683603,9300.421592799763,11526.731530189845,0.0
1371.3850826421117,17954.450566791766,16583.065484149654,11881.060878021022,13252.445960663134,0.0
1358.3188209264163,10291.566997930882,8933.248177004465,4366.368627923456,5724.687448849872,0.0
1933.0005690115274,13398.59100381121,11465.590434799684,18762.05662484574,20695.05719385727,0.0
1238.7384884585517,1614.0880271949345,375.3495387363828,14616.475792131672,15855.214280590224,0.0
235.76041594376048,14228.61332553731,13992.85290959355,40720.95986073375,40956.72027667751,0.0
2344.9148680250846,9456.421920154939,7111.507052129854,43437.86152682936,45782.776394854445,0.0
979.6761929882844,12849.027905493413,11869.351712505128,41464.33387652571,42444.01006951399,0.0
4228.555575794965,14112.449600333654,9883.894024538688,43782.66938372929,48011.224959524254,0.0
4233.570102159669,10321.98934413017,6088.419241970501,20215.62156098794,24449.19166314761,0.0
3466.300626820313,1295.307761992603,-2170.99286482771,33632.436971618554,37098.737598438864,0.0
1714.1267769584942,2566.14027120893,852.0134942504355,10642.53854799569,12356.665324954183,0.0
1652.428520287922,9958.921728282561,8306.49320799464,3259.640109234552,4912.068629522474,0.0
743.0217137454464,15537.152939331032,14794.131225585586,31509.278452728624,32252.30016647407,0.0
260.30446790889727,15363.135137126452,15102.830669217554,46097.78150663751,46358.08597454641,0.0
957.4269239343685,2172.988555540045,1215.5616316056767,27462.563568894715,28419.990492829085,0.0
9277.930478459175,3571.2606874781745,-5706.669790981001,27897.437071724024,37175.3675501832,0.0
3628.5148242256637,9783.105691945704,6154.5908677200405,34056.88495361953,37685.39977784519,0.0
2454.1918147740894,19462.997105544095,17008.805290770004,49147.24608101106,51601.437895785144,0.0
1618.1569782139775,10413.916544570227,8795.75956635625,21889.976563738677,23508.133541952655,0.0
37300.0057069045,37392.81892550604,92.81321860154276,2577.976621641259,39877.98232854576,1.0
3798.8853754777147,13553.015761562448,9754.130386084733,392.2460620311596,4191.131437508874,0.0
234.03834762126297,632.3693934600007,398.3310458387377,4660.696294634925,4894.734642256188,0.0
545.7083328138416,11692.515913118967,11146.807580305125,9467.811384033253,10013.519716847095,0.0
8630.917124116184,4742.964828667067,-3887.9522954491167,37978.09169569542,46609.0088198116,0.0
1325.99763682987,10781.475424038204,9455.477787208334,16490.790442818055,17816.788079647926,0.0
2905.8594513848266,1693.7248337996543,-1212.1346175851722,21307.57742253619,24213.436873921015,0.0
5504.388108897818,9131.769541078445,3627.3814321806276,9883.546843713448,15387.934952611266,0.0
1739.531881967638,4382.105100145176,2642.5732181775384,5395.285861148807,7134.817743116445,0.0
2469.280008122478,7956.084955701744,5486.804947579265,1155.3426393740128,3624.622647496491,0.0
659.1547367325259,13988.542225626432,13329.387488893906,38654.5070808556,39313.66181758812,0.0
11250.53763242005,11296.870522574676,46.33289015462651,2649.071934978201,13899.60956739825,1.0
287.3443898145924,5980.940766179706,5693.596376365113,27883.062381120817,28170.40677093541,0.0
1294.1957719790485,15053.119345096999,13758.92357311795,6087.599882383921,7381.79565436297,0.0
1200.3854120645412,7043.365433084814,5842.980021020273,38577.49676439085,39777.882176455394,0.0
882.8664758345155,5199.4270309204,4316.5605550858845,11782.116599984349,12664.983075818864,0.0
291.1143392539817,11513.973676284724,11222.859337030743,39355.05662679369,39646.17096604767,0.0
1388.7101041050312,2507.4498216555803,1118.7397175505491,14953.215480442155,16341.925584547187,0.0
3320.6669960775944,5694.364007885465,2373.6970118078707,25909.247117155493,29229.914113233088,0.0
3892.3299610267245,1049.731138720832,-2842.5988223058926,37946.59743073407,41838.9273917608,0.0
1450.7701759768122,1541.9747466248346,91.20457064802235,12291.356631660816,13742.126807637627,0.0
15.744995447947229,2210.4940135393044,2194.7490180913574,31027.959770949932,31043.70476639788,0.0
280.5335592202735,14981.401798792966,14700.868239572692,40876.620797906035,41157.15435712631,0.0
11417.674081736997,11472.099053186561,54.4249714495636,4762.328135171624,16180.002216908622,1.0
2177.1895211593255,6584.025469114782,4406.8359479554565,49523.583617362834,51700.773138522156,0.0
1381.8519124180148,4301.3839949181165,2919.5320825001018,38067.48281014462,39449.334722562635,0.0
28397.01137414259,28448.194150208845,51.18277606625634,3451.5746413598013,31848.58601550239,1.0
476.6281883603115,14403.778691303945,13927.150502943634,28240.639054309115,28717.267242669426,0.0
735.7486519134075,17531.133429229776,16795.38477731637,41878.13673381619,42613.8853857296,0.0
30932.198999235963,30943.161497868965,10.962498633001815,6016.700217635938,36948.8992168719,1.0
1345.216950629064,14936.104101457053,13590.887150827988,22844.727749121397,24189.94469975046,0.0
2378.944537511689,18721.01049413869,16342.065956627,41151.41543978822,43530.359977299915,0.0
4020.7847600938403,14298.601421940439,10277.816661846598,22124.56568340187,26145.35044349571,0.0
3347.673644440077,16059.89219043935,12712.218545999272,29318.20706614763,32665.880710587706,0.0
829.3654982928672,10755.958249578458,9926.59275128559,35423.91265684176,36253.27815513463,0.0
1606.134733029689,10586.807310209057,8980.672577179368,42952.316485332805,44558.4512183625,0.0
2263.5003501952656,14049.004232498553,11785.503882303288,44667.08209138041,46930.58244157568,0.0
61.13259594525442,12312.310042499956,12251.1774465547,4283.209702348645,4344.342298293899,0.0
2823.255447557461,14123.393993923142,11300.13854636568,42564.44196487575,45387.697412433205,0.0
5506.533094219477,14384.155243364172,8877.622149144696,8976.414624683337,14482.947718902815,0.0
1582.1737979715288,18682.65757835834,17100.48378038681,14641.781123013021,16223.95492098455,0.0
3192.01072665298,1048.3693724195132,-2143.6413542334667,10696.689140052362,13888.699866705341,0.0
998.9378105342605,15655.125234072388,14656.187423538127,38468.95732315863,39467.895133692895,0.0
3540.87838484472,17648.164607740313,14107.286222895593,16000.54946235317,19541.42784719789,0.0
811.4277931803374,14317.379142472591,13505.951349292254,47731.87566800279,48543.303461183124,0.0
825.2344755406938,11053.167089211975,10227.93261367128,24450.869017329715,25276.103492870407,0.0
189.2583176232419,3385.187515133414,3195.929197510172,45773.84406091658,45963.10237853982,0.0
512.5711390787284,11291.840165347827,10779.269026269098,14234.898444377775,14747.469583456505,0.0
2800.2018472085083,8390.747962146728,5590.54611493822,12761.560845928272,15561.762693136781,0.0
17465.800582137887,17497.10889907302,31.308316935133917,968.921611641681,18434.72219377957,1.0
4504.100637570432,10722.967050485866,6218.866412915434,25443.812570466733,29947.913208037164,0.0
18382.791453252226,18467.22480817216,84.43335491993275,2220.65174541392,20603.443198666148,1.0
748.484517960105,8239.31557538592,7490.831057425814,27785.177036015062,28533.661553975166,0.0
15456.331134288908,15511.594592471827,55.26345818291884,1585.4153559161043,17041.746490205012,1.0
1136.4583685590399,15871.366559331178,14734.908190772137,25840.0297345312,26976.48810309024,0.0
2565.582955705842,9796.7005724124,7231.117616706557,15287.97435717522,17853.55731288106,0.0
1892.0609440748701,3513.15618481512,1621.09524074025,11636.512093502677,13528.573037577547,0.0
673.1384381201518,2632.4401106348373,1959.3016725146854,40219.82234576009,40892.96078388024,0.0
19522.443044804168,19561.972294599236,39.52924979506861,3021.910269280519,22544.353314084685,1.0
962.9850688540578,4377.156340586359,3414.171271732301,40305.590882920245,41268.575951774306,0.0
303.6398438627741,16413.10676372931,16109.466919866534,18169.623971606332,18473.263815469105,0.0
5791.2765193978385,9978.122067102278,4186.84554770444,47224.39399226218,53015.67051166002,0.0
2020.874974984779,5772.473088557798,3751.598113573019,18054.722150366782,20075.59712535156,0.0
1399.7198437822865,13394.673472169285,11994.953628386998,40187.747378459535,41587.46722224182,0.0
1822.10882476655,9006.79751396457,7184.688689198019,26246.704212173376,28068.813036939926,0.0
4013.310005885194,10335.423733825952,6322.113727940758,37772.690466262895,41786.00047214809,0.0
2246.5455618782635,2742.7132681479075,496.167706269644,29808.139895533874,32054.68545741214,0.0
10.486671668489953,4391.646509970806,4381.159838302316,48743.62667156215,48754.113343230645,0.0
256.1419253071429,9908.614680289427,9652.472754982284,19456.150480751512,19712.292406058656,0.0
251.62224955758117,11097.662464636582,10846.040215079001,31969.54429515008,32221.166544707663,0.0
2772.41111774242,9517.907932770386,6745.496815027966,37193.264044408555,39965.675162150976,0.0
294.41614137478103,7100.884148796721,6806.4680074219405,2906.6895513414293,3201.1056927162103,0.0
1560.728637874271,4192.537077941324,2631.808440067053,66.68197453960079,1627.4106124138718,0.0
1940.061230697862,8513.191646773786,6573.130416075925,31409.130225517758,33349.191456215616,0.0
3650.887271324647,4776.258008844198,1125.3707375195513,27651.892199480062,31302.779470804708,0.0
160.20759771989017,5072.438132271814,4912.2305345519235,1624.0661017947355,1784.2736995146256,0.0
837.3491870901854,5725.946704245371,4888.597517155185,24122.573519055877,24959.922706146062,0.0
48035.72728870778,48126.835801865185,91.10851315740729,9973.206116397705,58008.93340510548,1.0
474.5656616187025,19570.871762895575,19096.306101276874,18794.197739783693,19268.763401402393,0.0
73.20820842171399,14338.591198338227,14265.382989916512,5406.167623854802,5479.375832276515,0.0
34409.57220390688,34413.48542935526,3.9132254483847646,2908.7973224421935,37318.36952634907,1.0
188.0928585793354,16702.988571026086,16514.89571244675,386.5133670174492,574.6062255967846,0.0
1851.649336257584,18872.616362547953,17020.967026290367,44119.82673831819,45971.476074575774,0.0
7314.3309085703595,18485.001621929903,11170.670713359545,37188.36736867721,44502.69827724757,0.0
2956.928744365557,14896.762454327,11939.833709961442,38211.02419211543,41167.952936480986,0.0
2198.3092192290164,2258.816153904765,60.50693467574865,8689.942856761983,10888.252075991,0.0
137.62063494499375,16013.778337022935,15876.157702077942,25450.17227413091,25587.792909075903,0.0
2187.468458815025,3613.4938126594393,1426.0253538444144,38577.32286561887,40764.7913244339,0.0
264.4268697811425,15805.218176061988,15540.791306280846,48272.90892199017,48537.335791771315,0.0
4460.962211258672,13564.093071754753,9103.13086049608,38169.53392206798,42630.496133326655,0.0
3419.6473971423916,16541.820635368334,13122.173238225943,33919.657320295366,37339.30471743776,0.0
395.0813787878043,808.8423834250473,413.761004637243,9488.177907300544,9883.259286088349,0.0
1587.966954003389,6093.5095901203995,4505.54263611701,25462.262525143757,27050.229479147147,0.0
3956.152331618541,6785.5999325784005,2829.4476009598593,39281.34021439989,43237.49254601843,0.0
1829.382648428364,11868.470354507155,10039.087706078792,33597.807024745605,35427.18967317397,0.0
2356.3589398563668,12123.246656461604,9766.887716605237,28471.63415474273,30827.993094599096,0.0
1282.9006641887424,18993.20627938392,17710.30561519518,28282.24411923943,29565.14478342817,0.0
2269.5152733625146,16653.373839232103,14383.858565869588,35595.18712206526,37864.702395427776,0.0
1210.9454769277447,14226.750192892701,13015.804715964956,21668.347434841744,22879.292911769488,0.0
2934.947516824177,3358.9838646169246,424.0363477927476,39934.368546518126,42869.3160633423,0.0
2827.1680562393994,1748.848715363376,-1078.3193408760235,14550.168170014078,17377.33622625348,0.0
2539.1279732773737,18201.34425117848,15662.216277901109,7475.431976034808,10014.55994931218,0.0
35294.40837270195,35324.276771083365,29.86839838141168,7785.142948525573,43079.551321227525,1.0
85.86651661376283,2695.879972309803,2610.01345569604,38134.308522730425,38220.17503934419,0.0
929.6001263187308,9221.82287906388,8292.22275274515,27521.519397356027,28451.11952367476,0.0
1975.9434109241533,17329.061195380553,15353.117784456399,23416.215368427755,25392.158779351907,0.0
26301.342777297836,26360.975537798222,59.63276050038621,3905.6210242703173,30206.963801568152,1.0
3666.5143644792724,6093.904062164482,2427.3896976852093,46676.21563583153,50342.7300003108,0.0
2900.7093979347705,18964.60653948008,16063.897141545309,5022.0208930983,7922.730291033071,0.0
694.4492539113958,17838.045446244738,17143.59619233334,33124.84365921392,33819.29291312531,0.0
1046.3549367425337,4185.837013556696,3139.4820768141617,8505.344100603801,9551.699037346334,0.0
13453.204928303154,13528.986131492366,75.78120318921174,7166.624181336969,20619.829109640123,1.0
304.49325524209144,8658.079249361464,8353.585994119374,9334.949243858637,9639.442499100729,0.0
45188.164094219515,45201.20803967285,13.043945453333436,5053.353209771434,50241.51730399095,1.0
30097.405835682963,30167.47902371929,70.07318803632734,8156.2177104038665,38253.62354608683,1.0
183.7662393060301,12066.541912779117,11882.775673473086,16354.983270003964,16538.749509309993,0.0
3253.9916119879563,10466.329518711762,7212.337906723806,9707.634830927453,12961.626442915409,0.0
1573.293833285337,15898.635468958735,14325.341635673398,27885.23809533356,29458.531928618897,0.0
36002.93127563828,36073.91398313027,70.98270749198855,7457.51329984277,43460.44457548105,1.0
3789.5440294184914,3337.5519143535034,-451.99211506498796,16531.6477429771,20321.191772395592,0.0
10674.206172458684,10742.005973982943,67.79980152425924,569.5286729568116,11243.734845415496,1.0
1572.03817632581,1754.2248522748787,182.18667594906879,13858.030692209739,15430.068868535549,0.0
1251.0126440267877,12125.562053346348,10874.54940931956,39817.28877398245,41068.301418009236,0.0
175.7834523921681,19667.464151316668,19491.6806989245,8604.992632493108,8780.776084885276,0.0
518.7198913734135,10992.84595036167,10474.126058988257,44328.205631557605,44846.925522931015,0.0
9500.0,5972.393807592058,-3527.606192407942,8210.847911367297,17710.847911367295,0.0
35.41646541293,10978.894213655174,10943.477748242243,22849.017981400244,22884.434446813175,0.0
550.273089236741,17495.140773808467,16944.867684571727,13796.127653405154,14346.400742641896,0.0
5024.799086548464,878.324289555201,-4146.474796993263,28173.523690642593,33198.32277719106,0.0
6075.712173436884,5917.741541510759,-157.97063192612495,36933.102678091265,43008.81485152815,0.0
4461.612458394615,18833.506777220206,14371.89431882559,18558.706034455652,23020.318492850267,0.0
443.7690358575452,7392.810765003386,6949.041729145841,15246.731884883042,15690.500920740587,0.0
2942.8978451677135,18983.203061446384,16040.30521627867,45773.64937867576,48716.54722384347,0.0
2815.202870311478,8506.674596146198,5691.471725834721,5008.466311866494,7823.669182177971,0.0
2124.610895899333,11628.321913903583,9503.71101800425,47986.341901948064,50110.9527978474,0.0
6484.2964230163825,2161.4093124134088,-4322.887110602974,4596.896796041883,11081.193219058267,0.0
663.9054133360988,4363.549465559752,3699.6440522236535,47992.17133692592,48656.07675026202,0.0
1435.7894646508566,8270.33586112968,6834.546396478824,49599.85045074255,51035.63991539341,0.0
217.98979935337664,10382.015793996869,10164.025994643493,29069.24476682556,29287.234566178937,0.0
423.73123658539134,12557.75298738642,12134.021750801028,40620.12420156576,41043.85543815116,0.0
628.0845730326964,15902.360110193007,15274.27553716031,42299.064622300655,42927.14919533335,0.0
711.5888739842574,15853.302543989288,15141.71367000503,15137.76853089766,15849.357404881917,0.0
1583.9265184123035,2817.6252802866256,1233.6987618743221,35079.96749497985,36663.89401339216,0.0
109.64745278393492,15820.498737916894,15710.85128513296,9419.73837002461,9529.385822808545,0.0
185.77181572073513,13282.444450999195,13096.67263527846,45562.8075917144,45748.579407435136,0.0
1850.8506538853346,7058.098186346633,5207.247532461299,13728.63478397983,15579.485437865165,0.0
124.23372722435766,791.7433659978639,667.5096387735061,31478.369758438585,31602.60348566294,0.0
3407.65945327789,11154.937947136576,7747.278493858686,24651.75607701024,28059.41553028813,0.0
368.3352933792357,2350.2424878777056,1981.9071944984698,25802.54111708964,26170.876410468874,0.0
366.21486062588934,2876.8396355669997,2510.6247749411104,35886.11273717457,36252.32759780046,0.0
1727.2056955616404,12711.774043879142,10984.568348317502,8473.335444421975,10200.541139983616,0.0
3201.8802146369403,851.6241915919852,-2350.2560230449553,20213.135753257655,23415.015967894597,0.0
2752.247765213431,10785.401042573778,8033.153277360347,10889.95575582108,13642.203521034511,0.0
852.2129719169906,1878.5838595951407,1026.3708876781502,46237.37379321808,47089.58676513507,0.0
5234.618194317145,9271.17781873636,4036.5596244192147,20032.892421897664,25267.510616214808,0.0
2605.2948204327854,3289.7080781063464,684.413257673561,14994.287002790246,17599.58182322303,0.0
405.31514943085807,19532.393071727638,19127.07792229678,3233.277192528533,3638.592341959391,0.0
35360.264370762416,35396.41321375894,36.14884299652476,684.5316942604273,36044.79606502284,1.0
3106.5626868274026,10287.743825226782,7181.181138399379,25513.13231103246,28619.69499785986,0.0
34384.062578032695,34471.89613862145,87.83356058875506,9646.855564468417,44030.91814250111,1.0
3587.322095416907,13072.75616850681,9485.434073089904,11598.422607889292,15185.744703306198,0.0
1225.9119481021826,11103.847872639064,9877.935924536881,47883.173740448656,49109.08568855084,0.0
20.36570750508617,18842.47998412922,18822.114276624132,9702.69401228025,9723.059719785337,0.0
1913.444865826269,10982.032800986754,9068.587935160485,21730.38269336267,23643.82755918894,0.0
4078.847862453727,1866.3395665631945,-2212.5082958905323,35280.9902090072,39359.83807146092,0.0
3639.1870325988816,5474.200837217264,1835.0138046183824,45823.41743330283,49462.604465901706,0.0
1057.5808340633541,14499.771960640106,13442.191126576752,49277.02403370196,50334.60486776531,0.0
39968.59431227497,40058.36483492223,89.7705226472608,6289.883872243522,46258.47818451849,1.0
2786.613721814086,16593.513847248156,13806.90012543407,2528.7783039505184,5315.392025764604,0.0
6722.188171799014,3321.8574046621384,-3400.3307671368752,28138.50354007658,34860.691711875596,0.0
1160.7923897797439,16185.301075685162,15024.508685905417,23651.756254185013,24812.548643964758,0.0
3340.1790676877536,18130.21637935035,14790.037311662596,26660.033218452012,30000.212286139766,0.0
1890.6886360061455,18358.379789719507,16467.69115371336,6534.912687415651,8425.601323421797,0.0
10428.323712560295,10516.083549876437,87.75983731614178,3928.077169525388,14356.400882085683,1.0
4418.462790545983,10593.781653760361,6175.318863214378,16846.343748201918,21264.8065387479,0.0
2947.779933442729,1380.4516060396932,-1567.328327403036,41395.603107453215,44343.38304089595,0.0
2620.3096684257835,18583.644984500294,15963.33531607451,26971.717774396802,29592.027442822586,0.0
408.2325896378623,4994.649328354657,4586.4167387167945,16405.17379209109,16813.40638172895,0.0
2365.8455543326977,10319.616450869322,7953.770896536624,25882.404450880254,28248.25000521295,0.0
3736.473798994736,12848.743888081033,9112.270089086298,19830.43996671724,23566.913765711975,0.0
44358.43231795707,44360.4042911775,1.971973220432119,1310.557434216675,45668.989752173744,1.0
1266.139996013962,11532.155502379357,10266.015506365395,10013.307735899807,11279.44773191377,0.0
222.63530282193344,11991.967076480698,11769.331773658765,5471.520241798966,5694.1555446208995,0.0
5007.911963579374,6267.180275096423,1259.2683115170494,26375.72599442724,31383.637958006613,0.0
2613.819142149375,10981.128196628073,8367.309054478697,49807.341546666925,52421.1606888163,0.0
5541.5987760148655,6415.603503176324,874.0047271614585,6509.722993518335,12051.3217695332,0.0
1234.3714157042284,5866.209129582776,4631.837713878547,17839.81278274673,19074.184198450956,0.0
892.7319174155142,13938.295461116584,13045.56354370107,20552.039028730575,21444.770946146087,0.0
9500.0,10872.693062279433,1372.6930622794334,46363.24351034931,55863.24351034931,0.0
1218.4817715415786,1470.7295296993534,252.2477581577748,9417.343664472504,10635.825436014084,0.0
1835.167437010694,3358.8618570200615,1523.6944200093676,8576.134689359349,10411.302126370043,0.0
577.7470190385317,9257.90657163989,8680.159552601359,45734.78717606073,46312.53419509926,0.0
4391.916196960067,1514.4632230742145,-2877.4529738858528,37304.10782864465,41696.02402560472,0.0
1373.1195417994452,729.7075875895192,-643.411954209926,21921.444600559033,23294.56414235848,0.0
2693.4098993262915,18712.754660996037,16019.344761669745,3417.585742528312,6110.9956418546035,0.0
2791.6757473261546,6754.304855075639,3962.629107749485,27965.093603841353,30756.769351167506,0.0
4499.078980579487,3908.307263725636,-590.7717168538506,16241.205487427735,20740.284468007223,0.0
2313.9576298894226,8306.432434009785,5992.474804120362,16425.452716893156,18739.410346782577,0.0
1614.2193274666977,14020.862001117623,12406.642673650926,2500.941045109317,4115.160372576015,0.0
860.0475535058212,16804.31300312833,15944.265449622508,27177.195732472104,28037.243285977926,0.0
44.74389546894773,18440.78102464512,18396.037129176173,30322.888777177282,30367.63267264623,0.0
187.06048362472302,17848.904545147467,17661.844061522745,17938.078373306886,18125.138856931608,0.0
45965.22890507777,46001.830244261786,36.60133918401698,2362.4696771511467,48327.69858222891,1.0
48.97838254106063,4379.130706003248,4330.152323462187,4749.332248865607,4798.310631406667,0.0
2030.5004827063358,10242.559033975858,8212.058551269522,11150.632070593902,13181.132553300238,0.0
705.614023175558,1258.0370918254414,552.4230686498834,48269.43518317148,48975.04920634704,0.0
381.7438378825912,2527.207830291597,2145.4639924090056,24372.02368798942,24753.76752587201,0.0
979.8332239331273,2195.321433498956,1215.4882095658288,49192.29614237729,50172.129366310415,0.0
142.90181501706456,18275.749301629523,18132.84748661246,15366.259049387476,15509.160864404541,0.0
9500.0,16748.848948060775,7248.848948060775,12240.537003045038,21740.537003045036,0.0
2138.6277987663684,16126.744941540916,13988.117142774547,2113.4497117967276,4252.077510563096,0.0
5072.766603628528,14542.171003541442,9469.404399912914,18054.98203132334,23127.748634951866,0.0
2221.7684348401376,10346.189679743302,8124.421244903164,47062.95320888238,49284.72164372252,0.0
855.7146861866833,5122.872627896472,4267.157941709789,33094.52773504501,33950.2424212317,0.0
635.3072299760641,9461.478061357677,8826.170831381613,42460.957234705245,43096.264464681306,0.0
602.9856265945403,11417.865370992815,10814.879744398275,29663.554649399615,30266.540275994157,0.0
1516.2458950921393,10701.583921444011,9185.338026351872,2791.9110438237194,4308.1569389158585,0.0
1608.8828331658974,7281.516903286537,5672.634070120639,12172.700598588288,13781.583431754185,0.0
170.30979977791233,13130.541061201933,12960.23126142402,17808.926716421054,17979.236516198966,0.0
1575.0340483844093,2015.392158638647,440.3581102542378,46923.10265623344,48498.13670461785,0.0
876.3008774728606,10041.793575764867,9165.492698292006,33095.88650789631,33972.18738536917,0.0
838.4627968339795,2767.3367657111726,1928.873968877193,15419.729598257303,16258.192395091282,0.0
165.473600361099,17403.676654027786,17238.203053666686,38142.77389481858,38308.247495179676,0.0
2675.6355519473314,15982.124151954016,13306.488600006685,4554.220744002574,7229.856295949905,0.0
29785.233111977705,29817.188018265544,31.95490628783955,7848.913946638501,37634.1470586162,1.0
2048.6737461892894,17860.899863713646,15812.226117524357,438.7377530958914,2487.411499285181,0.0
4448.881815408056,11534.32993441258,7085.448119004524,42982.1955282698,47431.07734367786,0.0
153.8585310275927,5113.890762796393,4960.0322317688,22107.705689329137,22261.56422035673,0.0
1107.5643223755362,5525.065139689003,4417.500817313467,44364.550088866476,45472.114411242015,0.0
1204.1219438700928,5911.694695596655,4707.572751726562,47241.77265103687,48445.89459490696,0.0
567.2769629041624,19734.4523467634,19167.175383859238,33599.39357011631,34166.67053302047,0.0
2065.6465301889143,12746.594059105972,10680.947528917057,29261.01646954776,31326.662999736676,0.0
1081.4256454860304,18442.21935979126,17360.79371430523,6988.583054674724,8070.008700160754,0.0
21567.275872813545,21585.38394304434,18.10807023079542,7821.940360464526,29389.21623327807,1.0
2415.759931969776,1103.9267667389474,-1311.8331652308286,11857.40366182511,14273.163593794887,0.0
4563.980989321934,2247.819579440049,-2316.1614098818854,16517.884434953052,21081.865424274987,0.0
3164.7697803952356,14842.653762974833,11677.883982579597,38930.06793502782,42094.837715423055,0.0
36050.106995402624,36070.552128025876,20.445132623251993,2055.3847069548647,38105.49170235749,1.0
2195.5377703349445,1355.013623684283,-840.5241466506616,10766.526376436575,12962.06414677152,0.0
652.4812655643751,18236.330854525448,17583.84958896107,45762.59420153792,46415.075467102295,0.0
768.314376589737,15983.281780186273,15214.967403596536,24675.018203630832,25443.33258022057,0.0
791.8166886067128,17104.03904210766,16312.222353500947,21494.1379062424,22285.95459484911,0.0
3194.1695086596856,16659.009298905083,13464.839790245398,4413.909648420472,7608.0791570801575,0.0
571.6472930930626,18975.80607071468,18404.15877762162,20259.105190048056,20830.752483141117,0.0
4798.239040309607,12122.588138521121,7324.3490982115145,22336.07779949368,27134.316839803287,0.0
339.95682527511906,2733.3909323637904,2393.434107088671,782.3658971032987,1122.322722378418,0.0
143.90272146325967,10704.08186135487,10560.179139891612,18877.27114977786,19021.173871241117,0.0
617.4029953340311,5668.422104481025,5051.019109146993,37690.17418842724,38307.57718376127,0.0
955.2702234893355,14343.694931967802,13388.424708478467,44435.80473063732,45391.074954126656,0.0
176.71265973351365,16300.914332904984,16124.20167317147,42804.766611819185,42981.4792715527,0.0
32350.828069851304,32428.179988875516,77.35191902421138,160.3640003064577,32511.192070157762,1.0
640.607753857549,3431.0571384373907,2790.4493845798415,17121.640419118838,17762.248172976386,0.0
2783.619775654699,18605.901162903683,15822.281387248984,48881.61682752361,51665.23660317831,0.0
27243.955056774957,27293.10418700091,49.14913022595283,9066.688146151902,36310.64320292686,1.0
4714.061417470509,4617.5817299225755,-96.47968754793328,26907.171504072718,31621.232921543226,0.0
731.470295761989,10782.562465026669,10051.09216926468,3196.158209596939,3927.6285053589277,0.0
4054.039850381681,13193.949031761618,9139.909181379937,19153.283804288934,23207.323654670614,0.0
1593.5812966266292,6009.730216613458,4416.148919986828,27642.089799238413,29235.67109586504,0.0
2623.4910483856224,14646.629284778175,12023.138236392553,6982.116510479181,9605.607558864804,0.0
1949.3738632326567,8818.54207056067,6869.1682073280135,6102.688354065799,8052.062217298456,0.0
128.5930600542531,18894.54718154592,18765.954121491668,47615.069230055335,47743.66229010959,0.0
238.87468496218844,18288.963941472535,18050.089256510346,16417.60369053591,16656.4783754981,0.0
3279.025316714895,1733.441473524252,-1545.583843190643,45274.47387456628,48553.49919128118,0.0
1909.0614310354354,4477.894770383054,2568.833339347618,34076.30149433252,35985.362925367954,0.0
815.3021167871524,16217.321839759847,15402.019722972695,34510.53883497339,35325.84095176055,0.0
577.9435711227396,13440.682054962343,12862.738483839603,10342.051907178062,10919.995478300802,0.0
53.78107044863377,11087.338667541891,11033.557597093257,29437.973178250475,29491.754248699108,0.0
13.803448842989535,10572.656952590614,10558.853503747625,4746.600478280905,4760.403927123894,0.0
2624.757126146281,1281.3471837912,-1343.4099423550808,37455.778951293534,40080.536077439814,0.0
42.312686679385386,14822.49728628687,14780.184599607486,46430.316478850975,46472.62916553036,0.0
1798.1020573572334,18261.2674263002,16463.165368942966,49889.21939100324,51687.32144836047,0.0
3206.0588976887198,13683.814166209248,10477.755268520528,8237.051918163595,11443.110815852315,0.0
3972.5885264237554,17684.532321378727,13711.943794954972,14332.962422362632,18305.55094878639,0.0
1345.293813085144,1881.998162770035,536.704349684891,31413.972953260676,32759.26676634582,0.0
1837.3144823881057,1634.2712950580321,-203.04318733007358,1134.342109122377,2971.656591510483,0.0
967.0602538356748,10629.251334629133,9662.191080793458,23789.68958673679,24756.749840572465,0.0
179.9197817926106,15942.17749923362,15762.257717441009,46300.37088016253,46480.29066195514,0.0
1388.612974315788,17507.98831547845,16119.375341162664,13833.497108954096,15222.110083269883,0.0
616.3202957176624,8299.668856724587,7683.348561006925,922.8209521511321,1539.1412478687944,0.0
2702.7863063772443,3256.9793072186335,554.1930008413892,44390.905748249934,47093.69205462718,0.0
2872.4368681677784,17552.8532532425,14680.416385074723,18343.419714311472,21215.85658247925,0.0
854.8362678904305,7552.4886223033345,6697.652354412904,47098.72160717951,47953.55787506994,0.0
1993.4934136029829,8134.973442231769,6141.480028628786,20993.479543515343,22986.972957118327,0.0
178.42687530100625,4624.381610994477,4445.954735693471,29370.75818963334,29549.185064934347,0.0
3249.2237287587145,4819.270491650129,1570.0467628914143,12261.497911583941,15510.721640342656,0.0
235.311809756145,8474.081097255104,8238.769287498959,6722.852038353222,6958.163848109367,0.0
2806.8668766400815,15564.190539369616,12757.323662729534,31599.567206573443,34406.43408321353,0.0
412.99095271727816,9899.338125650183,9486.347172932905,30629.640413793823,31042.6313665111,0.0
4424.15979988605,5847.151337920866,1422.9915380348166,3707.9552887015366,8132.115088587587,0.0
1825.8851075519065,7130.085528167897,5304.200420615991,30363.333505074395,32189.2186126263,0.0
389.3477490157806,5782.729853313987,5393.382104298207,38708.575001146455,39097.92275016224,0.0
4059.0050763404593,17237.29730813773,13178.292231797272,18026.645892582386,22085.650968922844,0.0
339.1925838292104,2218.6214040454843,1879.4288202162738,43285.04961620018,43624.24220002939,0.0
301.90899624604174,11923.263687197265,11621.354690951222,13745.416874112037,14047.32587035808,0.0
2986.3890152748563,19809.33942499394,16822.950409719084,1572.859762301304,4559.24877757616,0.0
3318.0446646740897,4055.536079775281,737.4914151011913,49345.18332176278,52663.22798643687,0.0
1081.7683871822837,11669.063939873626,10587.295552691343,40655.252355542194,41737.020742724475,0.0
3457.961427963438,4244.316893875002,786.3554659115644,44073.3382439778,47531.29967194124,0.0
4927.019769267683,10287.935400070914,5360.915630803231,23776.326081309668,28703.345850577352,0.0
3495.2947525506274,3518.3276794991834,23.032926948555996,12609.75807139591,16105.052823946538,0.0
4490.412454761042,16864.55508426945,12374.14262950841,35635.90014792748,40126.31260268852,0.0
1273.3834255441539,19650.5088833948,18377.125457850645,9298.161202906591,10571.544628450745,0.0
51.55430879335332,17953.16024764202,17901.605938848665,7813.06699056778,7864.6212993611325,0.0
974.2103574420438,18504.340411263624,17530.13005382158,46392.11333030972,47366.32368775177,0.0
1954.966167977932,5446.028249656823,3491.0620816788914,11006.471041788207,12961.43720976614,0.0
151.39164811650497,14552.017667942442,14400.626019825937,45109.70591913378,45261.09756725029,0.0
1464.0246440510696,2776.584103991513,1312.5594599404435,39434.321461571206,40898.34610562227,0.0
47214.60274674537,47296.71060449005,82.1078577446824,1493.484503194734,48708.0872499401,1.0
3472.1619877554226,1826.1995230722,-1645.9624646832226,10048.70163956198,13520.863627317402,0.0
694.3224317033132,16895.308902812732,16200.98647110942,16413.61467790756,17107.937109610873,0.0
6231.2611165382805,17250.23462512628,11018.973508587998,11208.613837345089,17439.87495388337,0.0
1586.343365757859,13579.182846130716,11992.839480372857,23243.546507717183,24829.88987347504,0.0
1798.6618273780364,2790.7800280916117,992.1182007135753,41571.78096463555,43370.442792013586,0.0
513.7151360723027,16992.025127352383,16478.30999128008,15625.272849260124,16138.987985332426,0.0
32546.386283193802,32589.195570856296,42.80928766249417,8301.169113081225,40847.55539627503,1.0
699.2304383807552,11041.914389332216,10342.683950951461,31655.34113588658,32354.57157426734,0.0
5649.592072317046,9002.915995312293,3353.323922995247,43030.224517485476,48679.81658980252,0.0
3828.4973097342795,6726.679160416794,2898.1818506825143,2317.6634717139764,6146.160781448256,0.0
3720.3817747996186,3615.114474561912,-105.26730023770642,5590.018561696857,9310.400336496476,0.0
157.23170689833964,2034.6222457964345,1877.390538898095,37404.46828515632,37561.69999205466,0.0
20569.84811654885,20602.24202856492,32.393912016072136,5281.400572737537,25851.248689286385,1.0
4803.808034797286,17480.544860593207,12676.73682579592,14616.665564169123,19420.47359896641,0.0
1050.037007107788,11775.480830305518,10725.44382319773,29820.501329232313,30870.5383363401,0.0
152.02617651077443,4745.146077716033,4593.119901205258,39347.84052395207,39499.866700462844,0.0
1761.6721296478827,10271.83416609429,8510.162036446407,22900.731215797292,24662.403345445175,0.0
1196.9506958404243,6631.4650633224055,5434.514367481981,19584.73877554197,20781.689471382393,0.0
676.6546854237102,3272.5368395533565,2595.882154129646,4298.68676396058,4975.34144938429,0.0
4564.687010091151,19533.553881318618,14968.866871227467,24649.62145522659,29214.30846531774,0.0
1720.31180528317,14171.402953603265,12451.091148320094,43025.57432937225,44745.88613465542,0.0
303.7962956412577,9757.995617851198,9454.19932220994,34060.46289107744,34364.2591867187,0.0
876.9984696208415,16238.5868962305,15361.588426609658,40281.846263745916,41158.84473336676,0.0
4283.653329669396,6922.872307167245,2639.2189774978488,11766.27754798748,16049.930877656876,0.0
522.2795160370358,10828.068277185102,10305.788761148067,27750.454323742564,28272.7338397796,0.0
3242.9808111576062,2561.62892840713,-681.3518827504763,9537.41318529014,12780.393996447745,0.0
1114.1153854972288,12402.078652454062,11287.963266956833,41056.30522425899,42170.42060975622,0.0
366.6022702701539,7328.637224473241,6962.034954203087,22903.346953644566,23269.949223914722,0.0
600.3104364011887,15099.107417394322,14498.796980993133,22377.111773313714,22977.422209714903,0.0
1489.088709087208,19161.33949297361,17672.2507838864,10424.723747713027,11913.812456800235,0.0
1342.960820772535,6418.447435123174,5075.486614350639,3582.5307115742335,4925.4915323467685,0.0
4089.3603602048734,4061.1900399354718,-28.1703202694016,43766.4541318954,47855.814492100275,0.0
5452.750590870811,5848.1060780985445,395.35548722773365,24097.21396963604,29549.96456050685,0.0
1049.0098230078868,19036.82424580752,17987.81442279963,17146.755791835265,18195.765614843152,0.0
23366.461523372127,23377.31135787917,10.849834507043852,4413.675603197897,27780.13712657002,1.0
2520.360601742857,15183.23076426411,12662.870162521252,21814.467964684714,24334.82856642757,0.0
4965.557457609538,18800.130141133344,13834.572683523806,5916.203650156909,10881.761107766448,0.0
1947.539206789902,3708.2447616598415,1760.7055548699395,24052.556373815914,26000.095580605815,0.0
2884.5090074652726,6065.379335036739,3180.870327571466,30461.133138467732,33345.642145933,0.0
273.27467045781424,18022.639756094915,17749.365085637102,17621.55127763703,17894.825948094844,0.0
2893.3710986395695,1894.3089744668894,-999.0621241726801,17319.965988142616,20213.337086782187,0.0
5676.254292465998,10545.757053538482,4869.502761072484,107.04596727376115,5783.30025973976,0.0
3254.5690344988766,850.1783431279437,-2404.390691370933,20225.820155756584,23480.38919025546,0.0
2204.758743269378,9898.900895790908,7694.14215252153,46157.194385842886,48361.95312911226,0.0
4610.459397808589,17953.801097256175,13343.341699447587,17812.41265437919,22422.872052187777,0.0
3919.576620616502,16582.101699499945,12662.525078883442,20575.58014496052,24495.156765577023,0.0
1264.831142279547,1170.3487378586417,-94.48240442090537,38212.281042619004,39477.11218489855,0.0
5098.87075853881,13336.995070368206,8238.124311829397,23856.48836978416,28955.359128322973,0.0
627.3492237570877,841.2151727540777,213.86594899699003,37540.569068721954,38167.918292479044,0.0
1555.8208853894844,15356.852940360937,13801.032054971452,6397.497045988243,7953.317931377727,0.0
1508.5977092569253,6009.546841417649,4500.949132160724,31381.517745089393,32890.11545434632,0.0
554.2625655694364,5485.4913549703815,4931.228789400945,14082.650484223192,14636.913049792627,0.0
846.2915069717716,15516.736109454598,14670.444602482827,30674.638592598978,31520.93009957075,0.0
2211.408780520436,2835.0623757603717,623.6535952399358,25493.70281532014,27705.111595840575,0.0
1289.0564349149424,14172.25206197975,12883.195627064808,1054.0330214268479,2343.0894563417905,0.0
2859.0354938077303,10955.749446002981,8096.71395219525,32197.115266795518,35056.15076060325,0.0
3561.8566739240605,10473.61703083104,6911.760356906979,23462.247293526983,27024.103967451043,0.0
1788.7175271479882,13120.834526258182,11332.116999110194,27325.685435060175,29114.402962208165,0.0
268.31984283982894,12186.224543054335,11917.904700214507,38334.89119167413,38603.21103451396,0.0
7117.997798463181,11125.192877573172,4007.1950791099907,38200.631283286035,45318.62908174922,0.0
1842.2218156342205,4213.0631724857485,2370.841356851528,20552.128271046528,22394.350086680748,0.0
494.5364737348612,3591.1445635344844,3096.608089799623,24553.397482678924,25047.933956413784,0.0
552.0379237005986,2185.9213888429704,1633.8834651423717,10780.45315410952,11332.491077810118,0.0
814.4672081772699,13379.159566606408,12564.692358429138,12887.003065575931,13701.4702737532,0.0
688.8183054948224,18788.796033850227,18099.977728355403,29002.177764904918,29690.996070399742,0.0
27.681797717852966,5222.57718907847,5194.895391360617,27122.29030386034,27149.972101578194,0.0
307.687789972201,10963.274705558095,10655.586915585895,43563.64538086973,43871.333170841935,0.0
3691.8264148672692,9438.087848812971,5746.261433945701,21613.564389408428,25305.390804275696,0.0
1128.8104501953671,7619.131629045814,6490.321178850447,12744.09782055918,13872.908270754548,0.0
8118.673990418646,16276.173729686663,8157.499739268017,32199.897681523675,40318.57167194232,0.0
129.13314064662939,2799.804160047553,2670.671019400924,3320.8202240717465,3449.9533647183757,0.0
1554.3597713604988,18686.59148815277,17132.231716792274,44029.122156048325,45583.48192740882,0.0
53.09191042933922,9680.920177635013,9627.828267205674,37589.94722593543,37643.03913636477,0.0
4541.50289871183,6079.633327937129,1538.130429225299,10751.128467809229,15292.631366521058,0.0
2364.566975087965,19101.455675011082,16736.888699923118,14807.723413192896,17172.29038828086,0.0
564.6136987902819,14213.905940782806,13649.292241992523,169.3923991319568,734.0060979222387,0.0
848.010597989943,4018.264530586723,3170.25393259678,3262.7594562502973,4110.77005424024,0.0
566.5273347157338,7485.27130423992,6918.7439695241865,14893.816576139669,15460.343910855403,0.0
1285.8780291350486,13313.81736169483,12027.939332559781,1071.9933311556629,2357.8713602907114,0.0
4414.646952693534,19768.41948111539,15353.772528421856,20475.9240139357,24890.57096662923,0.0
546.7172339142941,6178.330872434171,5631.613638519877,15570.2822522439,16116.999486158194,0.0
1422.176549979631,14712.974935027618,13290.798385047987,10796.280046947875,12218.456596927506,0.0
122.93677172784435,5496.971015836915,5374.034244109071,18578.655425810004,18701.592197537848,0.0
178.77427926089825,10894.578156846868,10715.80387758597,15620.294883981589,15799.069163242488,0.0
33243.847649327356,33289.085067029686,45.237417702330276,7464.597592217776,40708.44524154513,1.0
328.98264025268173,15361.52759878133,15032.544958528648,2393.2799453053544,2722.2625855580363,0.0
6343.673439119571,5004.096555297241,-1339.5768838223303,38998.11011943897,45341.78355855854,0.0
1261.0254889028179,19533.376427622134,18272.350938719315,31342.68106267667,32603.70655157949,0.0
795.5281232593031,1910.7934848031184,1115.2653615438153,19857.624997146017,20653.15312040532,0.0
2187.583784976302,9884.842060638297,7697.258275661995,34341.060799614796,36528.6445845911,0.0
3437.346972513234,11752.540163414113,8315.193190900878,32634.451967046287,36071.79893955952,0.0
168.1015028551401,5669.9035981919205,5501.80209533678,7770.056436950773,7938.157939805913,0.0
1468.6463600932605,17947.858746743652,16479.21238665039,21288.080746515257,22756.72710660852,0.0
1868.5799050783294,19220.231675972947,17351.65177089462,24818.21862331535,26686.79852839368,0.0
1083.7172910217846,13023.0879215526,11939.370630530815,18003.274677536414,19086.9919685582,0.0
1356.7893546702774,1700.0891656293188,343.29981095904145,33607.43434662036,34964.22370129063,0.0
252.26650687391682,4520.952960084687,4268.68645321077,18665.24950614437,18917.516013018285,0.0
1881.6660154384795,9150.19417570465,7268.528160266171,12527.221213566008,14408.887229004487,0.0
2428.1739537617095,2054.4439271520573,-373.7300266096522,32454.587026927406,34882.76098068911,0.0
728.5811003779642,5055.6828911470475,4327.101790769083,13896.100538467954,14624.681638845917,0.0
4272.917248176112,6827.8796587944735,2554.962410618362,33513.18434137959,37786.1015895557,0.0
4268.90430451639,14745.03575351337,10476.13144899698,20960.000363536725,25228.904668053114,0.0
2171.2760713197886,861.2292465461394,-1310.0468247736492,20449.32518669172,22620.60125801151,0.0
146.29362632262684,4400.173961698578,4253.880335375951,40464.06321857166,40610.35684489429,0.0
4295.84511282517,10385.13726350529,6089.29215068012,41416.14843209213,45711.9935449173,0.0
1773.4661089248768,1636.7954753159622,-136.6706336089146,49340.534089937784,51114.00019886266,0.0
2540.2378794579326,14485.038217411775,11944.800337953842,7014.250639398339,9554.488518856273,0.0
4601.8398740176535,2031.4567344595746,-2570.383139558079,41835.53602917308,46437.37590319074,0.0
481.5834329438416,7285.388990026721,6803.80555708288,9178.145405995436,9659.728838939278,0.0
5766.311092700327,9069.574799989621,3303.263707289294,10987.515008343973,16753.826101044302,0.0
648.2158141702838,18927.833337845634,18279.61752367535,37557.41839112913,38205.634205299415,0.0
1379.0902174468677,1527.8409021420603,148.7506846951926,1381.5916427965315,2760.681860243399,0.0
816.5622809286673,15514.485555028717,14697.92327410005,21477.45617603378,22294.018456962447,0.0
626.1299942546555,2026.3523742325792,1400.2223799779238,26184.71661223441,26810.846606489064,0.0
6830.183846100175,10913.704207490804,4083.5203613906288,29748.417867073513,36578.60171317369,0.0
238.89739389120726,3618.3082779704864,3379.410884079279,39586.64464998264,39825.54204387385,0.0
3276.1769497430455,13149.553329394192,9873.376379651147,42135.95617697343,45412.13312671647,0.0
249.55832834801606,7080.802391402952,6831.244063054935,44851.925812534224,45101.48414088224,0.0
811.8155996739767,8262.699975606502,7450.884375932525,21066.99083055242,21878.806430226396,0.0
3374.147430579269,11824.374226048361,8450.226795469092,22895.47034823577,26269.617778815038,0.0
1665.2107754173157,4983.408231801835,3318.1974563845197,126.37749159544742,1791.5882670127633,0.0
5068.817434221934,14509.973477301752,9441.156043079818,17172.214164700494,22241.031598922425,0.0
4359.406162201104,12180.715362164567,7821.309199963463,15712.076024975247,20071.482187176352,0.0
7861.264266559312,17174.63372895008,9313.369462390769,22207.21011100598,30068.474377565293,0.0
2777.5127920108494,11638.384087276818,8860.871295265968,43416.1981825184,46193.71097452925,0.0
2563.5236061316077,643.3843688113261,-1920.1392373202816,29030.988024117687,31594.511630249293,0.0
2276.665297252894,11110.118166819637,8833.452869566743,13692.125954962958,15968.791252215851,0.0
286.54011379580527,16929.422912860133,16642.882799064326,19586.388181558912,19872.92829535472,0.0
1482.1611815681836,4282.882146356245,2800.720964788062,42829.22221137288,44311.38339294106,0.0
58.1418433592142,9285.462511807982,9227.320668448769,46675.09383512175,46733.23567848096,0.0
234.48777019755468,12846.98416046756,12612.496390270006,23623.10569574452,23857.593465942075,0.0
7736.484833189782,1513.3389135580148,-6223.145919631767,30701.55992243253,38438.044755622315,0.0
731.7642558294747,16971.828757979318,16240.064502149842,24397.88198953744,25129.646245366916,0.0
1486.8247002254054,6626.160244820956,5139.33554459555,9075.398081074776,10562.222781300181,0.0
3834.774034358838,9764.61311617079,5929.839081811953,995.0741870038916,4829.848221362729,0.0
488.58065337707876,2018.6402872801698,1530.059633903091,39074.5121629286,39563.09281630568,0.0
28.97172274407869,3422.3245782877566,3393.352855543678,37734.126043407065,37763.09776615114,0.0
134.85517563822103,15419.578536846053,15284.723361207833,31279.479173487634,31414.334349125857,0.0
2980.0571166818354,19332.5236557436,16352.466539061765,39495.600085142265,42475.6572018241,0.0
33510.50619813497,33521.935666249214,11.4294681142419,8797.079824040533,42307.58602217551,1.0
1022.6943067211349,7015.660031585381,5992.965724864246,20831.592505970577,21854.286812691713,0.0
3551.2141422835957,4171.899235883575,620.6850935999792,14256.658759035434,17807.87290131903,0.0
2706.230712980416,3786.035547454092,1079.8048344736762,1632.7517297101301,4338.982442690546,0.0
10613.150390589524,10669.688906599444,56.538516009919476,4315.542899531073,14928.693290120598,1.0
1568.5006012347678,4501.149286643737,2932.648685408969,40423.014473857416,41991.51507509218,0.0
791.8446443525971,11480.968580894914,10689.123936542317,3864.674657523293,4656.51930187589,0.0
3927.165624308441,10904.99973715297,6977.834112844529,48536.40819928972,52463.57382359816,0.0
1015.0132519903914,18109.48773549905,17094.474483508657,34911.649490656506,35926.6627426469,0.0
35283.961932028484,35297.584709860326,13.62277783184254,1871.0842291725305,37155.04616120101,1.0
1001.3031297917177,5671.956188802154,4670.653059010437,11884.938015311442,12886.241145103158,0.0
247.4255590198859,3463.6135582439983,3216.1879992241124,34405.69381305277,34653.11937207266,0.0
1269.7122742597885,5609.682587884054,4339.970313624265,18665.770318297047,19935.482592556837,0.0
606.8254627127664,1256.5893672133056,649.7639045005393,32715.3160767028,33322.14153941556,0.0
2247.203089288612,2496.6920244669427,249.48893517833085,47070.55907092506,49317.76216021367,0.0
230.85226586207665,2535.243432615165,2304.3911667530883,34890.234924720426,35121.087190582504,0.0
771.4708523290166,7287.013131807749,6515.542279478733,48648.86902101524,49420.33987334426,0.0
2656.5871575288006,13141.80178232663,10485.214624797829,44672.173268813254,47328.76042634206,0.0
5660.175435370109,5443.269814062576,-216.90562130753278,49913.44881020343,55573.62424557354,0.0
2489.686963470567,19266.123670863304,16776.436707392735,6901.380446894839,9391.067410365406,0.0
3173.8852858327004,10731.109980369634,7557.224694536933,44234.118871084385,47408.004156917086,0.0
38537.56449308702,38612.173839306444,74.60934621942579,3599.6152488315547,42137.179741918575,1.0
1080.4909573190712,11075.999534600267,9995.508577281196,22230.279961805045,23310.770919124116,0.0
52.21490347374638,12089.468811568617,12037.25390809487,9247.2668605866,9299.481764060347,0.0
6322.707139547448,13360.056133429393,7037.348993881945,43036.427969404234,49359.13510895168,0.0
916.8326144140401,7418.547148299579,6501.714533885539,13019.867937253583,13936.700551667622,0.0
1643.9649757727607,3940.03225334378,2296.0672775710195,29439.72645901148,31083.69143478424,0.0
2716.436372469671,8226.823262919916,5510.386890450245,46890.848261628096,49607.28463409777,0.0
4233.896354690996,7522.771225709292,3288.8748710182954,10743.558692456729,14977.455047147725,0.0
2065.1112671274177,4697.7463928237685,2632.6351256963508,40895.73130233324,42960.842569460656,0.0
27254.42633420773,27345.198868520663,90.77253431293502,244.64702758933421,27499.07336179706,1.0
1665.4309278867954,19560.04459197824,17894.613664091445,17435.140542148918,19100.571470035713,0.0
5854.522233888301,1123.891972814332,-4730.630261073969,44099.37953830648,49953.90177219478,0.0
2462.5001234091806,8891.757381257908,6429.257257848728,37974.32845941535,40436.828582824535,0.0
3108.1479929471952,11543.296163247376,8435.148170300181,46230.626616648595,49338.77460959579,0.0
5264.503012848412,3608.2002530423424,-1656.3027598060698,4666.40601349132,9930.909026339732,0.0
3443.5359241561364,11417.721728751185,7974.1858045950485,3558.8399431838393,7002.375867339975,0.0
1627.4739841204555,9870.918846307228,8243.444862186772,588.2547183498843,2215.72870247034,0.0
2711.6963113171614,12663.190995200039,9951.494683882876,20261.289146466697,22972.98545778386,0.0
456.4739730869154,11628.448400748535,11171.97442766162,38436.73966894013,38893.21364202705,0.0
991.5653301304104,18867.158951578193,17875.59362144778,12536.591300102724,13528.156630233134,0.0
2611.1331547105665,13552.292839874524,10941.159685163959,48663.03716819497,51274.170322905535,0.0
1107.5132385172146,5286.3620195091435,4178.848780991929,37507.51406492588,38615.0273034431,0.0
900.4082298900203,14552.956862903315,13652.548633013295,34311.664004822385,35212.0722347124,0.0
3754.227622065186,12330.441802358773,8576.214180293588,10072.324082289691,13826.551704354877,0.0
5363.447047947478,2964.2177679666,-2399.2292799808774,46884.10510797351,52247.55215592099,0.0
183.0171341590901,791.5244365326586,608.5073023735685,21730.118435899592,21913.135570058683,0.0
2609.635612045055,13388.989502668679,10779.353890623624,15764.025655196128,18373.661267241183,0.0
469.383616498048,10605.257154900586,10135.873538402539,24067.791605392613,24537.175221890662,0.0
276.59268862617733,9611.5894221463,9334.996733520124,23952.036283730682,24228.62897235686,0.0
3040.3085822463195,12188.895569538623,9148.586987292303,12426.800100641816,15467.108682888136,0.0
105.24827318536731,13617.915424258506,13512.66715107314,7498.851207577234,7604.099480762601,0.0
24335.27738312473,24386.732692258105,51.45530913337643,8756.993729425654,33092.271112550385,1.0
4217.822870880716,3778.30290315564,-439.51996772507664,33538.001085576696,37755.82395645741,0.0
5962.598120437668,10487.3141407108,4524.716020273132,29254.994927249307,35217.593047686976,0.0
350.32974990858804,16771.935930693886,16421.606180785297,12264.504682182149,12614.834432090736,0.0
3062.731297166667,17934.781700527987,14872.05040336132,48859.1453297498,51921.87662691647,0.0
1762.6947556145813,19560.40298208493,17797.708226470346,18847.498584313606,20610.193339928188,0.0
2171.988533791091,8562.582450848122,6390.593917057031,8676.845981944176,10848.834515735267,0.0
3151.453873135485,753.699161804518,-2397.754711330967,12518.652535348885,15670.106408484371,0.0
2583.843134977741,11599.989135783235,9016.146000805493,29881.449659777998,32465.29279475574,0.0
24.457888717938616,13901.069697483317,13876.61180876538,28604.990848581252,28629.44873729919,0.0
34.1858401169344,7428.1480427767165,7393.962202659782,36081.481800235,36115.66764035194,0.0
1937.6632138705688,15015.179983927817,13077.51677005725,9134.740635569138,11072.403849439706,0.0
81.76715752199796,9411.967067756197,9330.1999102342,22484.483668466986,22566.250825988984,0.0
1127.354381371185,10214.691333892593,9087.336952521408,38181.595777356706,39308.950158727894,0.0
1044.4635241230028,9539.182865548975,8494.719341425973,14768.850192030803,15813.313716153805,0.0
3340.5715008009806,15109.734719272516,11769.163218471534,38041.55150097253,41382.12300177351,0.0
2861.33974825304,3829.82552728252,968.48577902948,44966.970450920155,47828.3101991732,0.0
447.59934978327226,12581.860560128192,12134.261210344921,1243.7941007302722,1691.3934505135444,0.0
7405.399713194938,14395.727442318666,6990.327729123728,37378.731802705515,44784.13151590045,0.0
3184.545077863279,9544.291581150337,6359.746503287059,27688.697714721904,30873.242792585184,0.0
39554.749998608895,39598.39873353967,43.64873493077175,6467.749610819325,46022.49960942822,1.0
1133.9860611906358,18896.848091673066,17762.86203048243,25061.6363339204,26195.622395111037,0.0
1255.879352009015,11962.010398794257,10706.131046785242,27875.913233363764,29131.79258537278,0.0
1572.7057727048211,7075.4396857945785,5502.733913089757,16924.025518398885,18496.731291103704,0.0
9500.0,4397.523005664151,-5102.476994335849,43814.83202457424,53314.83202457424,0.0
3951.893478399391,18213.997091737107,14262.103613337717,44037.42885370947,47989.32233210886,0.0
47503.78311520551,47523.3024966331,19.519381427591725,3546.7082661031045,51050.49138130861,1.0
35590.32201454804,35606.11665179022,15.794637242179306,95.06202418105624,35685.38403872909,1.0
761.8230895914206,1806.3263407190284,1044.5032511276077,42378.23981392473,43140.062903516155,0.0
823.817159724865,812.5490508749008,-11.268108849964165,23016.06950286992,23839.886662594785,0.0
2007.3946638690727,12482.739474976255,10475.344811107183,28853.872131588272,30861.266795457344,0.0
1015.5561897093563,14771.518377086766,13755.96218737741,6428.863039843924,7444.41922955328,0.0
39743.24428676006,39812.085220405635,68.84093364557339,3.3015925947643687,39746.545879354824,1.0
1884.9295219090247,18081.808974984022,16196.879453074996,4184.049412384866,6068.97893429389,0.0
2366.2644760731478,15570.381626816816,13204.117150743668,41829.68895654756,44195.95343262071,0.0
2308.6591672976315,6549.588033021743,4240.928865724112,39815.00929838318,42123.66846568081,0.0
1808.8712282005445,14779.86502685953,12970.993798658987,34466.94111000414,36275.81233820468,0.0
6275.265571920649,13507.218713944401,7231.953142023753,43683.43278256657,49958.69835448722,0.0
750.5723969681785,14788.106600559478,14037.5342035913,9053.14495579822,9803.717352766398,0.0
2022.1775915597088,14201.276740539359,12179.09914897965,25550.238177229345,27572.415768789055,0.0
2138.5147690342055,9462.487658792066,7323.972889757861,14116.317536597122,16254.832305631327,0.0
2205.75355680919,9546.757137370372,7341.003580561182,30610.45316286079,32816.20671966998,0.0
1357.0102187459086,4740.332178236101,3383.321959490192,22957.95651879557,24314.96673754148,0.0
28367.805020760854,28401.935944809844,34.13092404898998,6454.684255181676,34822.48927594253,1.0
6613.24697002486,14609.823658579628,7996.576688554767,39829.04700075737,46442.29397078223,0.0
25414.249794621075,25489.380524186294,75.13072956521864,698.1630148556195,26112.412809476693,1.0
230.10923594385855,10323.582152630364,10093.472916686505,19970.015088914737,20200.124324858596,0.0
994.5388335703133,1202.7288612341554,208.1900276638421,5279.1356452214,6273.674478791714,0.0
3361.0446220176223,3347.3296590461105,-13.714962971511795,44913.98537718975,48275.02999920737,0.0
625.4860967991647,3556.8774781862458,2931.3913813870813,6459.195890437475,7084.6819872366395,0.0
1800.1527100201276,15643.833376029615,13843.680666009488,35241.20826953581,37041.36097955594,0.0
409.7978903413981,17294.028431577524,16884.230541236127,23623.016442697382,24032.81433303878,0.0
1061.5156270107555,18941.444614599975,17879.92898758922,38103.58267198629,39165.09829899704,0.0
274.6792401703987,14705.183438392545,14430.504198222146,22945.826214936766,23220.505455107163,0.0
2594.1581043293663,3375.3513898096303,781.193285480264,31751.22830708048,34345.38641140985,0.0
400.84226328327964,2051.9688737548277,1651.126610471548,46974.04438574377,47374.88664902705,0.0
2159.4008200670255,15592.904202233176,13433.503382166151,48274.282850396696,50433.683670463724,0.0
876.776328331348,2283.917679628119,1407.141351296771,26559.939712075575,27436.716040406922,0.0
5070.714917406533,14218.802633539843,9148.08771613331,14091.283954984236,19161.998872390766,0.0
6914.823059507108,4663.980818737052,-2250.8422407700564,46797.757686430166,53712.58074593727,0.0
2794.4407832521283,1133.1800479890915,-1661.2607352630368,15491.988576383914,18286.429359636044,0.0
7448.205618868186,2088.7410054023667,-5359.46461346582,47259.42898797722,54707.63460684541,0.0
265.56812430445274,14312.318957020421,14046.750832715968,32689.482541836147,32955.050666140596,0.0
1900.8080391827455,3099.0430326023766,1198.234993419631,6079.367476676345,7980.17551585909,0.0
849.6008524262128,13281.001579592894,12431.400727166681,8212.053361157723,9061.654213583935,0.0
8567.731151105078,12818.587157368389,4250.856006263311,1753.2474509359351,10320.978602041012,0.0
2090.8894779211514,16465.390813865713,14374.501335944562,19931.44808220375,22022.337560124903,0.0
2813.336441646111,12745.195339186703,9931.858897540591,26598.586724824912,29411.923166471024,0.0
7001.2209088488,5955.455152297297,-1045.7657565515028,49494.60811199373,56495.82902084253,0.0
605.0460498382329,10166.481696526373,9561.43564668814,4233.4907137644705,4838.536763602703,0.0
927.7963659451799,2347.408838197211,1419.6124722520312,37785.49612461964,38713.29249056482,0.0
495.779258944046,14203.396836146943,13707.617577202898,11846.393075559114,12342.17233450316,0.0
2469.181998879371,4175.747129513442,1706.565130634071,41637.93342263571,44107.11542151508,0.0
2281.9916414744807,7647.748153894911,5365.75651242043,33396.68677278712,35678.6784142616,0.0
3609.449015494012,10832.57469760502,7223.125682111007,37388.831913605034,40998.28092909905,0.0
1010.1963870055586,6639.402530470339,5629.20614346478,5513.836413828343,6524.032800833902,0.0
1745.3634581899275,13034.728526180386,11289.365067990459,7672.8416054081035,9418.20506359803,0.0
1675.4777451362936,19362.89817139266,17687.420426256365,40503.46541146138,42178.94315659768,0.0
9500.0,5551.185310015269,-3948.8146899847306,10672.394066302115,20172.394066302113,0.0
3046.1532840505615,1767.5153845033258,-1278.6378995472357,32956.49563115803,36002.64891520859,0.0
2930.006695456033,8176.79677681695,5246.790081360918,4462.487581829199,7392.494277285232,0.0
4916.419121542603,12517.66959290582,7601.250471363218,4042.3400821626988,8958.759203705302,0.0
5904.56786382764,17035.44801959551,11130.88015576787,18225.048227439624,24129.616091267264,0.0
657.9382183731814,14065.71443269911,13407.776214325928,6904.1828301004525,7562.121048473634,0.0
2188.427278031938,13288.504962884159,11100.077684852222,37827.63300289081,40016.06028092275,0.0
345.388350922558,14995.381463615242,14649.993112692684,47152.44053188101,47497.828882803566,0.0
10581.072922767598,10601.225623059423,20.152700291824658,8527.367457319317,19108.440380086915,1.0
6888.156241058423,15540.801292728576,8652.645051670153,16192.481537292242,23080.637778350665,0.0
2440.6855282395964,13921.713469331473,11481.027941091877,4663.006009041587,7103.691537281184,0.0
306.2370681216703,10607.316499276558,10301.079431154887,682.9941717646004,989.2312398862707,0.0
2924.39422067845,10092.59646876302,7168.20224808457,43062.46925915325,45986.8634798317,0.0
893.305335129616,6750.455252726663,5857.1499175970475,4085.197980111438,4978.503315241054,0.0
1416.390610619194,19738.105070196867,18321.714459577674,10437.294119931461,11853.684730550654,0.0
174.5050030480418,2403.5658304354047,2229.0608273873627,39195.825483960136,39370.33048700818,0.0
5070.034559411854,16107.101674879234,11037.06711546738,37591.31942131266,42661.35398072452,0.0
6082.3710222210275,7507.110315057851,1424.7392928368236,8494.143758041246,14576.514780262274,0.0
2374.5796142289446,1346.2449822819365,-1028.3346319470081,37313.30306661026,39687.882680839204,0.0
927.6071815125889,2845.2837810078336,1917.6765994952448,47652.329307992244,48579.936489504835,0.0
7569.355945842468,7401.160510630432,-168.1954352120356,12954.910269105563,20524.26621494803,0.0
715.8609201580936,15443.77065554072,14727.909735382627,19879.59346553233,20595.454385690424,0.0
1344.3083178799513,3869.99100340082,2525.6826855208683,24095.37844180011,25439.68675968006,0.0
1952.1365320651216,6952.298210028988,5000.161677963866,2459.4495116011026,4411.586043666224,0.0
7947.002206390479,17644.48458291496,9697.48237652448,6808.707118078561,14755.70932446904,0.0
6706.352778831383,6422.833401389438,-283.5193774419449,9771.12933191745,16477.48211074883,0.0
962.3383116586516,14340.808479367464,13378.470167708812,15477.658470132537,16439.99678179119,0.0
1704.4215916893254,2939.2337418098687,1234.8121501205433,9340.394909524925,11044.816501214249,0.0
122.87248405749311,10641.612322723386,10518.739838665893,47602.92091486053,47725.793398918024,0.0
8738.00895711178,17180.459161033614,8442.450203921833,1521.1157196642123,10259.124676775993,0.0
5340.275848798653,7754.849572338044,2414.573723539391,37275.15426763863,42615.43011643728,0.0
18942.465796532506,19036.000024672197,93.53422813969155,7290.376238201884,26232.84203473439,1.0
1675.8416643098867,7295.320528015279,5619.478863705392,10951.918082102924,12627.75974641281,0.0
282.13125940532086,11851.823654887468,11569.692395482147,36450.671064648435,36732.80232405376,0.0
18044.256233323824,18068.26007520024,24.003841876416118,2975.135051137778,21019.391284461602,1.0
1284.7622832931872,9818.413420806148,8533.651137512961,35009.41296470265,36294.17524799584,0.0
7353.158509250842,603.821716135753,-6749.336793115089,48539.54952845148,55892.708037702316,0.0
6299.391460341038,15117.702166905963,8818.310706564926,20566.13484116348,26865.526301504517,0.0
507.962060888422,545.7757404153365,37.813679526914484,42477.187977706104,42985.150038594526,0.0
3442.9556217301324,4684.0139918105715,1241.058370080439,39185.149438048764,42628.1050597789,0.0
1813.086562201032,15943.239782100956,14130.153219899925,4329.367908967513,6142.454471168545,0.0
836.812807540526,5766.140088980336,4929.327281439811,18908.59072264656,19745.403530187086,0.0
247.40764959332435,9670.776342485708,9423.368692892383,29170.771763006203,29418.17941259953,0.0
2168.4402201180797,10655.903929809603,8487.463709691523,21677.15514019005,23845.59536030813,0.0
29574.28443342108,29655.155973109624,80.87153968854545,7644.32862370192,37218.613057123,1.0
754.7763012227929,5663.918274677217,4909.141973454423,8758.74318520905,9513.519486431844,0.0
367.87982984631583,614.3621937996454,246.48236395332958,22182.282330173937,22550.162160020252,0.0
513.0708881981344,4487.834604509519,3974.763716311384,28149.07522576329,28662.146113961422,0.0
3962.8535689499245,576.4083115463186,-3386.445257403606,18553.23674017657,22516.090309126495,0.0
6469.348709717577,7167.7226247071685,698.3739149895919,1812.744772076369,8282.093481793945,0.0
1651.4051593682618,1139.597548399472,-511.80761096878973,36528.31352167024,38179.7186810385,0.0
447.4737434089003,11357.958025426997,10910.484282018097,18787.967390198144,19235.441133607044,0.0
2442.5034276369774,5426.928542340006,2984.4251147030286,29056.119996452777,31498.623424089754,0.0
8077.284332031841,1151.7596624923233,-6925.524669539517,38590.27342391173,46667.55775594357,0.0
1295.9656642766406,5510.569840415163,4214.604176138522,24065.518927914665,25361.484592191307,0.0
753.2504339505986,9623.259521366119,8870.009087415521,21535.83108040052,22289.081514351117,0.0
450.3595461340459,3753.547275008764,3303.187728874718,8852.07205299532,9302.431599129366,0.0
6015.899080207979,14861.226905071919,8845.32782486394,11865.885210194554,17881.78429040253,0.0
4514.192920118012,6422.615106820603,1908.4221867025908,47216.61178741458,51730.80470753259,0.0
2085.2658528155034,16983.93452593017,14898.668673114666,18782.43677465004,20867.702627465544,0.0
5047.850952306083,7543.713150028329,2495.8621977222465,25311.551804544008,30359.40275685009,0.0
1645.0466418653057,7619.331444520214,5974.284802654908,36932.63252940711,38577.679171272415,0.0
633.5133508574036,8877.253497246662,8243.740146389258,39485.60046052745,40119.11381138486,0.0
126.04565512032681,17603.849119414615,17477.803464294288,46453.818012841184,46579.86366796151,0.0
2006.988381041062,6061.513152268074,4054.524771227012,4712.153320226281,6719.141701267343,0.0
796.9726691007795,6654.847699659469,5857.875030558689,4111.661075530026,4908.633744630806,0.0
2254.185804892322,11627.959290125385,9373.773485233063,33722.05356834342,35976.239373235745,0.0
2342.397516936516,3847.7248033427295,1505.3272864062137,3568.3506944690025,5910.748211405518,0.0
33684.60353156747,33698.81422755073,14.210695983259939,6925.773793969057,40610.37732553652,1.0
2001.4994096702524,14557.417771515906,12555.918361845654,21669.04240574704,23670.541815417295,0.0
1549.1247211418474,14268.1332354416,12719.008514299754,24689.944785787306,26239.069506929154,0.0
42682.40987505207,42757.66174110911,75.25186605703493,1124.0471127794883,43806.45698783156,1.0
1246.9861955421256,8938.958093309777,7691.971897767651,2586.0441277326727,3833.0303232747983,0.0
815.6526311026188,15723.63643134676,14907.983800244141,32566.805290010274,33382.457921112895,0.0
161.65959314865066,15700.867795566692,15539.208202418042,30278.513694696514,30440.173287845166,0.0
1013.9474850331222,1801.6299695897599,787.6824845566376,26020.438234129935,27034.385719163056,0.0
2169.2350168233643,14999.113257927245,12829.878241103881,30960.39625149115,33129.631268314515,0.0
103.46419940695954,16318.995888826477,16215.531689419518,12467.615545335098,12571.079744742057,0.0
1161.2138630901309,7123.382099388134,5962.168236298003,6056.9286924450735,7218.142555535204,0.0
128.0989709773141,731.4912600525063,603.3922890751921,46782.75647047723,46910.85544145454,0.0
545.6582401191886,9986.413931782246,9440.755691663058,2456.344694592616,3002.0029347118048,0.0
7665.941920307048,4704.975373154059,-2960.9665471529897,44405.3959505736,52071.33787088065,0.0
437.93851401442186,3817.783433454579,3379.8449194401574,18540.209877242374,18978.148391256796,0.0
6581.1921595658005,13472.82030661976,6891.62814705396,46158.80142281649,52739.99358238229,0.0
1697.2449065363771,18314.771222352552,16617.526315816176,3658.754938400105,5355.999844936482,0.0
1955.5841381307484,8036.020004394737,6080.435866263989,5011.412832144213,6966.996970274961,0.0
6243.445096281949,6537.820295055493,294.37519877354407,29680.341302458375,35923.786398740325,0.0
2178.4544959946625,3416.2117118604183,1237.7572158657558,49640.72311277693,51819.17760877159,0.0
32200.60373015791,32280.719289888024,80.11555973011491,173.00122740969815,32373.604957567608,1.0
1335.2002810964987,7358.341450196762,6023.141169100263,36463.32029183167,37798.520572928166,0.0
2772.272510431998,19215.0415685084,16442.769058076403,18748.227453726464,21520.49996415846,0.0
172.72172767807925,16159.387731179657,15986.666003501578,29127.58481923001,29300.30654690809,0.0
458.7868206579616,5293.462446940205,4834.675626282244,7644.355782399909,8103.1426030578705,0.0
1404.198024502916,14910.345231546757,13506.147207043841,40956.93188758161,42361.12991208453,0.0
83.16290383458485,18921.793942613393,18838.631038778807,39318.3692980849,39401.53220191949,0.0
929.551648610978,17447.431840132205,16517.880191521228,13536.137909799167,14465.689558410144,0.0
31.02924692882995,14728.729066121205,14697.699819192374,48442.966773389424,48473.996020318256,0.0
128.93054583317326,5302.279315011878,5173.348769178705,42065.41757498509,42194.348120818264,0.0
8788.12778303301,12127.042217037691,3338.9144340046823,8865.562676132244,17653.690459165253,0.0
5187.167114950511,15192.774306206373,10005.607191255862,46203.89026471347,51391.05737966398,0.0
1381.881890319872,5443.128188515212,4061.2462981953404,39612.53500820091,40994.41689852078,0.0
854.1075229709083,3198.752926378429,2344.6454034075205,45537.590636907364,46391.69815987827,0.0
941.0632425607283,16245.819745212224,15304.756502651495,39645.11391648179,40586.17715904251,0.0
326.1493937121577,3933.7411149051513,3607.5917211929936,17011.262076119598,17337.411469831757,0.0
245.22731358721373,19580.866355187456,19335.639041600243,22068.00393428107,22313.231247868283,0.0
32141.982154492693,32226.27939469755,84.2972402048581,3906.4065480433906,36048.38870253608,1.0
2827.3434956330325,7618.427550505729,4791.084054872697,23189.029868046142,26016.373363679173,0.0
3574.8789078052864,3354.274798484871,-220.60410932041532,23660.751495905253,27235.63040371054,0.0
9663.023793585815,9750.46823240643,87.44443882061569,4319.8759242515725,13982.899717837387,1.0
534.8233754311112,7090.976230055555,6556.1528546244435,19055.466300414144,19590.289675845255,0.0
2264.689206442046,15756.718268566952,13492.029062124906,44062.47641613028,46327.16562257233,0.0
3161.8045343483373,9211.42074357216,6049.616209223823,4415.63606092889,7577.440595277228,0.0
1995.5849193818528,2045.3673195336119,49.78240015175902,18570.845599661607,20566.43051904346,0.0
3290.865070249198,1252.53545779361,-2038.3296124555882,49909.893964392875,53200.75903464208,0.0
25749.20052230882,25792.448859896085,43.24833758726527,755.9587516160127,26505.159273924834,1.0
6049.21931486486,11260.660303916286,5211.440989051425,13786.481849037797,19835.701163902657,0.0
45557.52250986986,45563.79466896,6.27215909014194,7575.269941328445,53132.7924511983,1.0
1556.511668598201,3085.194510947406,1528.682842349205,48042.778839238985,49599.290507837184,0.0
571.0388529673615,3848.3447849869194,3277.305932019558,47940.04771294239,48511.08656590975,0.0
17689.71104208842,17751.899358233914,62.188316145493445,6317.361768234109,24007.07281032253,1.0
1115.437765711922,1085.394401488058,-30.043364223864046,16892.694284765184,18008.132050477107,0.0
2382.482689707693,5997.626259155435,3615.143569447742,1777.5938774527544,4160.076567160448,0.0
1947.911944783962,9536.1246716906,7588.212726906639,44735.522771343276,46683.43471612724,0.0
7252.381723441355,508.00064406391,-6744.381079377445,27587.544146977565,34839.92587041892,0.0
2374.566301954948,10787.802637294333,8413.236335339385,10913.474142669305,13288.040444624254,0.0
6968.406749536392,6499.274203448562,-469.13254608783063,49777.46323697846,56745.86998651485,0.0
2196.0032354921304,18460.854982841836,16264.851747349705,30537.424747715475,32733.427983207606,0.0
11.042023874619545,3633.910309224221,3622.868285349601,12820.918478771031,12831.96050264565,0.0
1229.173934741395,1278.9854790788395,49.8115443374445,20491.923905479704,21721.097840221097,0.0
1674.1102118531048,13330.02326848955,11655.913056636446,2929.5443855067715,4603.654597359877,0.0
2015.2044594901333,18641.84795409482,16626.643494604687,36528.00404487326,38543.20850436339,0.0
784.0991325684687,17788.497125294456,17004.397992725986,27278.71733727226,28062.81646984073,0.0
340.3355467010857,9621.2855036728,9280.949956971714,33970.42787975649,34310.763426457575,0.0
836.0101498043558,9686.651922456202,8850.641772651847,11873.445361137286,12709.455510941641,0.0
2903.660520096544,3111.853778300007,208.19325820346285,20947.04210400638,23850.702624102923,0.0
2579.048944220171,10204.166312851754,7625.117368631583,4499.277817481035,7078.326761701206,0.0
1936.7979341213593,12962.603016396773,11025.805082275414,48564.8730153296,50501.670949450956,0.0
888.1368237533071,765.9769937996809,-122.15982995362617,25832.674463062143,26720.81128681545,0.0
5398.036723094237,17420.19090942516,12022.154186330925,16348.881162136964,21746.9178852312,0.0
367.4000424297356,2950.3923388018634,2582.992296372128,46621.38914894077,46988.7891913705,0.0
187.3272772820139,19327.599405577945,19140.272128295932,16477.106676194104,16664.433953476117,0.0
9500.0,17923.444442169697,8423.444442169697,39087.29294076372,48587.29294076372,0.0
5766.927574640829,19589.473439165908,13822.545864525078,48012.616260071874,53779.543834712706,0.0
1648.720641205761,2323.6424101592356,674.9217689534746,28278.21627839772,29926.93691960348,0.0
2464.490641818622,11805.543114368353,9341.05247254973,1115.0852449321792,3579.575886750801,0.0
2862.649760601149,7969.852709666881,5107.202949065732,9617.157823751071,12479.80758435222,0.0
3255.937881481113,9385.16621407761,6129.228332596496,5126.726905632201,8382.664787113314,0.0
1242.3221197992052,17873.990751468726,16631.66863166952,8270.045225067952,9512.367344867158,0.0
31225.43106997443,31290.024488454525,64.59341848009353,1808.1063503763528,33033.53742035078,1.0
659.9262344224979,6847.315093459641,6187.3888590371425,27925.807658041253,28585.73389246375,0.0
508.76494740545076,19926.377614370453,19417.612666965,11447.116806972263,11955.881754377713,0.0
1550.199803932344,5997.407934146407,4447.208130214063,37714.11665176081,39264.31645569315,0.0
2251.4743711702013,10091.208992166374,7839.734620996172,26340.14594279683,28591.620313967032,0.0
41211.0284692623,41277.53328050056,66.50481123825739,7365.5720296984455,48576.600498960746,1.0
11855.120382939247,11940.60379806298,85.48341512373372,4280.477919420747,16135.598302359995,1.0
1186.2864921671016,1611.5465572627127,425.260065095611,47971.97978705825,49158.26627922535,0.0
1008.3653620495725,19115.434214126133,18107.06885207656,17022.534777180288,18030.90013922986,0.0
514.364255753828,6054.627193906966,5540.262938153138,3782.234032867482,4296.59828862131,0.0
198.35687861780133,19251.989600148427,19053.632721530626,26867.88746134386,27066.24433996166,0.0
2372.8976394182428,11069.29832035466,8696.400680936416,30732.1409467443,33105.03858616254,0.0
2517.366519706091,17406.72633475671,14889.359815050619,22486.270529605306,25003.637049311397,0.0
3368.149656113008,3904.3877011890254,536.2380450760174,20995.37738492338,24363.52704103639,0.0
339.24974092469256,17458.168853837342,17118.91911291265,23831.208025431442,24170.457766356136,0.0
1319.5783837367603,3925.6098103873983,2606.031426650638,20366.746025163036,21686.324408899796,0.0
2639.017793398541,6024.282295955193,3385.264502556652,5246.9590163974735,7885.976809796015,0.0
1278.3857155214864,1248.0503183655055,-30.3353971559809,13311.41431587341,14589.800031394896,0.0
454.36110581677275,8247.18021244516,7792.819106628388,10354.241244385521,10808.602350202294,0.0
2168.104006766053,9895.826444737035,7727.722437970982,14286.571428289064,16454.675435055116,0.0
1177.0426275602176,560.8722014499878,-616.1704261102299,16887.788074679265,18064.830702239484,0.0
735.8160272318848,19905.608498902362,19169.792471670477,844.6677535759228,1580.4837808078078,0.0
9500.0,8594.589948671186,-905.410051328814,20137.680937372097,29637.680937372097,0.0
3802.011437083213,12689.285277387307,8887.273840304095,43120.21761465445,46922.22905173767,0.0
1417.760858989938,4077.428752797868,2659.6678938079303,16273.449433831132,17691.21029282107,0.0
3966.2812873686134,13123.171620275278,9156.890332906663,45297.595959732214,49263.87724710083,0.0
247.91604113780457,3817.9765023180794,3570.0604611802746,9535.862650237264,9783.77869137507,0.0
2168.907782794871,8126.2987608903,5957.390978095429,45476.27796811648,47645.185750911354,0.0
218.3669942528482,7425.069398501469,7206.70240424862,33000.13022872998,33218.49722298283,0.0
4566.629713623261,17343.897647817565,12777.267934194304,39679.55986011618,44246.18957373944,0.0
1225.6682929649098,18729.029788654123,17503.361495689212,26607.87424924178,27833.54254220669,0.0
1581.860255211607,7017.199076572236,5435.338821360629,23391.900656235746,24973.760911447353,0.0
5031.755425248586,17922.45155625876,12890.696131010172,21635.245731327497,26667.001156576083,0.0
3569.1805940244476,8444.453686416366,4875.273092391918,3084.014812654773,6653.1954066792205,0.0
5523.8432950259385,4417.7711238676875,-1106.072171158251,47328.19214893719,52852.03544396313,0.0
7460.555169071689,15140.40950800586,7679.85433893417,12944.437098525224,20404.992267596914,0.0
1883.7706026463973,9553.31120182463,7669.540599178233,19535.127534405467,21418.898137051863,0.0
1651.935074070447,13315.354401981213,11663.419327910766,22812.002202666776,24463.937276737222,0.0
840.6520323821159,4187.014248677802,3346.3622162956863,14077.693136409785,14918.3451687919,0.0
833.9377613043999,9775.273103035885,8941.335341731485,16173.36673652483,17007.30449782923,0.0
141.24544029252567,7622.261931499751,7481.016491207225,44791.73383450811,44932.97927480064,0.0
491.5232946991513,15049.554075653525,14558.030780954374,20741.533594447697,21233.05688914685,0.0
3514.7893602561635,19029.11851437589,15514.329154119725,22219.118115053243,25733.907475309406,0.0
3644.3800929397144,10809.792737739026,7165.412644799311,20638.153637439682,24282.533730379397,0.0
299.77851500428955,19978.641645379997,19678.863130375707,7483.6732291800545,7783.451744184344,0.0
30216.542077246384,30222.236872116227,5.694794869843463,9873.155491986287,40089.69756923267,1.0
1131.538453437462,3755.528491172149,2623.990037734687,29682.62897234052,30814.16742577798,0.0
568.3048891622931,17603.987457020783,17035.68256785849,4515.928014953652,5084.232904115945,0.0
2831.942447448347,14529.469369564451,11697.526922116103,11853.86437781073,14685.806825259078,0.0
99.14263158030373,11059.372501388514,10960.22986980821,9144.382544827635,9243.525176407938,0.0
410.7219673553782,6118.966647659359,5708.244680303981,36710.91697644344,37121.63894379882,0.0
400.80254903306366,829.7995984713428,428.9970494382792,36121.67115112065,36522.473700153714,0.0
81.93329972584974,4952.934476487529,4871.001176761679,41126.80094567359,41208.734245399435,0.0
4054.021253058005,18843.45866060302,14789.437407545016,19932.0667598192,23986.088012877208,0.0
308.2853634204434,7344.024666558782,7035.739303138339,36056.792679952174,36365.07804337262,0.0
8488.07396523052,13689.768193745118,5201.694228514598,39779.09182711414,48267.16579234466,0.0
106.45516809244549,1274.3685476588207,1167.9133795663752,9062.39030330775,9168.845471400195,0.0
5121.602897232266,7766.814032935871,2645.2111357036056,2939.8008272318534,8061.403724464119,0.0
2900.9981470242806,4812.378397158521,1911.3802501342402,13574.210874992927,16475.209022017207,0.0
30327.99556542332,30386.929403218375,58.9338377950553,1568.3369989636299,31896.33256438695,1.0
112.57508333606395,9515.40570045601,9402.830617119947,4784.310365295313,4896.885448631378,0.0
589.6453419404587,12504.675735320969,11915.03039338051,44240.15404800979,44829.79938995025,0.0
6330.186808793514,16297.731769536495,9967.54496074298,8632.826791619946,14963.013600413458,0.0
2641.5473651362713,17976.606858349594,15335.059493213323,14790.668137567985,17432.215502704257,0.0
856.2052288502234,19501.566557450267,18645.361328600044,29514.95358777998,30371.158816630203,0.0
700.3771306072507,5093.535724592774,4393.158593985524,28485.231601770494,29185.608732377746,0.0
3086.1602136224737,12218.665302451196,9132.505088828722,21417.139721748023,24503.299935370494,0.0
3942.6899437596667,5370.011494972427,1427.32155121276,42339.151358441464,46281.84130220113,0.0
4624.481027622359,15869.115868646275,11244.634841023915,2747.67269343133,7372.153721053689,0.0
1459.6558007017554,18110.401387461538,16650.745586759782,14799.631257198347,16259.287057900103,0.0
34044.35482707532,34110.10196396094,65.74713688561314,3724.2369617500703,37768.5917888254,1.0
51.03240190878215,3498.1115860069026,3447.0791840981205,35431.02002175655,35482.05242366534,0.0
813.6637558762008,13080.426624367616,12266.762868491414,34630.672171255035,35444.33592713124,0.0
3244.901218851292,3016.209973343786,-228.6912455075062,47211.18372368934,50456.084942540634,0.0
195.45228094988147,6977.364180203785,6781.911899253903,31520.046301799975,31715.498582749857,0.0
1794.9761531761496,16135.605047572544,14340.628894396395,49298.715884275975,51093.69203745212,0.0
33612.62134523019,33623.74300273041,11.121657500218134,6454.905391663529,40067.52673689372,1.0
1312.2427560570552,6198.854656418064,4886.611900361009,18535.532851889202,19847.775607946256,0.0
16821.426171049436,16848.10654925866,26.680378209224727,874.5015650275367,17695.927736076974,1.0
462.18441269019314,17459.06975460686,16996.885341916666,32437.34686183271,32899.5312745229,0.0
1026.5297897039154,6160.531707637827,5134.0019179339115,9352.841801319017,10379.371591022933,0.0
1515.8178812510419,705.007878562243,-810.8100026887988,41031.36967095184,42547.187552202886,0.0
2890.84399266982,11650.661038062473,8759.817045392654,46673.63959737789,49564.48359004771,0.0
34832.62190322652,34845.80057008993,13.17866686340858,5026.493346222822,39859.11524944934,1.0
4137.82812806478,8368.639852584118,4230.811724519338,37748.93665745816,41886.76478552294,0.0
699.939218760098,17934.940954070105,17235.00173531001,38955.20936693233,39655.14858569243,0.0
29692.74463934409,29753.595873596627,60.851234252535505,308.6813254246101,30001.425964768703,1.0
677.218212835652,5157.480627870335,4480.262415034684,26617.38639773144,27294.60461056709,0.0
3263.747525573043,7419.4916068978355,4155.744081324792,808.4769977259875,4072.2245232990304,0.0
5003.940062327755,4079.802733425347,-924.1373289024082,629.6306333747392,5633.570695702494,0.0
3725.865221629178,14939.935663757213,11214.070442128035,21293.428044157186,25019.293265786364,0.0
725.5074589209543,1309.1978474431742,583.6903885222199,347.8793651645606,1073.386824085515,0.0
631.6318285385556,6154.754156560766,5523.12232802221,32741.56791970018,33373.19974823874,0.0
3911.002356289164,6772.418192197567,2861.415835908403,37896.8869803083,41807.889336597465,0.0
3952.985743076132,4822.122635042403,869.1368919662709,21991.036891662214,25944.022634738347,0.0
1463.1027719372985,1604.1983688623816,141.0955969250831,28867.086259818516,30330.189031755814,0.0
6705.692882415926,7000.672843272974,294.97996085704835,28023.674108675088,34729.36699109101,0.0
43206.64688179102,43235.90652615341,29.259644362391555,7867.9670906457595,51074.61397243678,1.0
2679.0781808479264,16313.236257115906,13634.15807626798,42647.80568368744,45326.88386453537,0.0
550.9901162779062,14518.685419793412,13967.695303515506,39537.405928873806,40088.39604515171,0.0
559.4004073248425,1619.1409519213341,1059.7405445964916,27280.42322135753,27839.823628682374,0.0
416.31378088851704,4347.622426233169,3931.3086453446517,1017.0415533800492,1433.3553342685664,0.0
7925.304426285942,13733.871829624493,5808.567403338551,10576.431293170685,18501.73571945663,0.0
293.2251024565573,5639.253850187168,5346.02874773061,4550.590344125849,4843.815446582406,0.0
519.8107824083489,9276.857737521757,8757.046955113408,16752.45854692412,17272.26932933247,0.0
316.5242220905221,16162.636403259818,15846.112181169296,46400.4370887277,46716.96131081822,0.0
1913.5130181441723,15297.928621150018,13384.415603005846,35651.41011445483,37564.923132599004,0.0
3263.510807413153,11518.909519215526,8255.398711802372,19379.083371841654,22642.594179254807,0.0
4553.5562998540945,7135.362153563602,2581.8058537095076,7454.487438412389,12008.043738266482,0.0
1085.219268692636,1374.7808737404816,289.56160504784566,43746.666217532445,44831.88548622508,0.0
16916.982548656677,16932.89930210466,15.916753447982046,5426.592821365677,22343.575370022354,1.0
3075.9984714558354,12860.071465338817,9784.07299388298,23403.04313977322,26479.041611229055,0.0
21297.76375255859,21383.20604859135,85.44229603276108,6168.383767842421,27466.14752040101,1.0
253.71467777865797,12289.947913351822,12036.233235573163,923.2952446617982,1177.0099224404562,0.0
28892.729041183105,28920.370095292474,27.64105410936827,6310.141935045312,35202.87097622842,1.0
2125.590188846286,7780.386640120718,5654.796451274432,21470.939342612666,23596.529531458953,0.0
734.2875743225572,16787.259173097882,16052.971598775324,41916.89102966926,42651.17860399182,0.0
1195.887247156446,18880.889348093784,17685.002100937338,14192.307417306827,15388.194664463274,0.0
47369.289953824584,47370.75280774509,1.4628539205077686,5213.947362629351,52583.23731645393,1.0
64.19149347206422,15767.010478022661,15702.818984550597,21642.555339783547,21706.74683325561,0.0
17620.63570381094,17642.97284759368,22.337143782737257,9489.4013128426,27110.037016653543,1.0
917.045598528608,12524.128574222865,11607.082975694257,27676.544267859164,28593.589866387774,0.0
7740.951837360713,10348.046899900955,2607.095062540242,16227.595301624986,23968.547138985698,0.0
1463.433865245362,6523.895595453439,5060.461730208077,20178.519622480067,21641.95348772543,0.0
139.20221304282558,1626.869841887351,1487.6676288445253,12641.689158258063,12780.891371300888,0.0
991.9819700467516,2389.8878778063995,1397.905907759648,33766.1763403583,34758.15831040505,0.0
870.9737450452532,664.8041732179805,-206.16957182727265,33260.20517405336,34131.17891909861,0.0
1672.2126480448017,4997.453484178147,3325.2408361333455,28438.455126143865,30110.667774188667,0.0
5113.259498215055,6167.537901477356,1054.2784032623013,42932.478945131545,48045.7384433466,0.0
2457.070082186601,1678.512626340999,-778.5574558456021,8142.328763954737,10599.39884614134,0.0
847.284488332029,6641.197935449183,5793.913447117155,1381.4877904207544,2228.7722787527837,0.0
7527.234320704678,7695.845782017868,168.61146131319038,15774.460324111194,23301.69464481587,0.0
51.49554798022746,8723.39604175537,8671.900493775142,12060.338731401149,12111.834279381375,0.0
712.109352557204,10403.999612065927,9691.890259508724,31869.542518664966,32581.65187122217,0.0
575.2493385924038,19918.146171708413,19342.89683311601,9357.251573111309,9932.500911703713,0.0
762.2924628614342,2122.8497910574097,1360.5573281959755,20144.47894783154,20906.771410692974,0.0
618.2975528310521,16646.844072597916,16028.546519766864,7159.875194012106,7778.172746843158,0.0
1919.9938907486237,11625.947390179826,9705.953499431203,28250.88844530553,30170.882336054154,0.0
389.9621981172876,11014.27898548263,10624.316787365342,41582.002008466545,41971.964206583834,0.0
3046.7781340373303,13871.398992081278,10824.620858043949,826.8562280335401,3873.6343620708703,0.0
5696.633113701358,6603.9944166808355,907.3613029794778,35835.68048009634,41532.31359379769,0.0
1084.9598989263113,14850.740142780187,13765.780243853875,12555.614340950306,13640.574239876616,0.0
474.2971877827222,4472.489168914499,3998.1919811317766,29662.973508768864,30137.270696551586,0.0
52.30175993762529,13406.276088192608,13353.974328254983,23213.321014296984,23265.62277423461,0.0
4901.902097005666,8202.310275706133,3300.408178700467,18191.25203988603,23093.154136891695,0.0
1086.351493256763,4687.334939870483,3600.98344661372,22560.270410619825,23646.62190387659,0.0
1927.8728380443763,4153.262430872383,2225.389592828007,41602.0369609388,43529.90979898318,0.0
1696.2006741298403,11270.591262382304,9574.390588252463,29790.376619498482,31486.57729362832,0.0
2048.7102290722487,17355.858250290756,15307.148021218507,25126.48133508278,27175.19156415503,0.0
2129.429018240246,16412.653294890333,14283.224276650088,26605.993010235325,28735.422028475572,0.0
1240.8924793377714,16151.796760968286,14910.904281630514,40541.02689190756,41781.919371245334,0.0
2649.6555499058027,8942.974471874273,6293.31892196847,47830.02838836538,50479.683938271184,0.0
1780.534544578956,14975.049787907625,13194.51524332867,48476.627076751,50257.16162132996,0.0
2210.5279103100443,9669.857163910709,7459.329253600665,28333.37268750823,30543.900597818272,0.0
410.9340907290141,8076.35738611782,7665.423295388806,10996.227401968712,11407.161492697725,0.0
170.51749093933654,9998.109614309771,9827.592123370434,7997.040118346433,8167.557609285769,0.0
263.5227561877133,9964.225494121152,9700.70273793344,27228.604574441713,27492.127330629428,0.0
1255.840591322481,5668.180903740676,4412.340312418195,27873.727448782687,29129.56804010517,0.0
23905.33929072216,23983.20450582965,77.86521510748935,3449.8284569587836,27355.167747680945,1.0
1325.3251293372289,15320.680585161892,13995.355455824663,45138.80238822725,46464.12751756448,0.0
301.8411732845283,11374.929478116328,11073.0883048318,33454.00084311416,33755.84201639869,0.0
2372.534021514961,2705.4449187645378,332.9108972495769,23824.160392763522,26196.694414278485,0.0
472.251301294582,17126.989985483553,16654.73868418897,48297.51025562867,48769.76155692326,0.0
871.5952714673983,4778.093089326802,3906.4978178594038,18673.2108396361,19544.8061111035,0.0
1436.4903156005691,13884.148828284251,12447.658512683682,3098.7517994759683,4535.242115076538,0.0
23402.319861432363,23476.73847215552,74.41861072315805,9868.768469417206,33271.08833084957,1.0
1745.4988597001666,6845.656473310853,5100.157613610686,10281.473776614064,12026.97263631423,0.0
3080.3052694861854,19141.61114710841,16061.305877622226,45690.73991681063,48771.04518629681,0.0
3652.668632221283,18473.670054307397,14821.001422086114,3122.4677833390892,6775.136415560372,0.0
6007.992011721863,12388.79721137766,6380.805199655797,31380.993699135295,37388.98571085716,0.0
1898.3489611044638,2165.465414761173,267.1164536567094,33533.16580010497,35431.51476120944,0.0
280.15785172069025,3639.1964179038077,3359.0385661831174,22467.56583647731,22747.723688198002,0.0
10.0,8551.768196989658,8541.768196989658,48382.35463664043,48392.35463664043,0.0
2636.5317419676026,14801.336062030661,12164.804320063058,18018.906077828477,20655.43781979608,0.0
1880.9841419651862,13149.317590468607,11268.333448503421,39196.26395709438,41077.248099059565,0.0
2603.4602029028783,8874.2339930347,6270.773790131822,13784.294845135015,16387.755048037892,0.0
542.4191833743239,16688.95624474236,16146.537061368035,46086.37102655329,46628.79020992762,0.0
2046.7231049227057,1602.055970536768,-444.66713438593774,29624.32023159625,31671.043336518956,0.0
1691.5634424028392,12752.768792214165,11061.205349811326,28240.915698009856,29932.479140412695,0.0
85.13223883270871,9614.053041234545,9528.920802401837,23512.44928299881,23597.58152183152,0.0
4299.123176140646,19911.930409297787,15612.807233157142,49478.24041189034,53777.36358803099,0.0
3727.00098370406,9273.299231167355,5546.298247463295,24053.35954237368,27780.36052607774,0.0
468.4871978007232,14569.47970694676,14100.992509146037,34467.00578163022,34935.49297943094,0.0
2148.533138769752,10003.808754464275,7855.275615694523,17338.003596003433,19486.536734773184,0.0
2570.681451978797,1858.09442109118,-712.5870308876172,8622.59199382327,11193.273445802066,0.0
1400.0103694286609,9256.236327214252,7856.225957785591,37415.94005612454,38815.9504255532,0.0
896.9658329129896,17757.798828671544,16860.832995758556,10213.237916650269,11110.203749563258,0.0
1734.9239341762886,6750.982875038028,5016.05894086174,34492.064171798214,36226.9881059745,0.0
4548.194698214505,1743.9938469451583,-2804.2008512693465,38132.67449557422,42680.86919378872,0.0
2163.5944408258483,15500.38590521094,13336.791464385093,40874.04675450701,43037.641195332864,0.0
10.0,14893.939719412949,14883.939719412949,5630.3574519655895,5640.3574519655895,0.0
90.13252232001011,11208.308297208298,11118.175774888288,15203.51423901285,15293.646761332859,0.0
2874.827431719558,5430.32931346064,2555.5018817410823,29378.088607489917,32252.916039209475,0.0
1339.5554725203249,10158.694115211221,8819.138642690896,38303.99995591106,39643.555428431384,0.0
2337.9219498019843,17007.809288075354,14669.88733827337,12494.659743368236,14832.581693170221,0.0
308.2659445348505,17267.162561534875,16958.896617000024,13287.31880933307,13595.58475386792,0.0
352.588429366823,13034.159562858595,12681.571133491772,15271.584634151613,15624.173063518436,0.0
816.775901142068,4117.756517525524,3300.980616383456,24747.60668524958,25564.382586391646,0.0
837.5037757831614,2509.3130219041623,1671.8092461210008,25126.58421285375,25964.08798863691,0.0
1110.5423226333914,7219.633616675949,6109.091294042558,23761.37335008701,24871.915672720403,0.0
362.4437948503873,16164.439183601653,15801.995388751266,46221.50458921312,46583.9483840635,0.0
486.78992399666134,11129.126550767858,10642.336626771197,49836.68851471908,50323.47843871574,0.0
39846.25960224464,39866.03636500639,19.776762761750433,8514.263944150061,48360.5235463947,1.0
20497.106057794354,20500.897752201716,3.791694407362229,459.2005609126304,20956.306618706985,1.0
3642.2320747002173,17528.459955487615,13886.227880787397,23562.535831176407,27204.767905876623,0.0
459.1776563216667,8432.088097154101,7972.910440832435,14029.510798718447,14488.688455040114,0.0
857.9749268688033,857.9366253932649,-0.03830147553844654,44404.01911294026,45261.99403980906,0.0
170.24171938970315,2181.858840427316,2011.6171210376128,48730.46054316208,48900.702262551786,0.0
2106.212651071003,14732.837795220157,12626.625144149155,18840.980307398542,20947.192958469546,0.0
335.3295055413596,19689.744547347025,19354.415041805667,36369.864692297575,36705.19419783894,0.0
44423.36208135516,44466.96700341735,43.60492206218623,3948.5367440367836,48371.898825391945,1.0
4102.31520740062,2537.3661767021827,-1564.9490306984376,2160.684977499916,6263.000184900537,0.0
6513.795391693862,19275.97463303529,12762.179241341428,47343.36987479824,53857.165266492106,0.0
1019.3722658290696,18183.8982581268,17164.52599229773,30685.609092711402,31704.98135854047,0.0
2348.0771842829477,7948.610886527446,5600.533702244498,5610.068338282143,7958.14552256509,0.0
3643.16461721973,15484.21088678622,11841.04626956649,6661.337399217665,10304.502016437395,0.0
284.7770118493228,8093.976261514628,7809.199249665306,15896.966485341141,16181.743497190464,0.0
2548.6760811956506,16436.555745256694,13887.879664061044,49212.48832456452,51761.164405760166,0.0
3748.296255962151,15735.167624410999,11986.871368448847,37882.88083014862,41631.17708611077,0.0
46653.1603951437,46745.429893539134,92.26949839543522,7194.894502594087,53848.054897737784,1.0
679.2012092240152,18023.459101871515,17344.2578926475,48886.17559363218,49565.3768028562,0.0
497.20819000734,1286.4381405045033,789.2299504971633,30789.62760506927,31286.835795076608,0.0
43714.00959172725,43740.50268034949,26.493088622242794,4303.9261801607545,48017.935771888006,1.0
114.42264109641366,1551.6853653969886,1437.262724300575,32690.232969216533,32804.65561031295,0.0
2096.840099772192,13937.62708899307,11840.786989220876,44415.38737188527,46512.22747165746,0.0
117.49405364967492,7239.5932935653955,7122.09923991572,46929.442908864825,47046.9369625145,0.0
541.5890575135999,11785.751289019985,11244.162231506385,22219.69094578849,22761.28000330209,0.0
532.0169318002256,12500.314716830177,11968.29778502995,42945.61630478207,43477.63323658229,0.0
1029.688238560299,2909.6635666900647,1879.9753281297658,36503.758330166456,37533.44656872676,0.0
2053.43655321216,2652.6875678737088,599.2510146615487,11238.011882940973,13291.448436153132,0.0
529.8287336130884,5674.7097958467075,5144.881062233619,5669.916367245437,6199.745100858525,0.0
2288.282702040703,18186.21760954575,15897.934907505049,5809.038750594547,8097.32145263525,0.0
1640.3648480762213,15362.656468284602,13722.29162020838,48289.57650534838,49929.9413534246,0.0
15198.667148435758,15214.082753398292,15.415604962534417,928.9971449411938,16127.66429337695,1.0
677.6969854692375,11768.603088097727,11090.906102628489,37659.98509571147,38337.682081180705,0.0
894.0575837911874,8798.339615085992,7904.282031294804,4983.057636562432,5877.115220353619,0.0
2504.1349457440524,7835.714141007632,5331.579195263579,47712.9220757655,50217.05702150955,0.0
409.9447521679775,17441.621368447497,17031.67661627952,44911.4596581415,45321.40441030948,0.0
1637.6896911154145,14319.196039327386,12681.506348211971,26821.477294917888,28459.166986033302,0.0
510.6025502817646,10984.996507523943,10474.393957242179,27860.952246502195,28371.55479678396,0.0
1549.414276276521,16911.501465277397,15362.087189000877,34498.45060708625,36047.86488336277,0.0
1374.185025841579,15055.816512713724,13681.631486872144,39757.036125576116,41131.221151417696,0.0
34263.086587948696,34278.543803096174,15.457215147478564,2694.384907480917,36957.471495429614,1.0
28446.478995329355,28470.231299514162,23.752304184807144,8266.863036714514,36713.34203204387,1.0
4090.7610665774446,17315.530870574767,13224.769803997322,2021.9415606330672,6112.702627210512,0.0
40348.09491720289,40430.15747650961,82.06255930671614,6971.41350492399,47319.508422126884,1.0
114.70926201078474,2143.275904024928,2028.5666420141433,23394.626406601248,23509.33566861203,0.0
1247.597339933238,12063.202581232132,10815.605241298894,40699.19872866543,41946.79606859867,0.0
705.6242294367189,12819.609451228729,12113.98522179201,39827.42770232492,40533.05193176164,0.0
165.50137469559496,5413.965322059398,5248.4639473638035,6536.736972892499,6702.238347588093,0.0
1323.5957691187339,11076.537923713555,9752.94215459482,15302.959910808795,16626.55567992753,0.0
6652.833904337432,13186.827203416016,6533.993299078585,12016.144037241533,18668.977941578964,0.0
132.29316618459816,8006.695091432364,7874.4019252477665,6224.94491339739,6357.238079581988,0.0
490.95061726068593,8217.024182023411,7726.073564762725,25004.61678911166,25495.567406372345,0.0
722.7294118822197,16637.83374087369,15915.104328991472,24672.21396413693,25394.94337601915,0.0
48532.58982266351,48632.26608116215,99.67625849864271,6349.950702209236,54882.54052487275,1.0
1975.0658152562307,16722.860062917018,14747.794247660788,35882.27931713713,37857.34513239336,0.0
797.44364405191,18758.874877587215,17961.431233535306,13660.175302511623,14457.618946563533,0.0
1556.9962540396327,976.3242173423478,-580.672036697285,7414.126894795797,8971.12314883543,0.0
381.17004673331513,11328.268593899536,10947.09854716622,26705.084504293274,27086.254551026588,0.0
1338.291248222336,11660.146119786492,10321.854871564155,41956.08015530824,43294.371403530575,0.0
4124.923775796897,805.0442584949656,-3319.879517301931,3057.3090523843107,7182.232828181208,0.0
36658.49205849088,36713.123015628815,54.630957137931546,9370.546335657753,46029.038394148636,1.0
29.302952531337564,5943.044180098259,5913.741227566921,11551.806897352973,11581.109849884311,0.0
2487.665563369364,11204.184227737083,8716.518664367719,14636.221891988593,17123.887455357955,0.0
1162.3629435751607,8742.389083319802,7580.026139744641,25325.060051846267,26487.422995421428,0.0
784.8583818863757,4299.3895872796,3514.5312053932244,8276.764634693302,9061.623016579677,0.0
40714.50891991592,40755.233561642126,40.724641726206755,2057.0429497656983,42771.551869681614,1.0
213.99380287189865,16135.883284829715,15921.889481957816,39427.592100412825,39641.58590328472,0.0
3030.1895686529087,2444.660975140675,-585.5285935122338,10486.949696928294,13517.139265581201,0.0
934.6043749502771,4609.880438883171,3675.2760639328944,3292.1082254327325,4226.71260038301,0.0
3181.6603254435922,3994.0036551937906,812.3433297501983,3594.9709328748027,6776.631258318395,0.0
740.75860310872,5040.741859083838,4299.983255975118,36956.23335682731,37696.99195993603,0.0
768.6810430390688,14539.937651235203,13771.256608196134,41556.36083588729,42325.04187892636,0.0
1516.7463940666266,11683.241906236712,10166.495512170084,6406.752012526201,7923.498406592827,0.0
1514.039275026645,1910.966525955869,396.9272509292239,29576.43986776865,31090.479142795295,0.0
15171.58886620626,15263.461241139643,91.87237493338216,3540.0494318124265,18711.638298018686,1.0
1766.7202081332096,11461.162211152976,9694.442003019767,13803.756803470518,15570.477011603727,0.0
1231.1314431146945,6826.545458383791,5595.414015269096,18807.36550052451,20038.496943639202,0.0
1284.1851772313098,3251.9593068367762,1967.7741296054664,16360.001101946458,17644.186279177768,0.0
1103.7490078456422,7877.15433972256,6773.405331876917,49315.842113600644,50419.59112144628,0.0
335.63578022459694,9258.389953278145,8922.754173053549,30642.738698168192,30978.37447839279,0.0
1737.2290472451452,17491.005050635507,15753.776003390361,15026.3378619248,16763.566909169946,0.0
1039.481695232684,5217.162565539277,4177.6808703065935,19826.961378224205,20866.44307345689,0.0
598.7311649906385,16122.844314258835,15524.113149268196,35628.897162363035,36227.628327353676,0.0
2058.8912594014855,2234.1256937229655,175.23443432147997,30351.432719227334,32410.323978628818,0.0
2054.62138713541,6437.563274903593,4382.941887768184,26063.387691203287,28118.009078338695,0.0
1136.8487136501378,11902.757762577441,10765.909048927304,23082.959038070767,24219.807751720906,0.0
2010.8124494348033,15288.503046003398,13277.690596568595,33582.14607274726,35592.95852218206,0.0
3456.231322288964,17999.671476524385,14543.44015423542,17820.892757889378,21277.124080178342,0.0
2212.5976889339727,18404.766590003208,16192.168901069235,19525.784884219698,21738.38257315367,0.0
1599.3798143798408,12663.55771769163,11064.17790331179,19708.52272917531,21307.902543555152,0.0
1064.15870830521,11599.52603102384,10535.36732271863,27084.341201686417,28148.499909991628,0.0
41906.408584924255,41918.1127331931,11.70414826884371,202.49379790092115,42108.902382825174,1.0
2206.522950142138,3047.3704403685147,840.8474902263765,27351.40732122239,29557.930271364527,0.0
1463.910243169651,13723.388779964605,12259.478536794955,30753.667000925532,32217.577244095184,0.0
7958.152357683365,19694.278586873806,11736.126229190442,28258.66281119687,36216.81516888024,0.0
41868.69780480684,41878.26416344872,9.56635864188138,6905.066320111359,48773.7641249182,1.0
3254.0100623134317,16502.510426912337,13248.500364598905,29075.415481203614,32329.425543517045,0.0
659.6056802684984,14874.082072154462,14214.476391885964,7406.696100819155,8066.301781087654,0.0
4346.305191012331,16303.441814676824,11957.136623664494,12675.309446250732,17021.614637263065,0.0
3283.959576736265,13703.328803281065,10419.3692265448,28935.03238461212,32218.991961348387,0.0
25986.94139902309,26078.623728225433,91.68232920234368,2119.5909025797355,28106.532301602827,1.0
649.7468397902603,11581.238017240983,10931.491177450724,11773.570850543858,12423.31769033412,0.0
662.1669336792589,5146.648575785286,4484.481642106027,38843.016344914075,39505.18327859334,0.0
4369.052016892125,3521.36481408975,-847.6872028023749,42117.839385919106,46486.891402811234,0.0
105.31233795075002,9793.07489981036,9687.76256185961,18062.13970205052,18167.45204000127,0.0
2303.204305416183,16175.751820337442,13872.547514921258,3767.2058786575367,6070.41018407372,0.0
970.0774549106357,6801.331736948637,5831.254282038001,20411.0911294116,21381.168584322237,0.0
54.9397157688802,9237.667002019993,9182.727286251113,5011.593908814305,5066.533624583185,0.0
2432.4812234013766,11631.651757435851,9199.170534034474,20852.436416045046,23284.917639446423,0.0
398.30565077570003,3083.177798667568,2684.872147891868,33520.775732947826,33919.081383723526,0.0
221.70710161909227,13228.19841365587,13006.491312036776,15001.524029774831,15223.231131393924,0.0
378.7500529261165,2967.6335683293564,2588.88351540324,45432.77806701798,45811.528119944094,0.0
40.686758809052854,18952.1576135601,18911.470854751045,6321.311357751402,6361.998116560455,0.0
2001.4725758628117,4006.05736315397,2004.5847872911584,15421.054441434002,17422.527017296812,0.0
1614.8424097722457,18209.697116081807,16594.85470630956,27194.92103565738,28809.763445429624,0.0
192.10146921330644,13846.489540851495,13654.388071638188,17972.251309111958,18164.352778325265,0.0
3245.4851544975877,10963.8464306436,7718.361276146012,187.25473556424066,3432.739890061828,0.0
328.44198244993356,16127.627812718229,15799.185830268296,224.08466627644174,552.5266487263752,0.0
2001.0074954635427,1286.5101166998134,-714.4973787637293,30805.540020786055,32806.5475162496,0.0
261.35177427817854,8587.348149334877,8325.996375056699,20319.992642724872,20581.34441700305,0.0
1464.1161096031872,4422.9170296331495,2958.800920029962,15417.753531615514,16881.869641218702,0.0
1047.6464725813394,17587.70079621678,16540.054323635442,8058.184394808054,9105.830867389393,0.0
11432.187828881817,11437.285232460983,5.097403579165984,9453.581344565326,20885.769173447145,1.0
2701.1136926222084,8245.144283184012,5544.030590561804,13935.367281035433,16636.480973657643,0.0
339.6951279419145,18078.974096464608,17739.278968522693,9126.577550433696,9466.272678375612,0.0
705.7899294904256,17139.05357206044,16433.26364257001,2100.288370940595,2806.0783004310206,0.0
632.4271820651319,13874.58736418606,13242.160182120928,27211.837880520874,27844.265062586004,0.0
998.7953694333348,18620.589016358896,17621.793646925562,10543.892030367608,11542.687399800943,0.0
293.38322523065466,8500.92257651691,8207.539351286256,33188.336806085,33481.72003131565,0.0
5409.511208808631,7516.585562413046,2107.0743536044156,42317.43899332116,47726.95020212979,0.0
2444.6865612079687,2511.361837128041,66.67527592007218,93.63719595842923,2538.323757166398,0.0
6741.260684922345,3741.9789418191626,-2999.281743103182,32962.226852543594,39703.48753746594,0.0
2051.6782380760524,5442.414028623817,3390.7357905477647,13273.661249882445,15325.339487958498,0.0
324.8435798408323,7818.766242573769,7493.922662732936,290.1884421470546,615.032021987887,0.0
1478.7030987775222,4178.328805269459,2699.6257064919364,34148.22093443436,35626.92403321188,0.0
3197.1309528955508,10799.465567748834,7602.334614853283,15723.831793325528,18920.962746221077,0.0
1996.956000451087,9661.18426824929,7664.228267798203,18590.149563726787,20587.105564177873,0.0
566.912346182991,18087.364102838714,17520.451756655722,13053.33999476646,13620.252340949452,0.0
776.2427370931114,9306.96041261734,8530.717675524229,46662.93337904269,47439.1761161358,0.0
1647.526970233589,8198.742016125994,6551.215045892405,17885.838247121377,19533.365217354967,0.0
6155.1248255760465,8704.362970088028,2549.238144511982,10700.35565869371,16855.480484269756,0.0
1436.940843868071,10644.494537510254,9207.553693642183,39649.68256962557,41086.62341349364,0.0
1331.0659484463183,17067.203412157935,15736.137463711617,2510.6560728786367,3841.7220213249548,0.0
370.0946881311618,5728.792977432457,5358.698289301295,9685.0146392851,10055.109327416261,0.0
986.8946593832437,17986.55772320102,16999.663063817774,47744.4855004629,48731.38015984614,0.0
42247.739861878465,42306.5372867155,58.7974248370374,1725.857940492721,43973.59780237119,1.0
3330.732083323666,6673.747479134551,3343.0153958108854,47682.82254816356,51013.554631487226,0.0
1800.7976277591195,1018.8631385148406,-781.9344892442789,44572.69365723747,46373.49128499659,0.0
2791.8643706313087,5813.110088645372,3021.2457180140636,38219.96012812871,41011.82449876002,0.0
639.4201891424889,1808.327786282635,1168.9075971401462,9445.69282168477,10085.11301082726,0.0
431.0033200163549,18770.51045121956,18339.507131203205,27775.933335129786,28206.936655146143,0.0
3249.366039930847,7624.65341023773,4375.2873703068835,27775.44891977416,31024.814959705007,0.0
1307.6176975600254,2398.846217606082,1091.2285200460567,10223.336009878774,11530.953707438799,0.0
3063.026749787975,8724.597717754456,5661.570967966481,6080.907840982469,9143.934590770445,0.0
419.4573499266711,13012.67634814917,12593.218998222499,10857.766674553248,11277.22402447992,0.0
3577.4925483858347,7592.647662145842,4015.1551137600077,34457.861586225416,38035.35413461125,0.0
5719.7583247040875,2207.703978231645,-3512.0543464724424,12932.01183186608,18651.77015657017,0.0
553.7540908758062,5873.55213802898,5319.798047153174,6811.682577286282,7365.436668162089,0.0
2165.6980352570067,14919.75575074021,12754.057715483204,36298.438966417365,38464.137001674375,0.0
608.3386040111758,19069.071528065313,18460.732924054137,22406.434973257976,23014.773577269152,0.0
317.9040313356503,14961.937463043607,14644.033431707956,37500.75896143476,37818.66299277041,0.0
2460.8738012049084,896.6510967024642,-1564.2227045024442,49162.07182361993,51622.94562482484,0.0
159.95324947914415,10807.391928030125,10647.438678550981,44066.244473247585,44226.19772272673,0.0
1081.1295480667795,7858.295305991077,6777.165757924297,19081.052208830195,20162.181756896975,0.0
1500.2865006987806,691.637275110863,-808.6492255879176,35695.72920418171,37196.01570488049,0.0
1478.424881867746,1360.8384607053813,-117.58642116236479,43193.337799410416,44671.76268127816,0.0
88.11300010484456,14349.745167581554,14261.63216747671,28970.281554332734,29058.39455443758,0.0
1043.7412495474923,19726.835657327858,18683.094407780365,3165.962348616047,4209.70359816354,0.0
4227.002447873579,10084.527403720618,5857.52495584704,15430.38408177183,19657.38652964541,0.0
1662.9372609793338,16621.1891437275,14958.251882748167,20354.597807900987,22017.535068880323,0.0
216.30599533054922,928.6453887876469,712.3393934570977,33565.17565467582,33781.48165000637,0.0
40922.3882656754,40953.07207874566,30.68381307025993,5256.319145995039,46178.70741167044,1.0
37798.440410007104,37803.78207720056,5.341667193453759,9145.287636368637,46943.72804637574,1.0
680.4939297972234,4602.255589831798,3921.7616600345746,28114.12513837614,28794.619068173364,0.0
365.10765160963274,981.59730487917,616.4896532695373,47035.85398195542,47400.96163356505,0.0
3443.6159270820062,18288.06061723975,14844.444690157743,29867.465048892656,33311.08097597466,0.0
3961.213086672902,814.4306042581904,-3146.782482414712,23193.26107144238,27154.47415811528,0.0
1080.5466418373426,11404.753569484934,10324.206927647592,49675.078019785404,50755.62466162274,0.0
721.7414841186984,8513.731856700113,7791.990372581415,25323.055938353995,26044.797422472693,0.0
602.8497418291304,16149.934588956745,15547.084847127615,21711.834830569787,22314.684572398917,0.0
7939.082624648624,4003.356136083284,-3935.72648856534,11356.31827959328,19295.400904241906,0.0
540.7952756893025,6065.403160905411,5524.607885216108,35345.550754949516,35886.346030638815,0.0
30769.619492336074,30849.874322675532,80.25483033945784,6468.602240172217,37238.22173250829,1.0
672.9383148411174,15665.694246321966,14992.755931480848,21197.808973163097,21870.747288004215,0.0
1018.4382219394244,11924.32948529447,10905.891263355044,8491.971665062398,9510.409887001822,0.0
843.0599798391506,11346.60968350257,10503.549703663419,38412.38888231582,39255.44886215497,0.0
12474.509985733339,12542.732912490997,68.22292675765857,457.7633942872561,12932.273380020595,1.0
15478.076175882341,15526.008703659492,47.932527777151336,1437.851730161922,16915.927906044264,1.0
15558.705073976114,15562.440237457695,3.7351634815804573,2513.7400729041383,18072.44514688025,1.0
2988.0051871967444,9380.200652334846,6392.195465138102,47476.87185568259,50464.877042879336,0.0
